customer_id,snapshot_date,prediction_id,churn_probability,predicted_churn,model_version
C0001,2026-08-31,40b27b084554ef9c94bc43ba3827de0b9d43f91f55864d2f5b34fac9f7e2915f,0.1240960111010051,0,1.0.0
C0002,2026-08-31,858ad2e7ab5eca7d0919ae38bb880cfdce7b004d706d9609d738816ff072abdc,0.27068532942388557,0,1.0.0
C0003,2026-08-31,0146963f52b509c5021089ab35bffa994a7f2ad827037cd57e67c9b59887e803,0.14295918883261008,0,1.0.0
C0004,2026-08-31,8a5db468d4308906b0455f0aa4a2f028a4520c470ac752df4eb647a626bc48f7,0.874266576052764,1,1.0.0
C0005,2026-08-31,6f5b7b7be45d0ee73347ee784cee1b6fc0ff139e8cd80821d9cfa7860a64479d,0.38011065285162343,0,1.0.0
C0006,2026-08-31,1c1c069f6fc53ca86c899d523a38f1998e3e2c8ab0ec3f492bad73dfbecd506c,0.09537256178293994,0,1.0.0
C0007,2026-08-31,dbcad09b13ec3fd81464c7bc91b1b1f8d844c969e0c83372ee011f319e46b77b,0.08240527089137305,0,1.0.0
C0008,2026-08-31,0ea2fc6f241b9c912fc87ac64d2fff5ac397daad496e183d15657987dd30c7a3,0.3775862621000942,0,1.0.0
C0009,2026-08-31,388e16f9b50efc68bc0334ca402065eaf38b29c6b2eaa68eeff12f6c6471bc09,0.45265892330302604,0,1.0.0
C0010,2026-08-31,c349d6011163fcde01f1baed8be103e5a1267f88b7a0b95a52a707d73590a2ac,0.3456747691998204,0,1.0.0
C0011,2026-08-31,46667951b5f361c40bbd9f0d18d6680a15bb31e7ba4a75340405360c96fae1cd,0.8679677764762216,1,1.0.0
C0012,2026-08-31,033c5003ad1adacaee46aa020167d81daf7daa2ff643fa87c058e44d56e80142,0.07758258480372991,0,1.0.0
C0013,2026-08-31,78cc6f380adacd457363ce960963afe34237cc84c2eba59f907eaf012f078d65,0.2388836878918867,0,1.0.0
C0014,2026-08-31,4111e65a9b6cd504eaf679dd509e350b07ef888bdd60556c6631dce002590592,0.22676795379239045,0,1.0.0
C0015,2026-08-31,b9a32e93bdda562ac4f390ac75b8a94c8cd060b092bbb97c697effe6040224c5,0.4891177429188902,0,1.0.0
C0016,2026-08-31,5a51dea4e7940e5ab75626dc0953c70cb50be5f8a3ec0a51a777d59a1fc7d941,0.5014081325966765,0,1.0.0
C0017,2026-08-31,d5601a6d96cd5ccfcf98e7cd964acfcc54a635840706da4f09b1d83da7694b00,0.3494878989816715,0,1.0.0
C0018,2026-08-31,441dfa47446a8a8493a04829e34dfc9d0b53a3844722995a5cb93ea0aea13836,0.7022931678670643,1,1.0.0
C0019,2026-08-31,d88b6b4a318069ff2507b118e0811a99fbbb002f7d3c7d437089bc9b50792d77,0.0441891082744617,0,1.0.0
C0020,2026-08-31,c81daab86f49feb590659cdc5cc5f321a73ba8395b9ee99f6097d17e2a7bace3,0.13859948306888675,0,1.0.0
C0021,2026-08-31,cfe838bc838f2011317b8c9797ff8137f9b0e9d1e95809f403c49c91001294a5,0.3435542935131072,0,1.0.0
C0022,2026-08-31,49ae78709f249014e1e47b67e6ba200560fed9ac9b72e1ed46a602db610ce950,0.35588984083522646,0,1.0.0
C0023,2026-08-31,1b834639dc1e0f8319f8b8f6b3f80182de5eee2bff14e6e647c71b8682791c39,0.4159548943385974,0,1.0.0
C0024,2026-08-31,1100b7ecfe601b16ab6d42718990aa1e08ea7212babd6a13a02abb6645cad330,0.11062235171327464,0,1.0.0
C0025,2026-08-31,074a3168f3301c7db6a2a728b75198a8574fe0d7e39e74bcd981ee350245cd3b,0.08460044427097423,0,1.0.0
C0026,2026-08-31,e5779cad5a4c0a7e15dde52f82ea48f65e11a984cc4f4b3fb4a3192bcb651f09,0.20770010079746906,0,1.0.0
C0027,2026-08-31,7ead3ff74db6cdb8a2652700b593d4c0b4f1bf978c7ebb18ccad43e1ed99e090,0.21846654210780178,0,1.0.0
C0028,2026-08-31,26314cc8907133e61370553208919102ea736e8b29dac8b4c7227139337dbb6f,0.8462486471356259,1,1.0.0
C0029,2026-08-31,70099816eb7095e8e7d9fd9358ed23fba36f5db2182cf862d5b4f4b07dbaed81,0.6259313468197188,0,1.0.0
C0030,2026-08-31,8aa8f379cc1d29d2ac0711a534850aaa715695e0114d7930f6662ec8247928e4,0.530059694769086,0,1.0.0
C0031,2026-08-31,ba1af79d9b85460f4827925b371f58ec0488ec7052a8d809223cbb449185ff0c,0.1549703987899476,0,1.0.0
C0032,2026-08-31,ce094ff2ef5ba9f087676d5bccc64e7b648a12b323dc5439a8ba4847f0b1cfec,0.16886305063793333,0,1.0.0
C0033,2026-08-31,9f05b7eae840d9e2f33f36a8e510164215ee568a9eca48b6e879865f8fdb52cb,0.7042394592866849,1,1.0.0
C0034,2026-08-31,b609301614838bba37c224007ce9ed8f1e5661d5e8af14f19814995ca44899ed,0.5657866238236025,0,1.0.0
C0035,2026-08-31,10ea9307c0d5da8960d5575b5a67cc1823889e11f0eae0c187eb6d297ec578dc,0.3227408503232872,0,1.0.0
C0036,2026-08-31,4c5b299598088c6357263cee6d725c010c82e145d1162ec9dcb7466d8b7bd643,0.1597187577103205,0,1.0.0
C0037,2026-08-31,7b58c50a6583e0c55b6f694fa3b60d07052b6f601121948abf3da6b68d8b8f5d,0.7518079620585487,1,1.0.0
C0038,2026-08-31,c5d94610986c877d08736cb60f2d08527a9116b897c6e2be3be5f7880f279131,0.287238107763795,0,1.0.0
C0039,2026-08-31,6bbef97ffd91a7e9b224760a41f1fe05e364ba2ac57d3834499007a28ebfc405,0.13472535024929722,0,1.0.0
C0040,2026-08-31,1c1ffd46e0e6211fcf46acf3fce456f6968a049cc1a9ce04fbb907a6271c9113,0.14191116870701784,0,1.0.0
C0041,2026-08-31,282c83898c435357369bdad6c4dfd8f96e6d6fcef680666ac50353ee529a38d6,0.5972242530528024,0,1.0.0
C0042,2026-08-31,021af45d58aace2a24bb4c21cf9fa62e8f8017c4bbdff785f17ed07b339e99cb,0.16430768786001224,0,1.0.0
C0043,2026-08-31,7cbca7a1bc4e8aa418b26221d6babcc1962158fc18e9f5ac674e8d55f851e7f7,0.11201136904923882,0,1.0.0
C0044,2026-08-31,55df23546ceea97c73823a0cedc434383d833b0201e0300482096da0d996c513,0.6324367154342008,0,1.0.0
C0045,2026-08-31,29288a38f0748992c862e099b54912bf6d30eb79f31bd2b6db41780a1b99da8f,0.503571536996788,0,1.0.0
C0046,2026-08-31,84ef6a18be14a19858720d9e7a8138d54e6be612a40b530951bae701ba73ba8a,0.06308502081296961,0,1.0.0
C0047,2026-08-31,8069eed1ed1a1268b06ccbf609621f7c322928f475e4d2c06f33c5eab657fdb2,0.22760826937493708,0,1.0.0
C0048,2026-08-31,9ba598bb8bb9f018ad9951cc1fba7b94cbfe0a11307a1af94770caac926386ed,0.4746015070730374,0,1.0.0
C0049,2026-08-31,63feb574d79ed3907a829bf60d0220e8ae6ad3c83d447fc5790b831694f13385,0.6361407952510967,0,1.0.0
C0050,2026-08-31,407aca4036d3f47e926996dba791ca046354a4869938173a9ee325c5094d134c,0.715667955441458,1,1.0.0
C0051,2026-08-31,788889123240540c3e433bf5986b446fb22ef836d52cd704632342b015b48cc0,0.885456683722577,1,1.0.0
C0052,2026-08-31,e266cece5f53a239b95902d5ecb4d65e4ffb8473b44f21241ffe1695bc15b042,0.3883845050714386,0,1.0.0
C0053,2026-08-31,3757a0868bcfe576c6faa4b8df5f451ce86eb9f06b0eb98c1a20678156da5980,0.17119184387033695,0,1.0.0
C0054,2026-08-31,2294e5dc717f7a1f818a9735113a69689f6719b68f5772e2b45c96d0540f2b22,0.17787770925141091,0,1.0.0
C0055,2026-08-31,40cd66f64e868b0d716a9143c4dd333fc90cf4a5039f5522db8aa571261afbb3,0.2849328077980935,0,1.0.0
C0056,2026-08-31,e401a66b794369b7d349e734c0d392d2e27dcde042072d1ef80c69ce9944e5f6,0.17434487251820216,0,1.0.0
C0057,2026-08-31,0ae27f00147f6128a14b8262e2a5cd241664e719431ad779ed674a21330c7ca6,0.07947493156118883,0,1.0.0
C0058,2026-08-31,9953c9504e7331a6cbb82ac83b117843f75820b3ddf4b4398b824c9744f073f2,0.3088097652395084,0,1.0.0
C0059,2026-08-31,925cd1b8ddd6e8725c0b2f483e75aab93530c1e9cbe05419854d30ca8e2036f6,0.9590491794172591,1,1.0.0
C0060,2026-08-31,1c3375b8db31aff10b616017f03a04c6ecffaa6bafe16aeacf4544338da62338,0.11517428671926298,0,1.0.0
C0061,2026-08-31,9cbb37a35074ac5996250a282a3b2fb875e3e498bb04ee8f4b027ef31104235d,0.12807531432737015,0,1.0.0
C0062,2026-08-31,0103569d95916cba072929babad83ea41e83aa1519db9087a9bb305e6acfd52f,0.25420516528051135,0,1.0.0
C0063,2026-08-31,564f7a276a9caef66b94ba8b8a0611f5eea51816db2dbecb85471960d8f41c61,0.058409064407494236,0,1.0.0
C0064,2026-08-31,56e5b4deedc8e9d38f088cf563da49744837b779c8c05dc2e3f40808255fac3e,0.5167548476354148,0,1.0.0
C0065,2026-08-31,170ff62af48f83442f05cca9d06e70d641d9f24b88999f8d8cdee62888edb0ad,0.14550896296061816,0,1.0.0
C0066,2026-08-31,088665851c260096c6e40aedb7fbbbfbea5d521de6d1273778012d2b742014cc,0.5980585583610716,0,1.0.0
C0067,2026-08-31,2e7d2a7cbdabc6546bb56e45a77437f0bf498087a72015a687b1b8131bfb7210,0.08171247550357022,0,1.0.0
C0068,2026-08-31,949792b5ba6f95dcdd90617310265fb3e0c451db7b8b305f774260a02ecc5133,0.5429822456418723,0,1.0.0
C0069,2026-08-31,f62f2684db1b26758e28353090efeaaee03a4cf47293cb78758d8b8b4e3de2e6,0.39937696025240876,0,1.0.0
C0070,2026-08-31,00185c47b059ba096561ec488af2036b3b74455d1d2e10bc03a90ee4fc5555b0,0.1463591707914985,0,1.0.0
C0071,2026-08-31,a2d294ccec8629e4c4bfb6880f8a992e354b66a6fd3212fb690fea4139e8b883,0.6675735783807016,0,1.0.0
C0072,2026-08-31,8e92bb0a6595fe27d9b8bef22a17f1ea3e2680ed5a9b199c613b193768d049b2,0.09987257829298415,0,1.0.0
C0073,2026-08-31,6c87188fc376deaf642decca75d0538a35c496f89a1ae3201a8a064d9ab8d52a,0.1586273294668554,0,1.0.0
C0074,2026-08-31,9916b9204f69339a21588e429a41bd004617ecac6f93296d736c309233a236ea,0.3022153752568555,0,1.0.0
C0075,2026-08-31,38d21ba703219ef5ca439ec679fa1f145c01a2150265f6c00803bc7b04cbfe75,0.2640296308678281,0,1.0.0
C0076,2026-08-31,8b2335884c1a6f5446f48d8562a0670a004087dbc247ae6b83990235db53eb29,0.2301060838819239,0,1.0.0
C0077,2026-08-31,6688f6b802c74bc323d3474bcf782611e4d2299a71834e57c08b9a5ca67d913a,0.5080611123186477,0,1.0.0
C0078,2026-08-31,0aec71886b30b6d39723b75c9d93743503d82490657e596a3f4cd608500af90e,0.47908396601262976,0,1.0.0
C0079,2026-08-31,bc777515cb1c37ed050f7ca830980c55354dab4db1006abc0be35a731555e6a6,0.24619289455615523,0,1.0.0
C0080,2026-08-31,7fd406592947f64460dac7113e29b123449562d84df05f8858f33983f8b280ef,0.1728308324828049,0,1.0.0
C0081,2026-08-31,daf8c7507bede400f2f0d360aa0b7e35cb76ee3370f11eb5ea54cb1370b44e3f,0.16847288465934745,0,1.0.0
C0082,2026-08-31,53ef8328a721d0ef797e5377d2dd9ee6044396e03b336ff29a24c6d3a7f88f86,0.5337072360929881,0,1.0.0
C0083,2026-08-31,d0765e1c24a6045d6c8d134278bd00b3d0596c0bd08bb2ee39ab60edfd2e2133,0.0876018147200695,0,1.0.0
C0084,2026-08-31,996d24c480a5ff0763af1abdf3c7cd3b4ddeae456789ac3d3a376eba40b73d8e,0.42414064319402867,0,1.0.0
C0085,2026-08-31,1d96e3e5f4b407ab1b7f19d4aaf613835e4a75dee85deea061d59be531a0a63b,0.7690264025764367,1,1.0.0
C0086,2026-08-31,2eaa11f6ab3df4773b484d8b479fafc0093faee4228a19d331c79faad5d56cd1,0.34762072150576306,0,1.0.0
C0087,2026-08-31,1c028a0beb06096502d30be67180e6bc609608b93169cb6a3b36a66fd16f6037,0.300540856567178,0,1.0.0
C0088,2026-08-31,fb7fe14828b52b6ff030a42086c5b4eaecb9bb60fb070ff5aee1fddd975caa7a,0.21626974134139093,0,1.0.0
C0089,2026-08-31,01d610512de71051d8df45cf42712a331dfd9d40acb40ad36052db0597b07d97,0.18445196495089536,0,1.0.0
C0090,2026-08-31,5ab55de016eed5e2659df5110f44d24bfcf018d116ec86cad4d57134e7d1bd8c,0.7108335573344396,1,1.0.0
C0091,2026-08-31,522ff3f028e57ba5105ce7dd125bac5d58b84a7e41cc101f31747f5ac71651c4,0.33056555897078743,0,1.0.0
C0092,2026-08-31,eaf28d7317f0b1a61f4f137375570505f008803c343adff6aaf37ca84099dd51,0.21873053461900427,0,1.0.0
C0093,2026-08-31,684ee730742a270d85c692f0eda42e0dd549134e0a760035bc13736b2ac06bee,0.14193492310989597,0,1.0.0
C0094,2026-08-31,7046c5123d2b1869108b56c3e358751facf003eefd4cdf38de63565359ff6f91,0.8797983083938983,1,1.0.0
C0095,2026-08-31,17142d871776ac754807eea05484dfbe4fd1bbd4efdd5a277843849667435d36,0.27505526895936666,0,1.0.0
C0096,2026-08-31,251fcac78fe018bea80029cadb611f3b5c2cf99b670ca7dd598755b26c0284c5,0.3066807042645456,0,1.0.0
C0097,2026-08-31,7e56b8c9e2c77c1c11236d7830d3abc737d61f66d4d17fa4fd06861c304175a8,0.5418851895040543,0,1.0.0
C0098,2026-08-31,e4c82ef140ca4213f5b4ff0b3adb2de9c1508cb7f485d0a97b76dbb4563a98c7,0.4314392939160774,0,1.0.0
C0099,2026-08-31,bd5e2144a41a0578eef5b002a5bef7520358aea905807dd331789ac650540208,0.3609878014857545,0,1.0.0
C0100,2026-08-31,fc385cee359925e83ee7286eb00af3bc3ac143888e33a80650e2e20e0ea25fa5,0.40207329086413973,0,1.0.0
C0101,2026-08-31,ec32f31851e9095ea594f2714c69700bbeb88464f19d092e9c9c84a1f50ce6e8,0.179605258239138,0,1.0.0
C0102,2026-08-31,0e6ae700c8d1f1278fc9e1e28c6ea034e9f510877c83689826e453be6e0997ea,0.23444387415128395,0,1.0.0
C0103,2026-08-31,92a10d03b178c7a8c46aa7d03bc55076f4d3fc64ba153f5e0038ab1290f16df0,0.1943051445622821,0,1.0.0
C0104,2026-08-31,431d9bfaf37ff0826b16bc713ea9acd565596e15f6d830de262fc1c701b3a164,0.22556244918957347,0,1.0.0
C0105,2026-08-31,71505c91e213a89dcfda4fc25678e96a1301de9b68831d32d375660ab76038d6,0.42223874517496396,0,1.0.0
C0106,2026-08-31,e5c1ed66e70a2bd3e0c7c17aefa847af7e7ccc154b59029610647ffd3010c387,0.6515267142050297,0,1.0.0
C0107,2026-08-31,3004ac16ef59e84b5f705ae3e2c1170638232cd3a811043317c7cd8bbeb3c2ee,0.1968924624214043,0,1.0.0
C0108,2026-08-31,2e47648babf66345df1f52b9bf3fc12f2911e53064fcc56df792e7948a3483fb,0.20827386226639547,0,1.0.0
C0109,2026-08-31,5fd788cbdde97f779c80abf1dca823a3f3eae261510e0e801ef6d714092e00d5,0.42502723965156336,0,1.0.0
C0110,2026-08-31,7c530ec8add0f22602ffdbf4d8be621912475eccb506ce1fcbbeb6c4251f5a4d,0.12374842835806076,0,1.0.0
C0111,2026-08-31,cae89f6f0be9a19992c5f2a3c2ba7ac86e5aea63b64f1bf29b453ee14d9d7c1d,0.14947771615848487,0,1.0.0
C0112,2026-08-31,dd60784943caa2d28c9330dcf1fc03a29a232b3ade5da062bf2e95f7e77c2f74,0.8029417730676791,1,1.0.0
C0113,2026-08-31,e130fdb2f949709ce4c7d61e199de3974080769b1fd773225a58d4eed157c667,0.3294303062602355,0,1.0.0
C0114,2026-08-31,3c2ea317d8ed3d88e8ac28dc9e382051bf03e4d66dc6033b23a199afee89cb4e,0.4766858286457618,0,1.0.0
C0115,2026-08-31,ce88db0fe92e22a6dc9b3d6d367b0f482469d147644ec48c8ecb7a4cf98a32bf,0.2572053923795354,0,1.0.0
C0116,2026-08-31,05e2c03e575e8b32434c821634242854d4549ee3f9462f8906473190cf6321f1,0.6578373927234569,0,1.0.0
C0117,2026-08-31,4715fae4df10b1302f36258c13534de5d660dccdb2682fc1923a5930330f57fb,0.7645275787330615,1,1.0.0
C0118,2026-08-31,f29432341599fb0fe784281ee00b761141fec463e4ad57a4b45c5b02891140a0,0.04520930456001452,0,1.0.0
C0119,2026-08-31,ab4a4d798be1c6471c95259bc8d0255a49a6601ff0701e3705dcaa952fb7f379,0.2291695562383792,0,1.0.0
C0120,2026-08-31,82b8b70a2a94692a3b0d0346625d977e29dfc5cf79236c7d594738c724bac110,0.7141392390895841,1,1.0.0
C0121,2026-08-31,6077867acdf063f2b1a66d7d2254a3d3ccfbf3fe26ae525978486619e9558fa1,0.39998808776901085,0,1.0.0
C0122,2026-08-31,c2c123b8e0e62227beea1c037f6c59c9b0d14f25505ff6e5ea5bf4aa8f6c98ad,0.129179927901832,0,1.0.0
C0123,2026-08-31,e949a9710881475642b5bbacce6bcac2972bb7fe542f503bc3ec376b1e1431e8,0.27458611161558755,0,1.0.0
C0124,2026-08-31,2f4d0a9fe39dc438ff00261d61dd5716b77b1695824d7e8ef67785fd9d85d0b8,0.18711262749562016,0,1.0.0
C0125,2026-08-31,b5b70f37e4a9f927aa87cb525b545521bb221bc742c9022403987d85d654d72b,0.1824408807716838,0,1.0.0
C0126,2026-08-31,79d4f48322997644a0e294b83e5146405a96c94ed395d4578c3ad4c7bd6ff9b3,0.11335846608591443,0,1.0.0
C0127,2026-08-31,9f20a9122cfc834237f4c4408ea3be397cfdfa22fb5c0b9b583c39c2306c6b9a,0.8490046351219406,1,1.0.0
C0128,2026-08-31,1b8774aeaeb26601a2902b012747cb7b0b7d1e6f982a701f2a57938d3da669ab,0.38732629088027887,0,1.0.0
C0129,2026-08-31,38a7fea0d13779f8d167e6c195e77a6b5adb86ce948f10705b24c59d78a4e69e,0.21242419403811136,0,1.0.0
C0130,2026-08-31,7efb9585089dbc670d72d3dd8baae738328d874dbbdeb0ef35022b692e7833a7,0.24360958359444548,0,1.0.0
C0131,2026-08-31,089383c54673fb3a435db4f620b52a17e7992b1878659a772b9297a22be8955e,0.34238239572299023,0,1.0.0
C0132,2026-08-31,b907735dea02fc0eed098b7b483b040b41a482b680d2b8fb01db075497f9ea0b,0.0429074180413919,0,1.0.0
C0133,2026-08-31,488d73d18a251f125b50c2daeb029c5bb57aeca54cbcde36431c93297794fed2,0.37902604429856906,0,1.0.0
C0134,2026-08-31,0dacf29bce39485a8823a3aec7dc0fa2768257913ee70da2f57a345da9242413,0.8507499189018567,1,1.0.0
C0135,2026-08-31,21b4e4e45133fbe12da1cc0c971261d13256c40f610d2dc7d5ff5d96c2198d06,0.4913218461864936,0,1.0.0
C0136,2026-08-31,1a9aca6c9c2459d0f176504bca3f878f91e0a40f4791f2cd5b17e7b3e1a572ee,0.32434347939494856,0,1.0.0
C0137,2026-08-31,c351adef6b3a5320294b076c65f7e331ca4ca60ce7feba40b2ea1f7b7c38eaaa,0.064895664950362,0,1.0.0
C0138,2026-08-31,d7825567c391149dff7d2400e717c7e9ad46962f5d0282d6ccdfb7a43f69cc66,0.5049324737798244,0,1.0.0
C0139,2026-08-31,41fdf7dfd83cd3b501fc633e835ee18eb56386968f88a42a57180c3394ec8496,0.2426329355105689,0,1.0.0
C0140,2026-08-31,33918b99b0999036b2f5ca9d09ce519e59ebcda5ada760e47565dda324716a11,0.2627416834747324,0,1.0.0
C0141,2026-08-31,3156f70b25cd387579d0cd514f03f0fd273246726714f37a98abcaac78a816c7,0.22265600207533076,0,1.0.0
C0142,2026-08-31,0b00ff340143c0c3eaa065afad5e2d3c61009724bc61c38d6d14844b8d837656,0.770377610745323,1,1.0.0
C0143,2026-08-31,2d8ff3c88e4f081613776aac7aa13a71d10bc773695157a9dcca30a96f7170fc,0.10967337642515251,0,1.0.0
C0144,2026-08-31,3f597509e53d09f4f0da5b0406a442efa18609de11f54b6398a52a056d35a137,0.36588251318188664,0,1.0.0
C0145,2026-08-31,2b7ba1ec86776631d300e2b803d3bf097ed523f676b616e4409fe478ff5809bb,0.24618492734160669,0,1.0.0
C0146,2026-08-31,e5d36dfe3a46d525e9c6a52a69fa504a216111c7de8d67ba6fb526cd5df3d520,0.30725594353585156,0,1.0.0
C0147,2026-08-31,f19bca66eade514979283f2dea1d46cb195420b95448cb8a0dfb0e2860e0d78e,0.30507662950768744,0,1.0.0
C0148,2026-08-31,ee33ed232fb36a5f4f29727e3dfe77f0f86c7c634eec51599c7ef8b204e2a06d,0.1605195315806346,0,1.0.0
C0149,2026-08-31,c7a7bed653611a276248447dcc8da148fd6045722b93349b17f8e10a334029bf,0.4077949877680194,0,1.0.0
C0150,2026-08-31,205f019b2bf5e64b707b8e351b2457598889fad699f1a19dd2014ce20e6a8fbc,0.43144340747583576,0,1.0.0
C0151,2026-08-31,59de78049cb97484560f9402620b97bfe0e9e1a7f6271ee638955916d419659c,0.15082772666727048,0,1.0.0
C0152,2026-08-31,c984b753e63a8b90150f4338eef79e4b636bf7b47bc1abd326719142f3e6e849,0.08054448450740716,0,1.0.0
C0153,2026-08-31,25a9d1d98a84b0a565df50c0ebf4a8aa1bf007d9ac1127ef0b082c0d0b4db22a,0.27496658453318007,0,1.0.0
C0154,2026-08-31,ad3c93a4fc58d82abea0af44a6f5dfa5f7263187609f08aa180a8f78cbc79968,0.11691159134731578,0,1.0.0
C0155,2026-08-31,f23147af68ca620bf38d8530b2296cf768dbbf0628fa1a0299a9a05c2ecb2f34,0.5617548704680039,0,1.0.0
C0156,2026-08-31,0b616831643464f96eec02f17fe2dfae7f09f525f6109c1b9e26152f1da1f3d1,0.3230664719795157,0,1.0.0
C0157,2026-08-31,1eb9833384d3c5e5053ac518963267be12aa5f086388fd5f64e59916c3dea9c5,0.7181000998550848,1,1.0.0
C0158,2026-08-31,de36fab4e17d66c899c8a2f0a3b587a24d375fd2fe242f2751bfbd4d4915537b,0.10896715350466808,0,1.0.0
C0159,2026-08-31,8472062e072efc8ed3c3a50ec257ac42843df2c0728239a81e43bd8c8878f8e4,0.2121290698660625,0,1.0.0
C0160,2026-08-31,7e355770be118fb5407502171006054aace4a75e5788e5927a834d6aba111a4e,0.6408492285511537,0,1.0.0
C0161,2026-08-31,1b87512f18318ba6d86eefbabe49f3700ddb387d269eedcb29c16af80f360d17,0.539615562522956,0,1.0.0
C0162,2026-08-31,20c253c07258b827ebb2d2c321268ec638902c35fbbb5c82bcc114e2c7c2e776,0.22414597644129575,0,1.0.0
C0163,2026-08-31,3ab3b6b88317281a67426e0129ffabe08055e79ce7d91e136c676e01d8861eb6,0.28158134644603405,0,1.0.0
C0164,2026-08-31,d9ba96b14ea2e9b7b6215772c840e0e343b5ac864658574ea5da7b1812fdb920,0.1938805176651821,0,1.0.0
C0165,2026-08-31,97ece5385a3630da4915e52b10b1dc7c5bccd62dbffecdb0c975279c368ef11c,0.16021737688464993,0,1.0.0
C0166,2026-08-31,379d3a08fc699cda81ff3df9bbfe8b5e0784d5b57c6ffc3a04164d658f652193,0.20792945172854377,0,1.0.0
C0167,2026-08-31,7fcb01511ea825682dc20e17780cae0d7aa820e89be8e1f5079066be0813e399,0.5895013107144036,0,1.0.0
C0168,2026-08-31,d663837796d2e891f51a4757e705ca249cc145d24cddd204f9a68f5450cb278a,0.12013213437356335,0,1.0.0
C0169,2026-08-31,36877f3c7b1a57de767ce92301ecd78c817cfa55be83b9c2e2491e6a8abf8893,0.8311881778095629,1,1.0.0
C0170,2026-08-31,fdc0dcce56184b8cea05f93a8fcc77fdf8ab090665eb20b4c6d1f3fa666251bb,0.3997552745544841,0,1.0.0
C0171,2026-08-31,50a400b5960682858fab1093dd86b21184cad8cc68c31f8397285e12b5995c1d,0.5609288344887278,0,1.0.0
C0172,2026-08-31,e94148acfa568f7b2f15c0c1f9e5bde36ea4e230436962ccff9a4c393c28368a,0.10907555777095782,0,1.0.0
C0173,2026-08-31,ff0d93acb4b454e66a05a45d36834a2f201bb200570315fa21f618f5a180d5e4,0.8896240395474504,1,1.0.0
C0174,2026-08-31,676d053a6e3d62e97c19c6c04efda09a785b9725b782e557b8473aac9d6222db,0.02487515714177785,0,1.0.0
C0175,2026-08-31,04cd7b43bbefdc5e2b29118f4a1e5053fcd3a7e05f2508cf9ef36db41b95561b,0.4365094408673462,0,1.0.0
C0176,2026-08-31,20009b87e162565883a414de59bb5ceaa8193960eef6b38339b1f493408a6eba,0.1529507954716391,0,1.0.0
C0177,2026-08-31,16f96ccb9bd5927434ee0f234b0cb65f2103cc09647ae4c4cbf547fe04f9584f,0.09286871816127555,0,1.0.0
C0178,2026-08-31,ddb8c21a85049283f2aeec0e2ebcb11269c6c053b7b759702f7b1d7a32ee9592,0.07031204553291927,0,1.0.0
C0179,2026-08-31,24e66b4975a7fbf35d1bf3cf5ce4d19ccb7d5cdad5e3d28f31456c1ed9b2ab8c,0.05877253415077137,0,1.0.0
C0180,2026-08-31,b01f76a687b160a8a48afad50a70dfa18e0857ce08bfbbdc326ae8d5ac38479a,0.5125308823623779,0,1.0.0
C0181,2026-08-31,f24fdb22634ac41f3a65dd9430fee76f91aab13fd9db009c863a1b082a6b4c26,0.09394036536600128,0,1.0.0
C0182,2026-08-31,4aa7842d72ee7ed1448cb1501d9ec47a902a23f7f59f8c7ff4051163c2652925,0.023666309058568962,0,1.0.0
C0183,2026-08-31,f7926c7a52865777f93fb8718668c527676f9b107a023acadbe3a45e4b296f6c,0.1921181495316064,0,1.0.0
C0184,2026-08-31,954ec7fb0bda036fa58eaebf54972d50fb60b8ce0a6221914e7990711210b178,0.6142018818198484,0,1.0.0
C0185,2026-08-31,92f007c10bf56ffbe85b8b8b666170e99877ce0875eddd96e2869a0a0005fc32,0.4148789486485069,0,1.0.0
C0186,2026-08-31,2011d0893cea40c5d3842a91527f6044a3eb16813f8eed9ab7c9c65e03b77816,0.7561312076885378,1,1.0.0
C0187,2026-08-31,c1a7c266c3868a25869eb6dbab2437b969c196e5c7aac4f8b6a702d8841e0c32,0.41331725326378704,0,1.0.0
C0188,2026-08-31,55132725e228b636d71f8918d2d6bfb8ff630d63e869fbe162dce8b6109eb531,0.6576924088769789,0,1.0.0
C0189,2026-08-31,5e49dc2db53d6d83a8662e8010a01494c2a34ed7a89e7ff3e2d8fe97f60e2453,0.44085040386975405,0,1.0.0
C0190,2026-08-31,9b8fe406246c3e15c6c801d6bf23cfd1e07d8b0ff664d89c3425426d97845037,0.8636322193419015,1,1.0.0
C0191,2026-08-31,ac5cec99d9dc5c38194320fd230b579f951c64aa8190a7331bc34e608f3d318b,0.027820147003932892,0,1.0.0
C0192,2026-08-31,78f12a0b40e78f507ab8a70740f2655eeaa28ef12198059fee339cc4b883ffcf,0.48916529216318094,0,1.0.0
C0193,2026-08-31,06d8792823cbe553cff6a70ac18a70b4d9bfc26ef1cdca899ef31087f3c19826,0.2390734032344226,0,1.0.0
C0194,2026-08-31,1529b6305278adfe609fc38dc308e7cbd1774f47311d3ef3c4e9d6eb13e35945,0.31284958386158157,0,1.0.0
C0195,2026-08-31,70b66ba010c9ef62853ca793f62791438345a3dd54464fa56d1d6d2774a52001,0.28028703772035835,0,1.0.0
C0196,2026-08-31,51c49c9acf7de8af3190ba86a78beb363272a31c6efdecf857af443c33fc9449,0.8051459939050204,1,1.0.0
C0197,2026-08-31,17ad07642168b32693ad4bbfef4f52df6605645fa63d304f7775d2c27ee2d983,0.237350923472381,0,1.0.0
C0198,2026-08-31,63109a0248cc1db57029279acd8ba405e9b5158c2ca6d9255a04813fe74d3f26,0.05440872765541517,0,1.0.0
C0199,2026-08-31,52704d3cbb553be0e7d432282a012d4e413ce60200eb4ae122744ca52dd9f4ec,0.2964050917635853,0,1.0.0
C0200,2026-08-31,956892e147c7f10c864e23ef2b15cf668f84d9d7b85394ee14f74c14706eb8db,0.48937318782906136,0,1.0.0
C0201,2026-08-31,7925ee8aff67965786124e6858098e36a87385843c31a7389f29e4be8c3313ec,0.3275320988931799,0,1.0.0
C0202,2026-08-31,b8e629631421326aa4784ba1daa505c6e21a278947869e2c0b611464d52fbb61,0.2659811474884894,0,1.0.0
C0203,2026-08-31,ca14ceda5b3d3c3bcdf76cd160d0644f8e4dab9fea2b8bb46fbb3877a940631f,0.18743243072852353,0,1.0.0
C0204,2026-08-31,c2c29159e5abdd850221bddb72511b1bb581714f50e29d8e73f5e9419aed4314,0.16155408460625004,0,1.0.0
C0205,2026-08-31,3f37ba53137d8b8751f25fd7c66f678719b2e018ab3ecc710bf645cf5e786cfc,0.36688464765756507,0,1.0.0
C0206,2026-08-31,e97052706d9724020ead1bfc3b76ad8f3f28624db5bc1ff2f1614129c86d6811,0.49625030507964063,0,1.0.0
C0207,2026-08-31,221fd9da9b9fe9a3cf2468f477ce2f03ae18f904f5806c9793f2ae3a5b176610,0.2586018087310125,0,1.0.0
C0208,2026-08-31,38d7815496e09f65fbc0d0fcbfccbbc1ad5b3c1e475509b4c6abd349971bb81d,0.1108017859820707,0,1.0.0
C0209,2026-08-31,a11252215d8f4b9debeba507533cfafeee224cfd7afaebfe37de5483a3f95bee,0.6611562858614746,0,1.0.0
C0210,2026-08-31,a7037d25a2c9950b4605ce91533765b4eba2528c8b43b7e73ecd1f2745f104b9,0.6708302394994315,0,1.0.0
C0211,2026-08-31,27d07783687610897f58ba58c5f84a111fc40b50a896938de40197b328ac3bb6,0.2001089007722944,0,1.0.0
C0212,2026-08-31,bdec6f73b682d1e167c6b001410737dfc9c0976f83d0bd01eaf701d2ee706ea8,0.32737465575621133,0,1.0.0
C0213,2026-08-31,cfe31b5ae524cbdb7db1b12519a4b8ea23b350b7f950a7c5cfc1737277347558,0.23872658235273636,0,1.0.0
C0214,2026-08-31,a5c44e7a588516acbbcd00a2598b6f323e23a5d3afef0e2cd1472e47e270120a,0.19680486225306926,0,1.0.0
C0215,2026-08-31,144752c22100b5b629d9034473b3c21e9e42520d2ece1af3b21b73468344696d,0.5992631515650412,0,1.0.0
C0216,2026-08-31,a64649b0545d3389de92ac3ef8d4350d45cad69b5c999f0e41f215407de06441,0.08078220744104007,0,1.0.0
C0217,2026-08-31,0a9cae12b8667b6b92a57be462b02cad599ad3a57e16af7ac4ac089b9af9a44a,0.17443996151667684,0,1.0.0
C0218,2026-08-31,88bfa3818a55ba650249de5112421045f9c5ec4d7c27aac657ece8e2daf794a5,0.36127894465638155,0,1.0.0
C0219,2026-08-31,aea185213b10a381daec5ba92baf9978435a9d0f6a3e7a5b1e4c5951b6cb8dcd,0.5241393303178291,0,1.0.0
C0220,2026-08-31,15ce8d3d6da34ad7831e02671c55d758fe8ed3f790389a7aea1fd3e357434055,0.12246357432666394,0,1.0.0
C0221,2026-08-31,2bcccc73c702f265c850dcba7f550122c7a248de9d5b84f93c9fafb305985c86,0.1847926205898596,0,1.0.0
C0222,2026-08-31,28dd5ae4b3d3b9fd7020784adc413ebd3842bcd3f9fbf8d38c087bf1722b09ed,0.39664718808516286,0,1.0.0
C0223,2026-08-31,2b29ecbda6fc0ba977e5951f190bd6e60590757c748f3784c3323551ac73cb12,0.28535762809203935,0,1.0.0
C0224,2026-08-31,04ede005790e009a7907ef22a7f9a6da08b1c4441471d317f8756ae53acf32ce,0.3734212431898674,0,1.0.0
C0225,2026-08-31,268e7c09a62bc0487bb7f502d5581b453f67e1fe24a386f1afbf2dbc092d5777,0.6790899919122122,0,1.0.0
C0226,2026-08-31,aeb0d27dc2356a41b02957af2f6250fcdaad38dfd1a7980d03b7fb51d882fd45,0.07212505873598168,0,1.0.0
C0227,2026-08-31,31bb4e58fdc9eb1fe30c04c34c85acc71bdf7265aae12b3c38ed4fc75e6fc108,0.7627949402220376,1,1.0.0
C0228,2026-08-31,fae4d2a108e3bcf93a999f0fe503a78a408e0b058940f3e61c9a8fc428984459,0.11890672954446899,0,1.0.0
C0229,2026-08-31,ae5686a65792f4bea93c032faaba3299cb0974cf4eef3d1b6f46c241a9eeb003,0.16936319759884924,0,1.0.0
C0230,2026-08-31,1eaecdf1c55a6114b75ca7cf11f5d3d006590b91b77802be5c344468cd66cfb3,0.3475117823079113,0,1.0.0
C0231,2026-08-31,7bd4aeca2fd62bbf44fb6461e0e4b33951a7d32429a4851fbcf883b293b9f026,0.8457902026691642,1,1.0.0
C0232,2026-08-31,63f2ab26313c233b70ba8c802e75ca9305e6bf8d07a5cb3295740c46a315c92c,0.4200076186777797,0,1.0.0
C0233,2026-08-31,e9d262c415f20fa655043b52b720ffe26f822fb00f0a9f5cfb4c4e65992ad4b1,0.10072243825661086,0,1.0.0
C0234,2026-08-31,f5be394dd8926040b1f86080e3b56b0923808f96f128f2720abc2e49b327e8b7,0.6134379612115245,0,1.0.0
C0235,2026-08-31,64da804132d2046a2dd8053a3d98c0792777bf6ae64703c37d090758c5f5cf94,0.15322491235339708,0,1.0.0
C0236,2026-08-31,1edf2688d6548b944a883ed6f200bca07b343b0c1927de61e45a87b761a14d89,0.1448724686411976,0,1.0.0
C0237,2026-08-31,d3c4090a383b737dfb0e9ca3433f4361d46f133a930d8c4285dac71553ae6cbc,0.22841236240371102,0,1.0.0
C0238,2026-08-31,169ae53898fbbf211dd69f7ed26a1d234287ad60eba493a563045590fdb89096,0.34219492410575425,0,1.0.0
C0239,2026-08-31,9c0b531d01bf4501ba1f5e19fa709a34d32c0ae2b85d9bb2c72b2b0865b5089e,0.46994174303758796,0,1.0.0
C0240,2026-08-31,8aa1fae60e2cb2e3e693e6483c5115a4355e495b1a833d322f73d1b72bb17b65,0.47887944330767224,0,1.0.0
C0241,2026-08-31,1fd036e465ad3ba97c00312b2084fd7a1bff47db4216b3b0b7b5b2bd9094e209,0.7638396207031282,1,1.0.0
C0242,2026-08-31,3907c5738c26868ec228571a3ee13821fab4a768a8a3014c2d64f8d6b3b17b46,0.5720009616847906,0,1.0.0
C0243,2026-08-31,cc592a5ad78e7464be7a98f5fa69b0a8075fcb9d8f0155fa4396e4ed0800ddec,0.2521191609948018,0,1.0.0
C0244,2026-08-31,fc33c17b4c5e6696395aea260754bde193553142d9de52fb90a87c5533534431,0.5145254109211149,0,1.0.0
C0245,2026-08-31,e977835baf60f6918961b9e1fb7bea638127b7ac4eedc8ed76e4e3926b4e06b0,0.18412465754051358,0,1.0.0
C0246,2026-08-31,bacae9c7d086e584b257ec1f430a09624331e1449f14ebc626947f6ef6fcbdf8,0.3644462921716738,0,1.0.0
C0247,2026-08-31,386220d45c7c8e8d49da2e06675a58d7967f7d74af049d00e9cd37a6153ace5f,0.3223484874182029,0,1.0.0
C0248,2026-08-31,fcd10712301fff6d3df1e36c1bc4d9df4a8f542fcfebc1b46822477b54d9c26d,0.815036237022931,1,1.0.0
C0249,2026-08-31,101a6490cb25a2ad78b23be5f62f524b5a4252810467040dd15ad220a604a21a,0.29635426503031115,0,1.0.0
C0250,2026-08-31,fc5e4f15e3171661f5b4c80248322fe4b50af072eaf42e5a95c8e842ad531955,0.5344699732899639,0,1.0.0
C0251,2026-08-31,19edfe38fc9b4962b5df72c0e0c6754f43af130eb0ba6f081e66261221b439be,0.09612981482569549,0,1.0.0
C0252,2026-08-31,444a203df4a67c5a05659aca8b0d90f89cd8552e7f61e40babcb78fe77ac5839,0.08890196467403183,0,1.0.0
C0253,2026-08-31,e5762f06dcdb8cfda93a5c36c19f8a89253761159f48b3164062b484c676b3c8,0.8344427156493148,1,1.0.0
C0254,2026-08-31,c009fac94c49f169b2cd1afc312f2a24804bf9ff61a3e4cc1e4367aca5baea85,0.4623000972821963,0,1.0.0
C0255,2026-08-31,4d3d6a676f0c343624949ae23884d84ca78f0810277cd7832344de80df61efbe,0.39074831616849937,0,1.0.0
C0256,2026-08-31,cc46bf0c161f3ae09f2af76487d574cdc897a46d37678158966e9d4af2e09067,0.15158593367337816,0,1.0.0
C0257,2026-08-31,fdf30e3338528464fbb06f0603e511aa612c088a67d5e82e5c321e8f7a8f593e,0.04024028059249506,0,1.0.0
C0258,2026-08-31,3da7a3123c8800669bdef66be4734f9be70d7f83f5d4472320fd312aec95b395,0.4672903295393597,0,1.0.0
C0259,2026-08-31,ee7f7ea3568615dc322d8f69634541b2ba8618ccfc72046dec5d06e186a2565b,0.6043442078588811,0,1.0.0
C0260,2026-08-31,baaca8fb042239997dbd900e403763fc0fee1678445b2f6d7850fe83d3bfb0f2,0.2719060080965584,0,1.0.0
C0261,2026-08-31,dd88a0a98816a1429a00664337d37e2298358bcbc38bdca480e67653254db627,0.48958639657942865,0,1.0.0
C0262,2026-08-31,ad40b86d88969d1f3348262aa5b6f56ec382f7eb80242480f334124c1d3543c8,0.48007554930171775,0,1.0.0
C0263,2026-08-31,650a995535a786ef9e24756e9959318e89bd343b01f95ce11be1b5b50b6c9c28,0.67282306734906,0,1.0.0
C0264,2026-08-31,28de009d54bfcf9d45de5c346fda13dd8e1cbd0919ed84c03fc895641826c0d2,0.5691996309305396,0,1.0.0
C0265,2026-08-31,31dcebdef06d6c72ccb1a04785730e17eb2afe9a4576cfecc2f042a90e3a6846,0.12668474438415261,0,1.0.0
C0266,2026-08-31,96c64f2f099b455d523fb6c91a034c68da9319980a191a33307aba1e63f205cb,0.16453097183944196,0,1.0.0
C0267,2026-08-31,06b39d3f68c241d8df6d502be72984194b2c1fef38d1b5d18873d8e604b93525,0.5781357015130585,0,1.0.0
C0268,2026-08-31,8483a86c5648c6e1bcf87e1b68af43f81849d66277632b01cebc8542693ed50a,0.272217424047036,0,1.0.0
C0269,2026-08-31,24ec5f4a8a30ac35a23a5f077efed4fa0fd08a4f6495f6e7c07de65bde9c9038,0.6836411567734265,1,1.0.0
C0270,2026-08-31,a7ec727f83c4808f3c8cb1ccb08fe624ad9ebe1fd64a7558b2e91236a4977409,0.139972007028907,0,1.0.0
C0271,2026-08-31,b0a3a0ef36e74f371f2da51270241a5e58db35d0250a3493b2044965f8de6f42,0.5282122163141157,0,1.0.0
C0272,2026-08-31,df4af385cf9690c00bafe65f6aee753b0a39e71650d33627697d0f1c8cc844e8,0.33302306652360814,0,1.0.0
C0273,2026-08-31,a54948629854adb2cf9d067df2a7771096590224563a82cb3cc9272a985b3215,0.5399572921523456,0,1.0.0
C0274,2026-08-31,217a8734791781468592c64f15bb2ba633e6b679e89b53531a18172610c96ff6,0.544729332615957,0,1.0.0
C0275,2026-08-31,7d424ab468a623199c282b488bc71d54d33c8c239da7df5eb049c546d0829fe0,0.1953821460696441,0,1.0.0
C0276,2026-08-31,ad2790876fc2e78631b1d00c106e0bffc19d77ae6155653765f9f4627eeb9536,0.7165491717611474,1,1.0.0
C0277,2026-08-31,4187413db0f11251f12ca3b04b92c5115f3c9d490e793880c590c13589029641,0.6930483329072382,1,1.0.0
C0278,2026-08-31,83d21e9861471db1184f809c0a4d4d5ac8e7ef473ac0417d1712a01a7020e398,0.4702519553730263,0,1.0.0
C0279,2026-08-31,d3fa6ac7ec060b0b3eea843b3ce8540974dd4d74c7e0e3db3bc1761110453552,0.07391676964873704,0,1.0.0
C0280,2026-08-31,978f44897ef4ce1c31006abdd1650d3463572f0706748c3dc424b87948e48f4d,0.04442214326009999,0,1.0.0
C0281,2026-08-31,485685f4ff7b2daee634e09be352f50b244970f13bd13156ba77c548b61158ce,0.24776948103336313,0,1.0.0
C0282,2026-08-31,aeb8391e5d7423b7892e786277249b2082a396c4016c00c2f509680cbb6f19c5,0.6676019155742622,0,1.0.0
C0283,2026-08-31,bff776304eacdf470a703febb49aa73752c246010be8b9ba6d76fcf2f945552b,0.4587591472181531,0,1.0.0
C0284,2026-08-31,cfdd24f1f523014cba6f39eb7cd78332ebad253c722eec78c53dd571f3350c6d,0.8721248416543439,1,1.0.0
C0285,2026-08-31,8dbe6fcc125d12bf41af294587ecfaaed18fde6520670493d068c6cf94bf131c,0.3369711677003533,0,1.0.0
C0286,2026-08-31,8734c826f9738070822f1916981b54153f373b2f16ff403fb66c28011741faef,0.4036835856513919,0,1.0.0
C0287,2026-08-31,b84eef9dd492be775c415ac1c305c023c0ec1e37de0c466562ad46ee2f9f406e,0.21626046915807617,0,1.0.0
C0288,2026-08-31,5a9e032a1c640bfceb8dc84a592c29752e6f26e552aa1185980947ba2c048d4f,0.4762060878162654,0,1.0.0
C0289,2026-08-31,2af40d7bb003acaed4cf597589b76a45b582ba6afe6cc0f960a8faf1965e8121,0.4581675706135655,0,1.0.0
C0290,2026-08-31,c18c39bfcead739bb0df0012f13dd9368d53c4366ac85c3f9171d3068c15d3cd,0.2717244903824346,0,1.0.0
C0291,2026-08-31,371f0b2363d0ee94faca5e8e9c477f069f2878c5557ed2156ab09dde07d4cc22,0.15839180630510727,0,1.0.0
C0292,2026-08-31,28db14ee316c950ca61d93a72f38d04eeb14711cda04d144030a81a31769eae8,0.4898652981913087,0,1.0.0
C0293,2026-08-31,1a397343aa93ba42f2b8e9691f7f759c1e0c66240dc4039090c152d2f3219e1f,0.4575247254802312,0,1.0.0
C0294,2026-08-31,aba28eccdf8f01996a7240a0f37f0126a3e6e480ffe90b7c6a6b59b8ef0478c6,0.6793694243854992,0,1.0.0
C0295,2026-08-31,ac81e5d2e25c69abba95c967038caec50d0ac952574bf39dd7aa1e475c949d54,0.34884800471505417,0,1.0.0
C0296,2026-08-31,9cbe3ded658b324eb47ff79ff7d09d4307b062308e02b034c65c4079891f947d,0.2925149608384964,0,1.0.0
C0297,2026-08-31,7bac619357ad317d0656984ad1d58c39c6a3fc89b2d3cf736bedf726b21a732c,0.17034479786129397,0,1.0.0
C0298,2026-08-31,626e227ae00b0f8c805fe4543e13a7b6b1543d1832ecdf058ad110ce8a58eeda,0.05329619877514074,0,1.0.0
C0299,2026-08-31,a28e630a35b09c1bbad4a9448de2a80c05b7277aba8a23bdb66976c673b6aa9c,0.5919518155222568,0,1.0.0
C0300,2026-08-31,6cf2d6ded9d65448d81f6cdf7f2182f5af31c0f68dd27f813983ad37b65124ba,0.11020278668066248,0,1.0.0
C0301,2026-08-31,367a9dd1eec9303f2668cdd9a7392030991ab4904ca26391cb4d696cc892d41e,0.21784927775207177,0,1.0.0
C0302,2026-08-31,eea7dfd3165aa6d7e9901c7c248a029790a08c84697708623789c77aa980b24d,0.13564797207026114,0,1.0.0
C0303,2026-08-31,2058731edfa905e004eefdd7f84bda6df7033e9b5829ae77d7dd2a53a148df74,0.778404809327319,1,1.0.0
C0304,2026-08-31,4574de21694ea8ee1aac644dee953b514d5310434fec80fd2133551f9d547d6f,0.17620339974325022,0,1.0.0
C0305,2026-08-31,68e53f90a02e700d0a2eae3471785ddf7c058fb59a6de9d665e46264160352e8,0.047672288727433884,0,1.0.0
C0306,2026-08-31,59408bdd13dc600e8e72e94b06837d4bc3074803b5af0f312067bf9e620897af,0.7429880755840664,1,1.0.0
C0307,2026-08-31,3a8c5bb0eaaf3f8c73b125caa4166c1935c92ffbe97831277d0324fe848df23f,0.6749036515802022,0,1.0.0
C0308,2026-08-31,5ad3d1279cea26e2f2f157b74a635735d7c3afbf1eb8c5e62da2f516a4848176,0.3808869547636959,0,1.0.0
C0309,2026-08-31,4116ed7ee667456d27df865aa91325563cc1b4fadb4352668c914e3d4182378c,0.4652017934323568,0,1.0.0
C0310,2026-08-31,68f25a030086a81ea22876a4efe641595b5994e473e478e8701974a350bda762,0.1387496830281508,0,1.0.0
C0311,2026-08-31,24f93387de8fcc0b4de856086fb0caf186c858a403570efd17b050e15f1c7761,0.6920448212513844,1,1.0.0
C0312,2026-08-31,2958f0fe59bbcde5f9ae07233a6eded2cbf3e044dbeba7e4ee948f427b9d28fa,0.40043673997109447,0,1.0.0
C0313,2026-08-31,347a0e5f77a5c74f4c9eadce04e5752340f28e82586f9ee03629fd4501565c46,0.7818859062565183,1,1.0.0
C0314,2026-08-31,3a7fac2065d350eb93202408064a78b12e88c02381c69984b61a66ad0be565aa,0.3590991268917858,0,1.0.0
C0315,2026-08-31,d783d2d60c46c40b7c7ecd44f7dc76287bc37bb7aa1fea0a8dfddeee35369d23,0.8588449473590739,1,1.0.0
C0316,2026-08-31,86bdf551c54fcfdb235954b4d945405eccd7c6f0327bbe1f6e4058834b709718,0.22715039918703936,0,1.0.0
C0317,2026-08-31,de307a36bcffb4a1619f88e0baf93527e752ff2fd275bbcc393b09e663a8c7f2,0.2562885583419708,0,1.0.0
C0318,2026-08-31,7510b0a4d1b55557a99df1bf487212813ed6c636589f64cefbf64a6cf71a1033,0.7220589358895985,1,1.0.0
C0319,2026-08-31,0603065296b1f8910c6107984732477faa0c84c2374443fb29459b1c670c98d6,0.3182849406967328,0,1.0.0
C0320,2026-08-31,773f16d9db4c5879a0a79600061a3628823216869c4a1536fd870a5d0a3382e1,0.18582271978171905,0,1.0.0
C0321,2026-08-31,ba1bf3befcacfbf12460a26888d6dc9b1948a2affd9615980b4821ddce089ea8,0.13758723981065332,0,1.0.0
C0322,2026-08-31,aecf8edce762d2066244a96c88c37a654da47e0ef423199ea50952bc79b8231e,0.33143819531469026,0,1.0.0
C0323,2026-08-31,b9b7d236f656bcc33cf0b8eebf9e7bf38056b796add14caa348d61da8a5dccdb,0.7248577382415107,1,1.0.0
C0324,2026-08-31,020b6493eb78af1c28f9a8775f6f44e4e26cce0d5e907aac9b6d33e1f6757586,0.16149487176005042,0,1.0.0
C0325,2026-08-31,db54950908703c78cca7ed83fe81a6dc684f86d5e3e628621ec1bd9ff33a3f32,0.18922619268601826,0,1.0.0
C0326,2026-08-31,ceb064fde607e74c2647f273d7191931d32b14b386bea0329479dfa9968500f9,0.25348586211349283,0,1.0.0
C0327,2026-08-31,3d03d04dcc17e05b728d93e6cc20d1bb9d997df9bec6e38b6db398defc0d3f55,0.33568390135924564,0,1.0.0
C0328,2026-08-31,e48b5c9310bd91573461fdb965e865931b21da64e362b6adbb915a752aaa11ee,0.13203514813472972,0,1.0.0
C0329,2026-08-31,2436963eef4ab7257e26803cc8556fd58be15e8c88e941cf4958ada80976d2a0,0.18702938701511754,0,1.0.0
C0330,2026-08-31,95ac26eb47a09c758f075b7377e084c03c27fc6308cd108a43c2fa7b179b0c2f,0.5614040965240238,0,1.0.0
C0331,2026-08-31,5ae752b961e2e3beb756b79e616cfcbf427ff1046785ca5dc53b95902eabafcd,0.4259911522902968,0,1.0.0
C0332,2026-08-31,68708c62cc417118a69e03ceeafee2276794507bfa1dfdf1d2c82bdb173149f1,0.15179068262768175,0,1.0.0
C0333,2026-08-31,80094a21b800187799f1a8136ed4674d6743d621c0d31991eac4d35d3112cd7d,0.14920034226681375,0,1.0.0
C0334,2026-08-31,8bd6043190ea7c1123b937b43024285cbac7fee2d914a0debdf060adb5a99655,0.3094001985941391,0,1.0.0
C0335,2026-08-31,84b69a06281393675f2efaf06b9f0895d708e3347d662131ddd0368abf519419,0.7879173100324163,1,1.0.0
C0336,2026-08-31,27cd8815a868093cb20bf42cc1c246d52b0a22113fe9f62b4820a93f896e4c13,0.5920750896204446,0,1.0.0
C0337,2026-08-31,a163a334ea4023ddd6c34329784b317047aba21b9d603aa0a2786f87bc6f3fc1,0.6669799748140971,0,1.0.0
C0338,2026-08-31,34f76953921e270c971ec98ca77cb0151ff39453342f475bb7666e4b57aa6376,0.10155441396515395,0,1.0.0
C0339,2026-08-31,8455e40de55fcb48f34586cb16ab9c2b2aa94d6744a2de9deb239a31984f8047,0.13498718691455766,0,1.0.0
C0340,2026-08-31,ef40d5a9fa2ad1546afc8669eecab6821792cb5c12c4b162f8886669d2f0c3d4,0.01647984328937006,0,1.0.0
C0341,2026-08-31,1e29115e63fbb94ab4f15732a83ff7775e728e9dd9e980313ead54a5680aa26f,0.5128845804182531,0,1.0.0
C0342,2026-08-31,55665ad5fc82d71ff0dbb9072b28aa7f17c143e8eb7529a09c6f53458e42a2b6,0.4225028140299821,0,1.0.0
C0343,2026-08-31,f6e2719155be3051dda02f0130fc583a968e50d1a827a7d6e605a01a8c29cd31,0.21398064665998115,0,1.0.0
C0344,2026-08-31,7cbce3d0039ed85fc2bda8b3408f0cecc869e2b0fd5f6565ef46210d3bf469bb,0.2038881337377995,0,1.0.0
C0345,2026-08-31,47153e46c52fb21b4baf5274b5e86ba0e02190cfa940957a06e65fd3646fb1cf,0.4308398474794385,0,1.0.0
C0346,2026-08-31,3ad2e3fc50cd36b561f2866fba60e9b8f10f92eed3a6391ef06e9e9bb3217564,0.17620923588841114,0,1.0.0
C0347,2026-08-31,b9800d0be8f4326c615a9319ba1c3ce0e94c6955e0816ab957d80e1f1154532d,0.11573976499347478,0,1.0.0
C0348,2026-08-31,c1e1f95001921ee17febd8b0530a2c48635be74873d8dbfdcf4fd61c635d1c83,0.8527158019919243,1,1.0.0
C0349,2026-08-31,a7194f29ce6bcb3e7f04ec5185024a0e38cd7871949f2057873f59237f00ec85,0.25685666001651186,0,1.0.0
C0350,2026-08-31,ce8532308b82503294d2d9506b58a401887729caeab747e0f1159cacb8604981,0.5001366162824126,0,1.0.0
C0351,2026-08-31,af590eec8ab0fdfd239dd688c91e4bc4ea52bb47ba754d798ab1cd745ae4f768,0.41397820697760085,0,1.0.0
C0352,2026-08-31,59d15ba84abd0d7b43236709f40eac9e391f79c0fda0d45e2c1e5a294efb23cd,0.3855954399764188,0,1.0.0
C0353,2026-08-31,ab2e8c78c8a2f70d096a41b40ae0d6b5beb81840405e3790af5b62112581dfdf,0.22783891763366104,0,1.0.0
C0354,2026-08-31,f0ea16bc57c0919a142e98a941ac23aa02a8f5b747b245ef59c6272ea75e7287,0.25309777625884294,0,1.0.0
C0355,2026-08-31,eddd70a58fe8d53ae89918d1a132aae37e20ae517dd16e2f3febb3dcaa0b8b82,0.5447183397422394,0,1.0.0
C0356,2026-08-31,646e2fd578f16e3f8eda4551738bfdefa0fb2a34ea438270ffda9c8d0531e779,0.5019370101579429,0,1.0.0
C0357,2026-08-31,3b2eef8f76d222005c54a53bb99ab6560d608e8880d0a00e1591052901687a2b,0.15733506419400745,0,1.0.0
C0358,2026-08-31,251407eeab60c8d4fb51daaca0413498a6a1764ce7feab6f2421d3fb854f9030,0.08120723262046635,0,1.0.0
C0359,2026-08-31,30c4cf80f2b2a03614335f5c32b0f18bb09dc2d78aff95774aae335102606c6f,0.5648688201880834,0,1.0.0
C0360,2026-08-31,cc1fd628c350b8ca4e8af1f8d287281935424c9c84cfaa8037c8b173dd2d9453,0.7057128847201656,1,1.0.0
C0361,2026-08-31,9e70a44c909423eeffa95c3dc43e04fb8c2ded5d0735bdd1e302c25b7e210949,0.027638720645961175,0,1.0.0
C0362,2026-08-31,f66b9ed253db2f8fb5222556eadb3a1c6cfc1fed7a132b177a6af4402f9e2bca,0.5413075029888793,0,1.0.0
C0363,2026-08-31,74f299ec34ce4821800fcd71303f4b05d62c92f3c5ceca413963b26cadebe692,0.5438781318673858,0,1.0.0
C0364,2026-08-31,7b0eb726b74cc2c9c05d8ceb3bcf40b0a7b5309525dc59b9eb186604f9fb9f9f,0.6169577355351934,0,1.0.0
C0365,2026-08-31,bc1275230f84d47149035d3a4bb940c5b6ddec80ad6409633f655c6a8a30dd0d,0.2751381315660234,0,1.0.0
C0366,2026-08-31,3f7fc49c5dab089900598851e5f7a50b1ded2c951ad28044c80f19eb959a2eca,0.4242651066933225,0,1.0.0
C0367,2026-08-31,a3223113bd243965246e9f25f9fc47ab7020fe48696b5856b691b9f720409e86,0.7372180242176338,1,1.0.0
C0368,2026-08-31,189893c24e01b530a284d5e96bf20519d1befcf229f505ca6d3a8a16155c853e,0.16344953084917374,0,1.0.0
C0369,2026-08-31,1c412d025b4a8e9d6fedac3df36395e0ca238826aebb55911c51f832c81db645,0.39255127909797916,0,1.0.0
C0370,2026-08-31,63b0c465f7090d8e9e77f96e66ba7cc98767d33b1ffd7a6e52c4a80a7bb2b84d,0.3223366879187018,0,1.0.0
C0371,2026-08-31,1386456e65d2672a3fe05898fb1af4d642039f24efda74d0d1f0cd693f8a647f,0.16962594089467803,0,1.0.0
C0372,2026-08-31,1c14fa714aa2a4b2d7cd56cba0807534f792a096d279e3541abd0aee47ade215,0.4228536205909903,0,1.0.0
C0373,2026-08-31,166ad0322d7cb98ff2863a1eed06116ff7cc224e751ad92166daba4f9accfb40,0.4728563455299789,0,1.0.0
C0374,2026-08-31,579a05ff68514ee1cb8994edeb85ec975e104ad187f948ec05f3b6e0768cba10,0.529200237293403,0,1.0.0
C0375,2026-08-31,9ac2106625403385da27f0cc0d102d846cfed6c7538738bac74d4009adf91b02,0.22136093417508504,0,1.0.0
C0376,2026-08-31,4e0df252083f8818443eb916f2a5bc0ecbec7c47491ee0d10b14cbd0cd7b97fb,0.9293330878660749,1,1.0.0
C0377,2026-08-31,ecec09a40a4260ebf5610a068096e398543ad98e5d907985d43d5fb6a9fd0163,0.2058030445246841,0,1.0.0
C0378,2026-08-31,4f46382840a77c946dae92ddfecd43cf041e16b880c30b7ca80929c2978ae22a,0.5678480815639309,0,1.0.0
C0379,2026-08-31,8af0aad040af2c24ac8749446b2fe80d3dacf170cad71982a54f698d99cbe5ff,0.7239606628843447,1,1.0.0
C0380,2026-08-31,5382e1e6ba199ccc917e3c8b192d5ef6a93bfeacf01cb4203a5eabfbac0d2775,0.28941579183044075,0,1.0.0
C0381,2026-08-31,3aa645071c89fa1058c9d41902973d4ad19e26cfdba7f45db86de5dd4133d762,0.6294751446341393,0,1.0.0
C0382,2026-08-31,40b7978684a6c63c7520d4183c1817cb7a28eb7fd2e2ee8a5937be541c08a934,0.1286021427753702,0,1.0.0
C0383,2026-08-31,ed744c21a468d04b5da77d37c2870a87b7d47c18a409b00d35bac32b09f6012d,0.1547331772646542,0,1.0.0
C0384,2026-08-31,309643d85f6c7342edee27898ac372c947f700e4aba58a0c79e90e8509075c35,0.0889492612020052,0,1.0.0
C0385,2026-08-31,c437b3a0a771fd323052f48957ff52222acf27b4bb2a36c30e53f09aa29d1669,0.4290689730483265,0,1.0.0
C0386,2026-08-31,9685adc5dca0d62dce5dbc56828bd03a9c636348742389f8550f21601f1794b3,0.5165236713888826,0,1.0.0
C0387,2026-08-31,1cbb2fe7089e5e60a956deb5275b576e9abe02ff43cb01531cedb621df114568,0.13453160652146173,0,1.0.0
C0388,2026-08-31,b9c60c0fa33bbb9375a4757a832fca8a86a44c917837be18f974df4f34b8bd50,0.11227823342061206,0,1.0.0
C0389,2026-08-31,fe0c73445cb0be75aeca1fba51f113eaf86dad378f4c94e744c1509f770662ea,0.4429274145349103,0,1.0.0
C0390,2026-08-31,db34cbb90a175bb61470c9474d825544e7a041a131d78c66f5850cfdd120a076,0.11797704568210644,0,1.0.0
C0391,2026-08-31,92f31abec32500f8c174936edd52f9b87ba2c58072df9929af5c70cdff4d15a5,0.0862613785678961,0,1.0.0
C0392,2026-08-31,c99e4c17a8c9b77dfda05a6c7d779ac5743a4100890270ea8df243e0a824665d,0.4385948323203756,0,1.0.0
C0393,2026-08-31,38004b5fb6108f1638cfd1e5f386f7b3dfd38ae8d7eac93e0e5090eb2fcc4f47,0.15668536056710614,0,1.0.0
C0394,2026-08-31,89bea173e6eed5710b8e6c90d9adbf5fc49db1e8df9baf3073a0dacd6a1d02c0,0.2802885196976017,0,1.0.0
C0395,2026-08-31,ce3f8946df54dd16043a973f467ee65da0f97954a0bf3a83ff4cdad615ea75fc,0.20716965623242448,0,1.0.0
C0396,2026-08-31,e058a88230a0fe20ac6e230e83e446d53a4f1fe8cbf72e17985366cb12739d75,0.3822307903500305,0,1.0.0
C0397,2026-08-31,fbe5af95fe69fe32f1f5e1ad14f4884a479bf626bfdd4c6f5c167e214e470362,0.4837427276395311,0,1.0.0
C0398,2026-08-31,b3f06d55f7f84694dcecd40c36f8d468d144930b071f249c040491f782085cbd,0.2645238603240029,0,1.0.0
C0399,2026-08-31,f125dcd2407dd606483b6337efb50333c20e75b28c14ad80c8f8695c4e601ac8,0.08106688085624805,0,1.0.0
C0400,2026-08-31,40f10ef07f2a54a1ed4faf3c868d45b5a0064f020ffb59d31f0dc10fd36d494b,0.24060258078163074,0,1.0.0
C0401,2026-08-31,5de36d79fdc3bbcb4fd7431a152b2946821bba6d612e933a8ef58ba9f499bfbf,0.2847312357394762,0,1.0.0
C0402,2026-08-31,a3d468cee1cc43c29f148912df7efa9e7c7f76b0c270fa8e21d992b0d7b64ae6,0.2630096651565938,0,1.0.0
C0403,2026-08-31,546feb52b2336c53e8464a8e15cdb0484121c05c79f9a94444263879de3e6e4c,0.2629996629969952,0,1.0.0
C0404,2026-08-31,00561ffa074f2abf6e58db56a6a014c6d0c42472fbc8a67b64f0c1976e1a8f4c,0.8056486309797525,1,1.0.0
C0405,2026-08-31,a652732e986ba4586fb7cc4d562abf40e0ae8b9d5ff6fcb7ec821c8fa4380d0f,0.15972150900264892,0,1.0.0
C0406,2026-08-31,5f7f1e116dc506fd252c1fc79457db691c74368f3f1ff8957727e11cfa58fd08,0.35912654701848706,0,1.0.0
C0407,2026-08-31,a1f119616079485740b932434593d501436519fe04ef680fda8d505a292ea086,0.20402484674033458,0,1.0.0
C0408,2026-08-31,85839a6bbd597a80a5530611e7dbbc82ec07d73f7ec7c080b8d7417bf73af189,0.06019949201927383,0,1.0.0
C0409,2026-08-31,7b2be70a1288624810680d75456f46dba30b3230eab29a83c282a7ae14c03b45,0.13192451301194347,0,1.0.0
C0410,2026-08-31,c3abd6309bcb8b32e45b5133a491c1172aab752d05608a2fd14f2db7373e87ca,0.5295324351606221,0,1.0.0
C0411,2026-08-31,a6d6915e1009096978df1df75a1e9aa87ecfec948c7a6b2c9b2b1ecd93b28654,0.2362838514952356,0,1.0.0
C0412,2026-08-31,edfd617c0627d4d8e224fae3dfe5999aaacc8b55c5ce91b37f53d2f909ffc526,0.12782630408653936,0,1.0.0
C0413,2026-08-31,545e74faa2a1efab141451b4c4d6ad518210598adb5a1118897e7b2128a9433f,0.26105265618237933,0,1.0.0
C0414,2026-08-31,703f8c0ab2299ae64970148cd5bab1c9c8e68c9e593507ba3df7be72be336891,0.036981005997576456,0,1.0.0
C0415,2026-08-31,8cab56c25654d417b075ca888f18e56dbe9fb947ccb304e6d999e6b1827eff3f,0.9345396774103234,1,1.0.0
C0416,2026-08-31,e63226affc76695bfd933c88b3597232cbcb236e340eba99708f6033f92dc597,0.5109155145088792,0,1.0.0
C0417,2026-08-31,4b738e6e324f6c435a4da246ccdbf3a4d220f5b2d27070e29c7d7c579a340318,0.5202192191259911,0,1.0.0
C0418,2026-08-31,c4d112678bcb74cd9610710cb2f3a03abe057e282ca1c8c0e06754e02b04e9e1,0.5913302916367648,0,1.0.0
C0419,2026-08-31,a565623f1583ae239c61406db28a33a6a5976ad9f7d5771b499771b0378217be,0.3047463133966543,0,1.0.0
C0420,2026-08-31,3197548d2fbf2d851386f272e4f5ced8fb5e3a2d9e3525fd5a4cf41f18cfa9fb,0.11608657971034052,0,1.0.0
C0421,2026-08-31,af8604e8c1ec1d00dd56a9250f9cc67ecc35f56371ac4ad40ecbf83f8b99dbb9,0.29506973522381175,0,1.0.0
C0422,2026-08-31,d312048b49227adfd4d33515624c6fbbc55c826507d2f000c1268a4a3f64737b,0.7662454448621414,1,1.0.0
C0423,2026-08-31,61ff7177b6bd96d86e38a6dfb2ebf131c21b614e9b5a85f0fb7c56a28a4217c7,0.687517996724237,1,1.0.0
C0424,2026-08-31,5f08ce8ff97a2613e7f8062bc14471b8d52d8d8664d05da93935bd3d949f89b0,0.4294519339573101,0,1.0.0
C0425,2026-08-31,154a0e01a25c5b895f9d0a297898b9af5fa85d2b6821eee2e874135970e73c4b,0.37840004122246845,0,1.0.0
C0426,2026-08-31,0c7512f0c19c2c382c00ed589a203693f87dfcf20837bef8f6ea3bf303007c31,0.15653372072008342,0,1.0.0
C0427,2026-08-31,045a4003589e7bea61756d8c781ea93ea4e7ebbdad7f038efb975e5765dd8306,0.33033025256065174,0,1.0.0
C0428,2026-08-31,6be4ad2e292b27f2d6348ce82c06d4d4aa2f8fa0b99460832d50547a241e0aca,0.3177552837737478,0,1.0.0
C0429,2026-08-31,4f60b3e865cf06eb2df552d02c260cfee715b2f2aa32be16c866eb1f33a5372e,0.30467937635440245,0,1.0.0
C0430,2026-08-31,337923e868b51ed5c42a120a04b29ad1ff3b66877af3b411dca0474bb00fa185,0.16773615765780794,0,1.0.0
