row_id,customer_id,snapshot_date,plan,region,tenure_months,monthly_charge,support_contacts,churned_next_month
1,C0001,2026-01-31,Basic,East,25,31.8,0,0
2,C0002,2026-01-31,Standard,North,11,66.97,2,0
3,C0003,2026-01-31,Standard,South,15,71.4,1,0
4,C0004,2026-01-31,Basic,East,56,34.21,1,0
5,C0005,2026-01-31,Basic,East,54,35.42,0,0
6,C0006,2026-01-31,Standard,South,28,67.0,1,0
7,C0007,2026-01-31,Basic,West,58,22.56,1,0
8,C0008,2026-01-31,Premium,West,25,93.24,0,0
9,C0009,2026-01-31,Basic,North,9,33.29,2,0
10,C0010,2026-01-31,Basic,East,14,41.38,1,0
11,C0011,2026-01-31,Premium,East,32,103.6,1,0
12,C0012,2026-01-31,Basic,South,37,30.32,2,0
13,C0013,2026-01-31,Basic,East,31,38.99,1,0
14,C0014,2026-01-31,Standard,West,50,63.28,0,0
15,C0015,2026-01-31,Premium,West,29,92.99,1,0
16,C0016,2026-01-31,Basic,West,11,30.68,2,0
17,C0017,2026-01-31,Basic,East,30,37.79,3,0
18,C0018,2026-01-31,Standard,South,22,64.48,1,0
19,C0019,2026-01-31,Premium,West,45,90.87,0,0
20,C0020,2026-01-31,Standard,South,31,73.42,4,0
21,C0021,2026-01-31,Basic,East,20,32.83,2,0
22,C0022,2026-01-31,Basic,South,5,25.61,1,0
23,C0023,2026-01-31,Basic,South,12,24.88,2,0
24,C0024,2026-01-31,Basic,North,29,34.04,2,1
25,C0025,2026-01-31,Standard,West,43,67.31,1,0
26,C0026,2026-01-31,Basic,North,22,30.48,3,0
27,C0027,2026-01-31,Standard,North,23,59.67,1,0
28,C0028,2026-01-31,Standard,West,21,70.4,2,0
29,C0029,2026-01-31,Standard,East,16,56.31,2,1
30,C0030,2026-01-31,Basic,South,2,36.14,1,0
31,C0031,2026-01-31,Premium,East,48,88.57,5,1
32,C0032,2026-01-31,Standard,South,37,66.41,2,0
33,C0033,2026-01-31,Standard,North,7,75.93,0,0
34,C0034,2026-01-31,Basic,East,59,27.31,1,0
35,C0035,2026-01-31,Basic,North,57,31.53,3,1
36,C0036,2026-01-31,Premium,East,29,84.89,4,1
37,C0037,2026-01-31,Basic,West,22,39.28,4,1
38,C0038,2026-01-31,Basic,West,7,43.71,0,0
39,C0039,2026-01-31,Standard,South,27,61.8,2,0
40,C0040,2026-01-31,Standard,West,1,50.52,1,0
41,C0041,2026-01-31,Premium,East,46,93.14,1,0
42,C0042,2026-01-31,Basic,South,51,38.48,1,0
43,C0043,2026-01-31,Premium,North,27,92.98,2,0
44,C0044,2026-01-31,Basic,South,43,35.99,3,0
45,C0045,2026-01-31,Standard,East,13,75.01,0,1
46,C0046,2026-01-31,Standard,West,30,66.92,0,0
47,C0047,2026-01-31,Basic,North,57,24.85,1,0
48,C0048,2026-01-31,Basic,East,38,34.51,1,0
49,C0049,2026-01-31,Standard,West,34,66.63,3,0
50,C0050,2026-01-31,Premium,West,20,100.01,0,0
51,C0051,2026-01-31,Standard,South,21,67.52,0,0
52,C0052,2026-01-31,Premium,North,52,102.51,2,0
53,C0053,2026-01-31,Premium,South,16,99.74,2,0
54,C0054,2026-01-31,Standard,West,49,70.71,3,0
55,C0055,2026-01-31,Standard,West,44,51.08,0,0
56,C0056,2026-01-31,Basic,East,7,41.68,1,1
57,C0057,2026-01-31,Basic,North,51,29.14,1,0
58,C0058,2026-01-31,Premium,North,7,98.88,1,1
59,C0059,2026-01-31,Standard,South,18,63.74,1,0
60,C0060,2026-01-31,Basic,East,7,32.89,1,0
61,C0061,2026-01-31,Standard,North,32,56.02,1,0
62,C0062,2026-01-31,Standard,East,16,66.7,0,0
63,C0063,2026-01-31,Premium,East,29,98.29,2,0
64,C0064,2026-01-31,Standard,North,3,69.67,1,1
65,C0065,2026-01-31,Standard,North,10,72.13,1,0
66,C0066,2026-01-31,Basic,South,7,40.59,1,0
67,C0067,2026-01-31,Standard,East,28,63.2,2,0
68,C0068,2026-01-31,Standard,West,10,59.47,2,0
69,C0069,2026-01-31,Premium,South,33,98.81,1,0
70,C0070,2026-01-31,Standard,South,48,67.04,0,0
71,C0071,2026-01-31,Basic,West,23,27.32,0,0
72,C0072,2026-01-31,Basic,South,2,36.53,1,0
73,C0073,2026-01-31,Standard,South,14,58.44,0,0
74,C0074,2026-01-31,Premium,South,8,94.52,2,0
75,C0075,2026-01-31,Basic,North,35,36.49,0,0
76,C0076,2026-01-31,Basic,South,35,30.52,2,0
77,C0077,2026-01-31,Standard,East,8,70.97,2,0
78,C0078,2026-01-31,Basic,West,18,29.93,1,0
79,C0079,2026-01-31,Premium,East,31,87.53,3,0
80,C0080,2026-01-31,Basic,West,24,31.53,1,0
81,C0081,2026-01-31,Basic,East,26,36.87,0,0
82,C0082,2026-01-31,Premium,North,25,88.16,1,0
83,C0083,2026-01-31,Basic,South,41,22.3,2,0
84,C0084,2026-01-31,Basic,West,12,42.29,2,0
85,C0085,2026-01-31,Basic,North,32,32.72,1,0
86,C0086,2026-01-31,Basic,West,47,43.56,1,0
87,C0087,2026-01-31,Basic,East,27,34.44,2,0
88,C0088,2026-01-31,Basic,South,2,40.11,1,0
89,C0089,2026-01-31,Basic,West,1,35.19,2,0
90,C0090,2026-01-31,Basic,West,36,37.02,0,0
91,C0091,2026-01-31,Standard,North,3,56.35,1,0
92,C0092,2026-01-31,Standard,North,21,69.99,1,0
93,C0093,2026-01-31,Basic,East,29,36.67,1,0
94,C0094,2026-01-31,Basic,West,31,34.93,3,0
95,C0095,2026-01-31,Standard,North,19,66.73,5,0
96,C0096,2026-01-31,Premium,East,46,84.78,1,0
97,C0097,2026-01-31,Premium,North,24,95.23,0,0
98,C0098,2026-01-31,Basic,East,32,25.79,3,0
99,C0099,2026-01-31,Basic,East,7,31.27,1,1
100,C0100,2026-01-31,Basic,North,45,35.42,1,0
101,C0101,2026-01-31,Basic,East,37,31.27,1,0
102,C0102,2026-01-31,Standard,West,11,73.18,3,1
103,C0103,2026-01-31,Standard,West,18,63.98,4,0
104,C0104,2026-01-31,Basic,North,10,35.04,1,0
105,C0105,2026-01-31,Basic,North,6,38.54,1,0
106,C0106,2026-01-31,Standard,North,29,70.64,0,0
107,C0107,2026-01-31,Basic,South,10,42.2,1,0
108,C0108,2026-01-31,Premium,North,55,77.42,1,0
109,C0109,2026-01-31,Basic,West,49,37.87,1,0
110,C0110,2026-01-31,Premium,West,44,103.22,0,0
111,C0111,2026-01-31,Basic,West,39,35.79,2,0
112,C0112,2026-01-31,Premium,North,37,86.81,1,0
113,C0113,2026-01-31,Premium,North,52,93.3,1,0
114,C0114,2026-01-31,Premium,West,4,88.75,2,0
115,C0115,2026-01-31,Premium,South,18,97.78,1,0
116,C0116,2026-01-31,Standard,East,39,69.41,0,0
117,C0117,2026-01-31,Standard,West,35,62.1,4,0
118,C0118,2026-01-31,Standard,North,3,64.34,2,0
119,C0119,2026-01-31,Basic,North,9,34.64,2,1
120,C0120,2026-01-31,Standard,North,43,65.02,1,0
121,C0121,2026-01-31,Standard,North,20,57.59,2,0
122,C0122,2026-01-31,Premium,North,40,88.87,2,0
123,C0123,2026-01-31,Standard,West,52,68.72,0,0
124,C0124,2026-01-31,Basic,East,17,38.7,1,0
125,C0125,2026-01-31,Standard,West,46,64.97,1,0
126,C0126,2026-01-31,Basic,West,57,37.91,2,0
127,C0127,2026-01-31,Basic,West,42,29.27,3,0
128,C0128,2026-01-31,Standard,North,52,59.84,2,0
129,C0129,2026-01-31,Standard,South,57,56.74,5,0
130,C0130,2026-01-31,Basic,West,55,35.71,1,0
131,C0131,2026-01-31,Basic,North,22,32.26,0,0
132,C0132,2026-01-31,Basic,North,25,34.64,0,0
133,C0133,2026-01-31,Basic,East,27,33.82,1,1
134,C0134,2026-01-31,Basic,West,48,36.36,2,0
135,C0135,2026-01-31,Standard,West,24,64.09,2,0
136,C0136,2026-01-31,Basic,West,37,35.66,0,0
137,C0137,2026-01-31,Premium,North,27,93.34,1,0
138,C0138,2026-01-31,Premium,West,7,91.06,2,0
139,C0139,2026-01-31,Standard,West,2,67.97,0,0
140,C0140,2026-01-31,Basic,East,31,38.68,1,1
141,C0141,2026-01-31,Standard,West,22,60.23,2,0
142,C0142,2026-01-31,Premium,West,40,93.37,1,0
143,C0143,2026-01-31,Standard,South,14,65.47,0,0
144,C0144,2026-01-31,Premium,North,53,97.11,0,0
145,C0145,2026-01-31,Standard,South,31,60.5,0,0
146,C0146,2026-01-31,Standard,North,4,63.38,0,0
147,C0147,2026-01-31,Basic,North,21,22.42,0,0
148,C0148,2026-01-31,Standard,North,10,64.01,2,0
149,C0149,2026-01-31,Basic,East,35,21.08,3,1
150,C0150,2026-01-31,Standard,East,16,65.09,0,0
151,C0151,2026-01-31,Premium,East,45,101.11,0,0
152,C0152,2026-01-31,Basic,East,6,31.63,2,0
153,C0153,2026-01-31,Standard,East,55,57.88,3,0
154,C0154,2026-01-31,Basic,East,24,25.96,0,0
155,C0155,2026-01-31,Standard,North,45,62.82,2,0
156,C0156,2026-01-31,Basic,West,33,29.01,1,0
157,C0157,2026-01-31,Premium,South,7,97.2,1,0
158,C0158,2026-01-31,Basic,North,49,30.2,1,1
159,C0159,2026-01-31,Premium,West,22,93.1,0,0
160,C0160,2026-01-31,Premium,East,1,94.15,0,0
161,C0161,2026-01-31,Standard,North,49,76.6,1,0
162,C0162,2026-01-31,Standard,North,29,59.44,0,0
163,C0163,2026-01-31,Standard,North,53,67.52,1,1
164,C0164,2026-01-31,Premium,South,6,90.73,1,1
165,C0165,2026-01-31,Basic,North,31,32.07,1,0
166,C0166,2026-01-31,Standard,East,22,56.73,1,0
167,C0167,2026-01-31,Basic,East,28,42.95,0,0
168,C0168,2026-01-31,Standard,West,37,68.14,3,0
169,C0169,2026-01-31,Basic,East,28,28.26,2,0
170,C0170,2026-01-31,Standard,East,56,66.96,2,0
171,C0171,2026-01-31,Standard,East,28,74.31,1,0
172,C0172,2026-01-31,Standard,North,8,61.81,1,0
173,C0173,2026-01-31,Standard,North,48,70.8,3,0
174,C0174,2026-01-31,Standard,East,38,61.23,2,0
175,C0175,2026-01-31,Standard,North,5,62.11,0,0
176,C0176,2026-01-31,Standard,North,23,62.32,1,0
177,C0177,2026-01-31,Standard,North,32,73.7,4,1
178,C0178,2026-01-31,Premium,West,16,91.4,2,0
179,C0179,2026-01-31,Basic,South,54,42.16,0,0
180,C0180,2026-01-31,Basic,East,34,35.36,1,0
181,C0001,2026-02-28,Basic,East,57,36.02,2,0
182,C0002,2026-02-28,Standard,North,21,70.07,2,0
183,C0003,2026-02-28,Standard,South,48,59.21,0,0
184,C0004,2026-02-28,Basic,East,52,38.69,1,0
185,C0005,2026-02-28,Basic,East,16,18.33,2,0
186,C0006,2026-02-28,Standard,South,35,69.83,0,0
187,C0007,2026-02-28,Basic,West,6,33.78,1,0
188,C0008,2026-02-28,Premium,West,18,91.64,2,0
189,C0009,2026-02-28,Basic,North,48,40.8,0,0
190,C0010,2026-02-28,Basic,East,38,34.26,0,0
191,C0011,2026-02-28,Premium,East,31,100.26,0,0
192,C0012,2026-02-28,Basic,South,22,38.95,2,0
193,C0013,2026-02-28,Basic,East,54,37.63,1,0
194,C0014,2026-02-28,Standard,West,39,60.61,2,0
195,C0015,2026-02-28,Premium,West,32,98.37,0,0
196,C0016,2026-02-28,Basic,West,55,39.33,0,0
197,C0017,2026-02-28,Basic,East,57,33.48,2,0
198,C0018,2026-02-28,Standard,South,11,54.6,0,0
199,C0019,2026-02-28,Premium,West,48,102.47,2,0
200,C0020,2026-02-28,Standard,South,13,67.19,4,0
201,C0021,2026-02-28,Basic,East,24,33.1,3,0
202,C0022,2026-02-28,Basic,South,34,42.49,1,0
203,C0023,2026-02-28,Basic,South,35,37.77,3,1
204,C0024,2026-02-28,Basic,North,48,33.91,1,0
205,C0025,2026-02-28,Standard,West,53,63.06,0,0
206,C0026,2026-02-28,Basic,North,59,31.52,0,0
207,C0027,2026-02-28,Standard,North,23,62.49,2,0
208,C0028,2026-02-28,Standard,West,55,78.38,3,0
209,C0029,2026-02-28,Standard,East,38,67.34,2,0
210,C0030,2026-02-28,Basic,South,57,40.53,2,0
211,C0031,2026-02-28,Premium,East,55,89.79,1,0
212,C0032,2026-02-28,Standard,South,11,62.36,1,0
213,C0033,2026-02-28,Standard,North,7,67.16,1,0
214,C0034,2026-02-28,Basic,East,30,34.14,0,1
215,C0035,2026-02-28,Basic,North,37,33.05,2,0
216,C0036,2026-02-28,Premium,East,59,94.31,2,0
217,C0037,2026-02-28,Basic,West,47,40.78,1,0
218,C0038,2026-02-28,Basic,West,39,40.93,1,0
219,C0039,2026-02-28,Standard,South,4,54.39,1,0
220,C0040,2026-02-28,Standard,West,45,64.92,0,0
221,C0041,2026-02-28,Premium,East,15,86.26,1,1
222,C0042,2026-02-28,Basic,South,54,37.7,0,0
223,C0043,2026-02-28,Premium,North,13,100.27,2,0
224,C0044,2026-02-28,Basic,South,54,36.07,0,0
225,C0045,2026-02-28,Standard,East,24,58.38,2,0
226,C0046,2026-02-28,Standard,West,9,61.6,2,0
227,C0047,2026-02-28,Basic,North,22,33.73,0,0
228,C0048,2026-02-28,Basic,East,23,34.74,0,0
229,C0049,2026-02-28,Standard,West,12,68.29,0,0
230,C0050,2026-02-28,Premium,West,18,96.26,1,0
231,C0051,2026-02-28,Standard,South,23,62.45,5,0
232,C0052,2026-02-28,Premium,North,31,93.98,0,0
233,C0053,2026-02-28,Premium,South,29,100.89,1,0
234,C0054,2026-02-28,Standard,West,31,59.24,0,0
235,C0055,2026-02-28,Standard,West,6,66.42,3,0
236,C0056,2026-02-28,Basic,East,52,30.18,2,0
237,C0057,2026-02-28,Basic,North,14,30.65,0,0
238,C0058,2026-02-28,Premium,North,12,99.63,3,0
239,C0059,2026-02-28,Standard,South,59,60.1,1,0
240,C0060,2026-02-28,Basic,East,17,31.19,0,0
241,C0061,2026-02-28,Standard,North,35,65.15,1,0
242,C0062,2026-02-28,Standard,East,17,56.28,1,0
243,C0063,2026-02-28,Premium,East,41,102.14,2,0
244,C0064,2026-02-28,Standard,North,2,64.28,1,0
245,C0065,2026-02-28,Standard,North,11,59.09,0,0
246,C0066,2026-02-28,Basic,South,23,37.27,3,0
247,C0067,2026-02-28,Standard,East,40,58.59,1,0
248,C0068,2026-02-28,Standard,West,25,72.59,0,0
249,C0069,2026-02-28,Premium,South,12,96.17,1,0
250,C0070,2026-02-28,Standard,South,12,63.49,1,0
251,C0071,2026-02-28,Basic,West,18,24.34,2,0
252,C0072,2026-02-28,Basic,South,9,38.46,0,0
253,C0073,2026-02-28,Standard,South,27,66.15,0,0
254,C0074,2026-02-28,Premium,South,48,97.25,1,0
255,C0075,2026-02-28,Basic,North,33,36.7,2,0
256,C0076,2026-02-28,Basic,South,20,26.17,3,0
257,C0077,2026-02-28,Standard,East,11,68.89,0,0
258,C0078,2026-02-28,Basic,West,46,42.02,1,0
259,C0079,2026-02-28,Premium,East,51,98.22,1,0
260,C0080,2026-02-28,Basic,West,48,37.33,1,0
261,C0081,2026-02-28,Basic,East,2,45.79,3,0
262,C0082,2026-02-28,Premium,North,44,96.34,0,0
263,C0083,2026-02-28,Basic,South,7,35.81,2,0
264,C0084,2026-02-28,Basic,West,18,40.93,1,0
265,C0085,2026-02-28,Basic,North,57,26.0,0,0
266,C0086,2026-02-28,Basic,West,50,38.84,2,0
267,C0087,2026-02-28,Basic,East,46,25.56,2,0
268,C0088,2026-02-28,Basic,South,3,37.46,2,0
269,C0089,2026-02-28,Basic,West,49,36.22,0,0
270,C0090,2026-02-28,Basic,West,16,46.42,3,0
271,C0091,2026-02-28,Standard,North,5,64.02,0,0
272,C0092,2026-02-28,Standard,North,39,64.32,1,0
273,C0093,2026-02-28,Basic,East,12,26.97,2,1
274,C0094,2026-02-28,Basic,West,55,31.02,0,0
275,C0095,2026-02-28,Standard,North,7,59.36,0,0
276,C0096,2026-02-28,Premium,East,6,93.71,3,0
277,C0097,2026-02-28,Premium,North,26,93.86,1,0
278,C0098,2026-02-28,Basic,East,28,32.67,0,0
279,C0099,2026-02-28,Basic,East,49,30.35,1,1
280,C0100,2026-02-28,Basic,North,51,40.36,1,0
281,C0101,2026-02-28,Basic,East,40,31.61,0,0
282,C0102,2026-02-28,Standard,West,55,58.82,2,1
283,C0103,2026-02-28,Standard,West,21,58.69,2,0
284,C0104,2026-02-28,Basic,North,42,40.05,0,0
285,C0105,2026-02-28,Basic,North,51,33.13,0,0
286,C0106,2026-02-28,Standard,North,45,71.72,2,0
287,C0107,2026-02-28,Basic,South,56,39.86,2,0
288,C0108,2026-02-28,Premium,North,31,102.28,2,0
289,C0109,2026-02-28,Basic,West,32,41.09,0,1
290,C0110,2026-02-28,Premium,West,28,96.64,0,0
291,C0111,2026-02-28,Basic,West,33,33.04,0,0
292,C0112,2026-02-28,Premium,North,45,94.76,1,0
293,C0113,2026-02-28,Premium,North,25,97.86,2,0
294,C0114,2026-02-28,Premium,West,39,96.64,3,0
295,C0115,2026-02-28,Premium,South,42,82.35,4,0
296,C0116,2026-02-28,Standard,East,17,68.87,0,0
297,C0117,2026-02-28,Standard,West,15,58.3,5,0
298,C0118,2026-02-28,Standard,North,19,66.32,1,0
299,C0119,2026-02-28,Basic,North,42,35.07,1,1
300,C0120,2026-02-28,Standard,North,46,65.2,2,0
301,C0121,2026-02-28,Standard,North,12,66.39,1,0
302,C0122,2026-02-28,Premium,North,3,97.85,0,0
303,C0123,2026-02-28,Standard,West,49,56.62,1,0
304,C0124,2026-02-28,Basic,East,3,41.14,1,0
305,C0125,2026-02-28,Standard,West,9,69.07,0,0
306,C0126,2026-02-28,Basic,West,2,40.23,0,0
307,C0127,2026-02-28,Basic,West,10,45.85,3,1
308,C0128,2026-02-28,Standard,North,44,69.35,0,0
309,C0129,2026-02-28,Standard,South,30,52.95,0,0
310,C0130,2026-02-28,Basic,West,43,41.15,3,0
311,C0131,2026-02-28,Basic,North,38,33.4,0,0
312,C0132,2026-02-28,Basic,North,37,32.3,1,0
313,C0133,2026-02-28,Basic,East,35,38.62,0,1
314,C0134,2026-02-28,Basic,West,56,35.88,2,0
315,C0135,2026-02-28,Standard,West,13,47.5,2,0
316,C0136,2026-02-28,Basic,West,55,41.15,1,0
317,C0137,2026-02-28,Premium,North,41,101.16,0,0
318,C0138,2026-02-28,Premium,West,45,87.85,1,0
319,C0139,2026-02-28,Standard,West,9,54.69,1,0
320,C0140,2026-02-28,Basic,East,45,44.63,2,1
321,C0141,2026-02-28,Standard,West,13,60.19,0,0
322,C0142,2026-02-28,Premium,West,52,87.63,0,0
323,C0143,2026-02-28,Standard,South,33,60.49,0,0
324,C0144,2026-02-28,Premium,North,10,107.01,0,0
325,C0145,2026-02-28,Standard,South,10,66.29,1,0
326,C0146,2026-02-28,Standard,North,18,61.48,2,0
327,C0147,2026-02-28,Basic,North,42,33.58,0,0
328,C0148,2026-02-28,Standard,North,30,66.43,0,0
329,C0149,2026-02-28,Basic,East,14,33.16,1,1
330,C0150,2026-02-28,Standard,East,28,69.62,1,1
331,C0151,2026-02-28,Premium,East,26,97.93,0,0
332,C0152,2026-02-28,Basic,East,2,30.28,2,1
333,C0153,2026-02-28,Standard,East,39,56.84,1,0
334,C0154,2026-02-28,Basic,East,32,40.79,1,0
335,C0155,2026-02-28,Standard,North,55,61.0,4,0
336,C0156,2026-02-28,Basic,West,18,26.57,0,0
337,C0157,2026-02-28,Premium,South,13,87.41,2,0
338,C0158,2026-02-28,Basic,North,2,35.96,1,0
339,C0159,2026-02-28,Premium,West,4,90.26,2,0
340,C0160,2026-02-28,Premium,East,7,98.39,2,0
341,C0161,2026-02-28,Standard,North,52,68.96,2,1
342,C0162,2026-02-28,Standard,North,25,62.22,1,0
343,C0163,2026-02-28,Standard,North,31,68.96,1,0
344,C0164,2026-02-28,Premium,South,41,89.03,1,0
345,C0165,2026-02-28,Basic,North,17,27.65,2,1
346,C0166,2026-02-28,Standard,East,14,67.2,0,0
347,C0167,2026-02-28,Basic,East,55,36.64,4,0
348,C0168,2026-02-28,Standard,West,57,70.79,1,1
349,C0169,2026-02-28,Basic,East,6,32.95,0,1
350,C0170,2026-02-28,Standard,East,56,63.43,0,1
351,C0171,2026-02-28,Standard,East,22,64.79,0,0
352,C0172,2026-02-28,Standard,North,18,67.44,1,1
353,C0173,2026-02-28,Standard,North,15,61.22,4,0
354,C0174,2026-02-28,Standard,East,13,65.57,3,0
355,C0175,2026-02-28,Standard,North,47,74.26,1,0
356,C0176,2026-02-28,Standard,North,20,60.72,0,1
357,C0177,2026-02-28,Standard,North,41,66.27,3,0
358,C0178,2026-02-28,Premium,West,47,100.47,0,0
359,C0179,2026-02-28,Basic,South,59,36.29,2,0
360,C0180,2026-02-28,Basic,East,25,30.15,1,0
361,C0001,2026-03-31,Basic,East,25,48.24,0,0
362,C0002,2026-03-31,Standard,North,32,79.03,2,0
363,C0003,2026-03-31,Standard,South,32,66.49,1,1
364,C0004,2026-03-31,Basic,East,60,33.01,2,1
365,C0005,2026-03-31,Basic,East,23,29.34,1,0
366,C0006,2026-03-31,Standard,South,36,65.76,0,0
367,C0007,2026-03-31,Basic,West,7,28.55,0,0
368,C0008,2026-03-31,Premium,West,42,97.0,0,0
369,C0009,2026-03-31,Basic,North,22,29.34,1,0
370,C0010,2026-03-31,Basic,East,45,38.63,2,0
371,C0011,2026-03-31,Premium,East,55,88.53,3,0
372,C0012,2026-03-31,Basic,South,9,37.01,0,1
373,C0013,2026-03-31,Basic,East,31,38.62,0,0
374,C0014,2026-03-31,Standard,West,44,53.83,1,0
375,C0015,2026-03-31,Premium,West,55,92.19,1,0
376,C0016,2026-03-31,Basic,West,47,29.41,1,0
377,C0017,2026-03-31,Basic,East,35,33.92,1,0
378,C0018,2026-03-31,Standard,South,18,61.76,1,0
379,C0019,2026-03-31,Premium,West,3,98.67,4,1
380,C0020,2026-03-31,Standard,South,25,59.8,3,1
381,C0021,2026-03-31,Basic,East,44,30.39,3,0
382,C0022,2026-03-31,Basic,South,47,35.91,2,0
383,C0023,2026-03-31,Basic,South,12,27.28,2,0
384,C0024,2026-03-31,Basic,North,53,28.74,0,0
385,C0025,2026-03-31,Standard,West,44,63.17,0,0
386,C0026,2026-03-31,Basic,North,48,37.95,2,1
387,C0027,2026-03-31,Standard,North,7,64.67,0,0
388,C0028,2026-03-31,Standard,West,45,71.2,3,0
389,C0029,2026-03-31,Standard,East,49,68.31,1,0
390,C0030,2026-03-31,Basic,South,33,35.83,0,0
391,C0031,2026-03-31,Premium,East,47,93.71,1,0
392,C0032,2026-03-31,Standard,South,23,58.46,1,0
393,C0033,2026-03-31,Standard,North,47,46.62,0,0
394,C0034,2026-03-31,Basic,East,7,31.72,0,0
395,C0035,2026-03-31,Basic,North,52,37.75,2,0
396,C0036,2026-03-31,Premium,East,37,85.52,2,1
397,C0037,2026-03-31,Basic,West,44,41.99,1,1
398,C0038,2026-03-31,Basic,West,7,33.16,2,1
399,C0039,2026-03-31,Standard,South,35,62.39,0,0
400,C0040,2026-03-31,Standard,West,53,72.75,2,1
401,C0041,2026-03-31,Premium,East,36,103.21,0,0
402,C0042,2026-03-31,Basic,South,52,37.43,2,0
403,C0043,2026-03-31,Premium,North,23,101.84,1,0
404,C0044,2026-03-31,Basic,South,33,21.68,1,0
405,C0045,2026-03-31,Standard,East,36,66.56,2,1
406,C0046,2026-03-31,Standard,West,10,65.51,0,0
407,C0047,2026-03-31,Basic,North,18,43.88,1,0
408,C0048,2026-03-31,Basic,East,5,39.87,1,0
409,C0049,2026-03-31,Standard,West,60,74.01,0,0
410,C0050,2026-03-31,Premium,West,18,81.88,4,0
411,C0051,2026-03-31,Standard,South,47,59.01,2,0
412,C0052,2026-03-31,Premium,North,20,103.88,1,0
413,C0053,2026-03-31,Premium,South,60,99.73,0,0
414,C0054,2026-03-31,Standard,West,34,64.31,0,0
415,C0055,2026-03-31,Standard,West,12,60.81,1,0
416,C0056,2026-03-31,Basic,East,56,31.9,3,0
417,C0057,2026-03-31,Basic,North,14,34.73,2,0
418,C0058,2026-03-31,Premium,North,59,85.04,0,0
419,C0059,2026-03-31,Standard,South,22,63.9,1,0
420,C0060,2026-03-31,Basic,East,31,30.81,3,0
421,C0061,2026-03-31,Standard,North,58,66.74,1,0
422,C0062,2026-03-31,Standard,East,34,74.45,2,0
423,C0063,2026-03-31,Premium,East,3,91.21,2,0
424,C0064,2026-03-31,Standard,North,46,62.39,3,1
425,C0065,2026-03-31,Standard,North,25,75.93,2,1
426,C0066,2026-03-31,Basic,South,14,33.54,2,0
427,C0067,2026-03-31,Standard,East,36,70.97,2,0
428,C0068,2026-03-31,Standard,West,9,69.44,2,0
429,C0069,2026-03-31,Premium,South,43,92.25,0,0
430,C0070,2026-03-31,Standard,South,32,62.58,1,0
431,C0071,2026-03-31,Basic,West,41,31.37,2,0
432,C0072,2026-03-31,Basic,South,58,27.44,0,0
433,C0073,2026-03-31,Standard,South,24,60.78,0,0
434,C0074,2026-03-31,Premium,South,11,102.94,0,0
435,C0075,2026-03-31,Basic,North,48,36.97,1,0
436,C0076,2026-03-31,Basic,South,39,39.57,3,1
437,C0077,2026-03-31,Standard,East,5,64.4,2,0
438,C0078,2026-03-31,Basic,West,59,43.27,1,0
439,C0079,2026-03-31,Premium,East,11,99.6,2,0
440,C0080,2026-03-31,Basic,West,34,34.27,1,0
441,C0081,2026-03-31,Basic,East,22,36.49,1,0
442,C0082,2026-03-31,Premium,North,19,102.31,0,0
443,C0083,2026-03-31,Basic,South,9,31.39,2,1
444,C0084,2026-03-31,Basic,West,47,31.48,2,0
445,C0085,2026-03-31,Basic,North,31,45.69,2,0
446,C0086,2026-03-31,Basic,West,51,24.2,1,1
447,C0087,2026-03-31,Basic,East,45,32.77,0,0
448,C0088,2026-03-31,Basic,South,14,41.89,0,0
449,C0089,2026-03-31,Basic,West,53,29.78,2,0
450,C0090,2026-03-31,Basic,West,48,38.69,0,0
451,C0091,2026-03-31,Standard,North,36,64.73,2,1
452,C0092,2026-03-31,Standard,North,59,77.12,0,0
453,C0093,2026-03-31,Basic,East,49,22.49,2,0
454,C0094,2026-03-31,Basic,West,42,22.4,0,0
455,C0095,2026-03-31,Standard,North,25,71.8,4,0
456,C0096,2026-03-31,Premium,East,53,84.14,1,0
457,C0097,2026-03-31,Premium,North,42,103.84,0,0
458,C0098,2026-03-31,Basic,East,17,29.22,2,0
459,C0099,2026-03-31,Basic,East,17,40.81,0,0
460,C0100,2026-03-31,Basic,North,51,35.5,2,0
461,C0101,2026-03-31,Basic,East,57,39.28,3,0
462,C0102,2026-03-31,Standard,West,50,53.52,2,1
463,C0103,2026-03-31,Standard,West,47,72.07,2,0
464,C0104,2026-03-31,Basic,North,16,27.01,2,0
465,C0105,2026-03-31,Basic,North,20,23.86,1,0
466,C0106,2026-03-31,Standard,North,39,60.37,1,0
467,C0107,2026-03-31,Basic,South,6,31.69,2,0
468,C0108,2026-03-31,Premium,North,23,90.1,1,0
469,C0109,2026-03-31,Basic,West,31,42.24,5,1
470,C0110,2026-03-31,Premium,West,33,98.53,2,0
471,C0111,2026-03-31,Basic,West,46,31.92,3,0
472,C0112,2026-03-31,Premium,North,50,83.61,1,0
473,C0113,2026-03-31,Premium,North,59,89.3,2,0
474,C0114,2026-03-31,Premium,West,16,90.8,1,0
475,C0115,2026-03-31,Premium,South,18,92.6,1,0
476,C0116,2026-03-31,Standard,East,46,61.07,0,0
477,C0117,2026-03-31,Standard,West,5,67.91,0,0
478,C0118,2026-03-31,Standard,North,22,54.36,2,0
479,C0119,2026-03-31,Basic,North,34,26.09,2,1
480,C0120,2026-03-31,Standard,North,13,72.72,1,0
481,C0121,2026-03-31,Standard,North,34,64.62,0,0
482,C0122,2026-03-31,Premium,North,52,97.36,3,0
483,C0123,2026-03-31,Standard,West,39,72.12,1,0
484,C0124,2026-03-31,Basic,East,8,34.32,3,0
485,C0125,2026-03-31,Standard,West,12,65.41,2,1
486,C0126,2026-03-31,Basic,West,5,41.24,0,1
487,C0127,2026-03-31,Basic,West,8,36.08,1,0
488,C0128,2026-03-31,Standard,North,40,76.05,2,0
489,C0129,2026-03-31,Standard,South,30,59.33,4,0
490,C0130,2026-03-31,Basic,West,46,38.89,2,0
491,C0131,2026-03-31,Basic,North,19,41.28,1,0
492,C0132,2026-03-31,Basic,North,17,39.5,0,1
493,C0133,2026-03-31,Basic,East,29,41.47,1,0
494,C0134,2026-03-31,Basic,West,4,39.5,1,1
495,C0135,2026-03-31,Standard,West,54,60.84,3,0
496,C0136,2026-03-31,Basic,West,59,39.95,0,0
497,C0137,2026-03-31,Premium,North,14,110.81,3,1
498,C0138,2026-03-31,Premium,West,51,104.03,2,0
499,C0139,2026-03-31,Standard,West,24,65.57,1,1
500,C0140,2026-03-31,Basic,East,37,32.3,1,1
501,C0141,2026-03-31,Standard,West,34,69.05,2,0
502,C0142,2026-03-31,Premium,West,47,91.14,1,0
503,C0143,2026-03-31,Standard,South,52,59.87,1,0
504,C0144,2026-03-31,Premium,North,10,96.67,1,0
505,C0145,2026-03-31,Standard,South,57,62.81,0,0
506,C0146,2026-03-31,Standard,North,9,61.79,1,1
507,C0147,2026-03-31,Basic,North,21,25.76,1,1
508,C0148,2026-03-31,Standard,North,35,65.06,1,0
509,C0149,2026-03-31,Basic,East,55,40.88,3,1
510,C0150,2026-03-31,Standard,East,60,64.35,1,0
511,C0151,2026-03-31,Premium,East,21,101.58,2,1
512,C0152,2026-03-31,Basic,East,11,31.28,3,0
513,C0153,2026-03-31,Standard,East,9,73.59,0,0
514,C0154,2026-03-31,Basic,East,29,30.07,0,0
515,C0155,2026-03-31,Standard,North,35,62.96,0,1
516,C0156,2026-03-31,Basic,West,3,28.48,3,1
517,C0157,2026-03-31,Premium,South,37,90.93,3,1
518,C0158,2026-03-31,Basic,North,15,35.7,0,0
519,C0159,2026-03-31,Premium,West,52,97.38,1,0
520,C0160,2026-03-31,Premium,East,16,101.84,1,0
521,C0161,2026-03-31,Standard,North,57,62.62,1,0
522,C0162,2026-03-31,Standard,North,12,64.44,1,0
523,C0163,2026-03-31,Standard,North,43,70.87,2,1
524,C0164,2026-03-31,Premium,South,56,91.64,1,0
525,C0165,2026-03-31,Basic,North,61,41.86,2,0
526,C0166,2026-03-31,Standard,East,13,64.99,3,0
527,C0167,2026-03-31,Basic,East,51,44.46,0,1
528,C0168,2026-03-31,Standard,West,19,70.47,0,0
529,C0169,2026-03-31,Basic,East,57,39.8,3,0
530,C0170,2026-03-31,Standard,East,12,70.22,2,1
531,C0171,2026-03-31,Standard,East,39,54.4,1,0
532,C0172,2026-03-31,Standard,North,51,72.59,2,0
533,C0173,2026-03-31,Standard,North,18,69.36,3,0
534,C0174,2026-03-31,Standard,East,20,69.53,0,0
535,C0175,2026-03-31,Standard,North,26,68.19,2,0
536,C0176,2026-03-31,Standard,North,26,76.71,0,0
537,C0177,2026-03-31,Standard,North,40,65.17,1,1
538,C0178,2026-03-31,Premium,West,25,101.17,3,0
539,C0179,2026-03-31,Basic,South,55,26.93,3,0
540,C0180,2026-03-31,Basic,East,25,34.46,2,1
541,C0001,2026-04-30,Basic,East,52,43.53,2,1
542,C0002,2026-04-30,Standard,North,42,66.33,0,0
543,C0003,2026-04-30,Standard,South,51,64.65,0,0
544,C0004,2026-04-30,Basic,East,30,27.74,1,0
545,C0005,2026-04-30,Basic,East,7,42.49,0,0
546,C0006,2026-04-30,Standard,South,30,53.16,3,0
547,C0007,2026-04-30,Basic,West,49,49.16,0,0
548,C0008,2026-04-30,Premium,West,19,91.6,2,0
549,C0009,2026-04-30,Basic,North,47,37.41,5,1
550,C0010,2026-04-30,Basic,East,36,31.73,1,0
551,C0011,2026-04-30,Premium,East,17,97.14,4,1
552,C0012,2026-04-30,Basic,South,15,29.99,2,0
553,C0013,2026-04-30,Basic,East,4,32.05,1,0
554,C0014,2026-04-30,Standard,West,30,68.14,1,0
555,C0015,2026-04-30,Premium,West,50,89.39,0,0
556,C0016,2026-04-30,Basic,West,30,32.29,0,0
557,C0017,2026-04-30,Basic,East,11,33.11,1,0
558,C0018,2026-04-30,Standard,South,29,63.26,2,0
559,C0019,2026-04-30,Premium,West,4,107.46,0,1
560,C0020,2026-04-30,Standard,South,21,72.61,3,1
561,C0021,2026-04-30,Basic,East,23,41.29,1,0
562,C0022,2026-04-30,Basic,South,4,31.87,1,0
563,C0023,2026-04-30,Basic,South,31,40.82,2,0
564,C0024,2026-04-30,Basic,North,22,30.3,1,1
565,C0025,2026-04-30,Standard,West,51,69.69,5,0
566,C0026,2026-04-30,Basic,North,39,35.27,0,0
567,C0027,2026-04-30,Standard,North,48,66.41,1,1
568,C0028,2026-04-30,Standard,West,19,69.49,2,1
569,C0029,2026-04-30,Standard,East,39,66.11,2,0
570,C0030,2026-04-30,Basic,South,5,36.46,0,0
571,C0031,2026-04-30,Premium,East,35,91.26,5,1
572,C0032,2026-04-30,Standard,South,48,72.59,0,0
573,C0033,2026-04-30,Standard,North,61,83.19,1,1
574,C0034,2026-04-30,Basic,East,50,32.61,0,0
575,C0035,2026-04-30,Basic,North,35,36.62,2,0
576,C0036,2026-04-30,Premium,East,51,94.2,0,0
577,C0037,2026-04-30,Basic,West,13,33.42,0,1
578,C0038,2026-04-30,Basic,West,29,34.69,0,0
579,C0039,2026-04-30,Standard,South,18,67.04,1,0
580,C0040,2026-04-30,Standard,West,20,71.39,2,0
581,C0041,2026-04-30,Premium,East,20,96.06,3,0
582,C0042,2026-04-30,Basic,South,51,29.08,0,1
583,C0043,2026-04-30,Premium,North,51,86.79,1,0
584,C0044,2026-04-30,Basic,South,22,32.86,0,0
585,C0045,2026-04-30,Standard,East,7,65.52,0,0
586,C0046,2026-04-30,Standard,West,17,71.35,0,0
587,C0047,2026-04-30,Basic,North,14,33.16,3,1
588,C0048,2026-04-30,Basic,East,41,32.94,0,1
589,C0049,2026-04-30,Standard,West,6,61.71,0,0
590,C0050,2026-04-30,Premium,West,20,88.85,1,0
591,C0051,2026-04-30,Standard,South,31,71.01,2,0
592,C0052,2026-04-30,Premium,North,24,96.53,2,0
593,C0053,2026-04-30,Premium,South,32,98.69,0,0
594,C0054,2026-04-30,Standard,West,22,74.06,0,1
595,C0055,2026-04-30,Standard,West,10,70.45,3,0
596,C0056,2026-04-30,Basic,East,59,29.88,0,0
597,C0057,2026-04-30,Basic,North,23,26.9,2,0
598,C0058,2026-04-30,Premium,North,4,86.57,2,0
599,C0059,2026-04-30,Standard,South,32,61.12,0,0
600,C0060,2026-04-30,Basic,East,20,35.64,1,1
601,C0061,2026-04-30,Standard,North,57,67.37,1,0
602,C0062,2026-04-30,Standard,East,34,71.49,2,0
603,C0063,2026-04-30,Premium,East,23,83.5,0,1
604,C0064,2026-04-30,Standard,North,27,60.4,1,0
605,C0065,2026-04-30,Standard,North,59,60.56,2,0
606,C0066,2026-04-30,Basic,South,32,32.56,1,0
607,C0067,2026-04-30,Standard,East,23,62.03,0,0
608,C0068,2026-04-30,Standard,West,42,68.72,0,0
609,C0069,2026-04-30,Premium,South,25,98.3,1,0
610,C0070,2026-04-30,Standard,South,33,83.53,1,0
611,C0071,2026-04-30,Basic,West,43,28.95,0,0
612,C0072,2026-04-30,Basic,South,36,35.83,2,0
613,C0073,2026-04-30,Standard,South,18,60.98,0,0
614,C0074,2026-04-30,Premium,South,61,85.36,0,0
615,C0075,2026-04-30,Basic,North,32,40.46,0,0
616,C0076,2026-04-30,Basic,South,42,34.79,4,1
617,C0077,2026-04-30,Standard,East,50,63.31,0,1
618,C0078,2026-04-30,Basic,West,42,25.23,1,0
619,C0079,2026-04-30,Premium,East,46,93.61,2,0
620,C0080,2026-04-30,Basic,West,7,38.24,0,1
621,C0081,2026-04-30,Basic,East,55,18.78,3,0
622,C0082,2026-04-30,Premium,North,55,91.85,0,0
623,C0083,2026-04-30,Basic,South,30,21.44,0,0
624,C0084,2026-04-30,Basic,West,23,37.91,0,0
625,C0085,2026-04-30,Basic,North,10,35.75,1,0
626,C0086,2026-04-30,Basic,West,55,31.35,3,0
627,C0087,2026-04-30,Basic,East,41,36.95,2,0
628,C0088,2026-04-30,Basic,South,50,37.56,1,0
629,C0089,2026-04-30,Basic,West,9,28.56,1,0
630,C0090,2026-04-30,Basic,West,50,38.5,1,0
631,C0091,2026-04-30,Standard,North,26,60.72,4,0
632,C0092,2026-04-30,Standard,North,36,62.8,3,0
633,C0093,2026-04-30,Basic,East,50,34.76,1,0
634,C0094,2026-04-30,Basic,West,16,32.85,1,0
635,C0095,2026-04-30,Standard,North,48,72.37,2,1
636,C0096,2026-04-30,Premium,East,48,111.89,2,0
637,C0097,2026-04-30,Premium,North,40,106.26,0,0
638,C0098,2026-04-30,Basic,East,44,31.09,5,0
639,C0099,2026-04-30,Basic,East,35,35.28,1,0
640,C0100,2026-04-30,Basic,North,34,33.03,1,0
641,C0101,2026-04-30,Basic,East,61,34.77,0,0
642,C0102,2026-04-30,Standard,West,32,76.65,0,0
643,C0103,2026-04-30,Standard,West,39,59.34,1,0
644,C0104,2026-04-30,Basic,North,17,27.11,2,0
645,C0105,2026-04-30,Basic,North,28,23.62,1,0
646,C0106,2026-04-30,Standard,North,32,63.18,1,0
647,C0107,2026-04-30,Basic,South,6,33.66,2,0
648,C0108,2026-04-30,Premium,North,51,100.85,2,0
649,C0109,2026-04-30,Basic,West,50,35.54,2,1
650,C0110,2026-04-30,Premium,West,54,93.31,1,0
651,C0111,2026-04-30,Basic,West,12,41.02,0,1
652,C0112,2026-04-30,Premium,North,52,102.93,2,0
653,C0113,2026-04-30,Premium,North,57,93.91,1,0
654,C0114,2026-04-30,Premium,West,51,98.06,1,0
655,C0115,2026-04-30,Premium,South,19,94.64,5,0
656,C0116,2026-04-30,Standard,East,6,60.64,0,1
657,C0117,2026-04-30,Standard,West,33,59.48,0,0
658,C0118,2026-04-30,Standard,North,12,55.76,1,0
659,C0119,2026-04-30,Basic,North,58,37.83,2,0
660,C0120,2026-04-30,Standard,North,39,70.18,1,0
661,C0121,2026-04-30,Standard,North,27,61.11,3,1
662,C0122,2026-04-30,Premium,North,43,90.54,2,1
663,C0123,2026-04-30,Standard,West,37,70.56,0,0
664,C0124,2026-04-30,Basic,East,52,38.49,1,1
665,C0125,2026-04-30,Standard,West,29,73.29,2,0
666,C0126,2026-04-30,Basic,West,7,37.94,1,1
667,C0127,2026-04-30,Basic,West,48,37.18,0,0
668,C0128,2026-04-30,Standard,North,22,53.61,1,0
669,C0129,2026-04-30,Standard,South,32,68.87,1,0
670,C0130,2026-04-30,Basic,West,56,34.63,0,0
671,C0131,2026-04-30,Basic,North,56,30.2,1,0
672,C0132,2026-04-30,Basic,North,25,45.81,1,0
673,C0133,2026-04-30,Basic,East,55,31.57,1,0
674,C0134,2026-04-30,Basic,West,7,40.81,0,0
675,C0135,2026-04-30,Standard,West,25,69.84,1,0
676,C0136,2026-04-30,Basic,West,60,39.72,0,0
677,C0137,2026-04-30,Premium,North,62,92.22,1,0
678,C0138,2026-04-30,Premium,West,28,100.17,1,0
679,C0139,2026-04-30,Standard,West,35,63.41,0,0
680,C0140,2026-04-30,Basic,East,7,29.44,5,1
681,C0141,2026-04-30,Standard,West,26,63.97,3,0
682,C0142,2026-04-30,Premium,West,47,86.92,2,0
683,C0143,2026-04-30,Standard,South,37,62.64,4,0
684,C0144,2026-04-30,Premium,North,45,103.58,0,0
685,C0145,2026-04-30,Standard,South,50,68.74,0,0
686,C0146,2026-04-30,Standard,North,30,59.56,1,0
687,C0147,2026-04-30,Basic,North,54,36.89,1,0
688,C0148,2026-04-30,Standard,North,55,54.59,2,0
689,C0149,2026-04-30,Basic,East,20,23.4,1,1
690,C0150,2026-04-30,Standard,East,20,58.72,0,1
691,C0151,2026-04-30,Premium,East,29,98.37,1,0
692,C0152,2026-04-30,Basic,East,50,43.1,5,1
693,C0153,2026-04-30,Standard,East,51,72.7,1,0
694,C0154,2026-04-30,Basic,East,48,34.01,0,0
695,C0155,2026-04-30,Standard,North,15,59.65,0,0
696,C0156,2026-04-30,Basic,West,60,33.61,1,1
697,C0157,2026-04-30,Premium,South,9,94.12,3,1
698,C0158,2026-04-30,Basic,North,37,29.84,0,1
699,C0159,2026-04-30,Premium,West,20,96.69,0,0
700,C0160,2026-04-30,Premium,East,5,103.32,3,1
701,C0161,2026-04-30,Standard,North,46,60.59,1,0
702,C0162,2026-04-30,Standard,North,29,62.07,3,0
703,C0163,2026-04-30,Standard,North,25,60.45,1,0
704,C0164,2026-04-30,Premium,South,36,92.8,1,0
705,C0165,2026-04-30,Basic,North,20,31.21,2,1
706,C0166,2026-04-30,Standard,East,21,63.81,2,0
707,C0167,2026-04-30,Basic,East,41,32.34,0,0
708,C0168,2026-04-30,Standard,West,45,68.54,0,0
709,C0169,2026-04-30,Basic,East,30,37.68,0,0
710,C0170,2026-04-30,Standard,East,39,56.94,1,1
711,C0171,2026-04-30,Standard,East,56,67.76,2,0
712,C0172,2026-04-30,Standard,North,43,59.33,2,1
713,C0173,2026-04-30,Standard,North,52,75.69,2,1
714,C0174,2026-04-30,Standard,East,11,62.75,1,0
715,C0175,2026-04-30,Standard,North,55,55.04,1,0
716,C0176,2026-04-30,Standard,North,31,63.09,1,0
717,C0177,2026-04-30,Standard,North,32,65.95,3,1
718,C0178,2026-04-30,Premium,West,34,96.61,0,0
719,C0179,2026-04-30,Basic,South,48,32.46,1,0
720,C0180,2026-04-30,Basic,East,45,40.75,3,0
