customer_id,snapshot_date,plan,region,tenure_months,monthly_charge,support_contacts,current_usage_hours,churned_next_month,next_month_usage_hours
C0001,2026-01-31,Standard,South,42,66.98,2,40.04,0,27.19
C0002,2026-01-31,Standard,West,25,72.14,2,44.81,0,34.87
C0003,2026-01-31,Premium,South,64,96.83,2,69.25,0,63.87
C0004,2026-01-31,,West,25,65.16,3,61.5,0,47.94
C0005,2026-01-31,Basic,South,21,27.79,2,22.48,0,19.56
C0006,2026-01-31,Premium,North,45,88.29,0,51.46,0,46.21
C0007,2026-01-31,Standard,South,10,55.54,2,52.42,0,42.43
C0008,2026-01-31,Standard,East,4,66.44,6,33.71,1,18.93
C0009,2026-01-31,Basic,West,53,35.19,2,20.63,0,22.94
C0010,2026-01-31,,East,55,57.32,1,41.71,0,36.35
C0011,2026-01-31,Basic,West,4,33.87,1,23.41,0,21.91
C0012,2026-01-31,Premium,West,15,96.99,0,61.9,0,54.17
C0013,2026-01-31,Standard,West,10,67.65,1,53.23,0,35.42
C0014,2026-01-31,Premium,East,55,94.15,4,35.32,0,28.59
C0015,2026-01-31,Standard,South,24,67.95,3,43.4,1,33.31
C0016,2026-01-31,Basic,South,9,36.06,0,33.66,0,33.71
C0017,2026-01-31,Standard,North,63,50.35,1,58.66,0,30.81
C0018,2026-01-31,Basic,South,27,37.39,0,22.91,0,19.31
C0019,2026-01-31,Premium,West,5,95.66,3,39.62,1,34.26
C0020,2026-01-31,Standard,South,52,69.62,2,49.58,0,38.86
C0021,2026-01-31,Standard,North,33,59.79,1,57.15,0,45.82
C0022,2026-01-31,Basic,East,26,36.15,2,43.16,1,37.14
C0023,2026-01-31,Premium,West,64,99.35,4,41.54,0,43.57
C0024,2026-01-31,Premium,West,30,98.83,1,56.99,0,52.4
C0025,2026-01-31,Standard,South,13,68.17,1,33.67,0,31.27
C0026,2026-01-31,Basic,South,42,28.83,2,44.56,0,33.86
C0027,2026-01-31,Standard,East,49,63.63,1,28.08,0,28.3
C0028,2026-01-31,Basic,North,17,38.08,1,28.92,0,24.04
C0029,2026-01-31,Basic,South,48,40.94,1,27.95,1,22.6
C0030,2026-01-31,Standard,North,18,69.03,3,34.56,0,22.08
C0031,2026-01-31,Standard,West,46,60.7,1,48.45,0,43.8
C0032,2026-01-31,Premium,East,32,88.11,4,60.78,0,50.35
C0033,2026-01-31,Basic,West,21,32.72,2,34.52,1,25.3
C0034,2026-01-31,Basic,West,18,42.23,1,49.13,0,40.63
C0035,2026-01-31,Standard,West,9,66.13,1,46.19,0,53.37
C0036,2026-01-31,Basic,North,26,34.24,1,37.48,0,32.85
C0037,2026-01-31,,West,16,27.28,0,40.96,0,35.56
C0038,2026-01-31,Standard,North,43,61.72,2,43.93,0,43.77
C0039,2026-01-31,Basic,South,9,40.65,0,42.78,0,41.36
C0040,2026-01-31,Standard,East,63,58.22,1,34.69,0,36.88
C0041,2026-01-31,Standard,South,16,65.39,3,45.55,0,33.62
C0042,2026-01-31,Premium,North,49,97.25,0,64.64,0,55.67
C0043,2026-01-31,Standard,North,8,63.78,2,23.11,0,15.15
C0044,2026-01-31,Basic,West,4,34.18,1,17.31,0,17.11
C0045,2026-01-31,Premium,South,14,84.99,2,64.39,0,55.9
C0046,2026-01-31,Premium,South,33,,0,81.59,0,77.79
C0047,2026-01-31,Basic,West,46,32.19,0,34.44,0,32.41
C0048,2026-01-31,Basic,North,64,29.06,2,13.82,0,11.1
C0049,2026-01-31,Standard,West,2,63.18,3,35.15,1,17.78
C0050,2026-01-31,Basic,West,37,31.19,2,32.88,0,29.08
C0051,2026-01-31,Basic,East,12,34.95,2,26.22,0,20.47
C0052,2026-01-31,Basic,North,21,34.3,0,31.53,0,34.63
C0053,2026-01-31,Standard,North,31,74.8,0,43.66,0,34.42
C0054,2026-01-31,Standard,South,5,58.39,0,46.81,0,43.62
C0055,2026-01-31,Standard,East,43,61.44,0,24.66,0,35.64
C0056,2026-01-31,Standard,North,56,64.07,1,47.42,0,27.03
C0057,2026-01-31,Standard,South,5,71.62,1,64.3,0,59.91
C0058,2026-01-31,Standard,North,9,67.62,1,49.36,0,38.92
C0059,2026-01-31,Basic,East,59,29.39,0,25.71,0,25.48
C0060,2026-01-31,Basic,North,52,37.85,1,36.67,0,39.66
C0061,2026-01-31,Standard,East,3,70.22,1,50.49,0,40.62
C0062,2026-01-31,Standard,North,39,69.84,1,34.28,0,26.05
C0063,2026-01-31,Standard,North,24,68.87,0,45.45,0,49.15
C0064,2026-01-31,Standard,North,36,68.98,1,37.86,0,32.58
C0065,2026-01-31,Standard,West,35,72.25,3,60.6,0,49.04
C0066,2026-01-31,Standard,North,54,62.0,0,50.36,0,46.1
C0067,2026-01-31,Standard,South,23,65.3,2,61.93,0,43.27
C0068,2026-01-31,Basic,East,48,35.85,1,21.77,0,18.31
C0069,2026-01-31,Basic,East,15,30.17,3,41.14,0,21.57
C0070,2026-01-31,Standard,East,35,52.6,1,42.21,0,42.39
C0071,2026-01-31,Basic,West,10,39.02,0,22.93,0,24.91
C0072,2026-01-31,Basic,South,28,36.88,1,29.35,1,32.14
C0073,2026-01-31,Premium,West,41,96.14,1,67.96,0,61.78
C0074,2026-01-31,Basic,South,44,38.71,0,22.37,0,17.08
C0075,2026-01-31,Basic,West,14,38.29,2,31.63,0,25.21
C0076,2026-01-31,Basic,East,27,32.37,1,29.66,1,37.99
C0077,2026-01-31,Basic,East,14,34.45,0,24.71,0,27.09
C0078,2026-01-31,Standard,West,46,68.61,0,50.14,0,46.44
C0079,2026-01-31,Standard,West,6,63.11,1,47.77,0,31.89
C0080,2026-01-31,Standard,West,59,66.88,0,21.31,0,28.26
C0081,2026-01-31,Standard,East,10,66.82,4,30.62,0,22.97
C0082,2026-01-31,Basic,North,46,34.18,3,31.06,1,24.6
C0083,2026-01-31,Premium,South,47,102.39,2,43.06,0,41.5
C0084,2026-01-31,Basic,North,6,34.09,1,12.23,1,5.79
C0085,2026-01-31,Basic,West,37,32.54,0,39.95,0,39.63
C0086,2026-01-31,Basic,North,5,32.91,2,48.87,0,31.88
C0087,2026-01-31,Standard,North,10,76.15,0,41.84,0,42.49
C0088,2026-01-31,Standard,North,23,72.01,2,31.74,0,21.8
C0089,2026-01-31,Basic,East,52,33.65,1,38.71,0,29.16
C0090,2026-01-31,Standard,East,16,62.8,1,32.72,0,22.58
C0091,2026-01-31,Basic,West,60,28.05,0,66.02,0,55.78
C0092,2026-01-31,Standard,South,28,,3,50.75,0,38.96
C0093,2026-01-31,Standard,South,58,66.79,3,52.69,0,37.38
C0094,2026-01-31,Basic,North,28,28.57,2,26.53,0,15.16
C0095,2026-01-31,Basic,North,24,34.93,0,31.87,0,28.9
C0096,2026-01-31,Standard,South,10,57.71,0,48.3,0,51.2
C0097,2026-01-31,Basic,West,22,39.39,3,40.65,0,33.25
C0098,2026-01-31,Basic,East,35,31.89,1,24.43,0,20.59
C0099,2026-01-31,Basic,West,17,32.17,2,27.52,0,29.69
C0100,2026-01-31,Premium,North,51,84.46,1,45.99,0,53.16
C0101,2026-01-31,Premium,North,25,85.01,1,50.5,0,47.74
C0102,2026-01-31,Standard,West,10,55.33,1,52.64,0,30.61
C0103,2026-01-31,Basic,North,54,34.15,2,19.74,0,20.08
C0104,2026-01-31,Premium,North,59,105.04,2,41.96,0,42.07
C0105,2026-01-31,Standard,South,50,66.18,2,46.62,0,44.78
C0106,2026-01-31,Standard,West,64,67.76,1,43.52,0,29.41
C0107,2026-01-31,Standard,East,41,68.86,3,57.57,0,44.07
C0108,2026-01-31,Basic,North,61,30.92,0,6.75,1,5.56
C0109,2026-01-31,Basic,West,23,38.65,0,18.8,0,19.79
C0110,2026-01-31,Premium,West,62,87.73,1,36.86,0,36.2
C0111,2026-01-31,Standard,West,24,70.95,0,20.03,1,23.38
C0112,2026-01-31,Basic,West,64,23.28,1,30.08,0,21.84
C0113,2026-01-31,Basic,North,29,36.6,4,27.04,0,27.18
C0114,2026-01-31,Standard,West,32,71.32,1,34.88,0,28.94
C0115,2026-01-31,Basic,South,16,33.74,3,45.92,0,36.11
C0116,2026-01-31,Premium,West,20,86.12,1,50.17,0,42.63
C0117,2026-01-31,Standard,East,51,65.96,1,39.35,0,22.27
C0118,2026-01-31,Standard,West,42,70.39,0,37.33,0,29.96
C0119,2026-01-31,Standard,East,39,65.04,3,53.47,0,34.25
C0120,2026-01-31,Standard,East,10,68.24,1,26.78,0,24.46
C0121,2026-01-31,Standard,East,33,62.47,1,41.26,0,38.16
C0122,2026-01-31,Standard,West,38,66.94,1,40.79,0,38.87
C0123,2026-01-31,Basic,East,11,40.96,2,29.3,0,25.58
C0124,2026-01-31,Basic,North,64,31.51,0,41.03,0,29.01
C0125,2026-01-31,Basic,West,51,39.94,1,36.69,1,28.29
C0126,2026-01-31,Standard,East,20,59.87,0,48.33,0,48.84
C0127,2026-01-31,Basic,South,30,34.29,1,29.01,0,23.26
C0128,2026-01-31,Basic,East,23,28.09,0,32.22,0,23.89
C0129,2026-01-31,Basic,West,27,26.31,0,33.91,0,25.81
C0130,2026-01-31,Standard,West,51,74.51,2,29.57,0,25.97
C0131,2026-01-31,Basic,West,3,34.43,2,14.3,0,13.39
C0132,2026-01-31,Premium,South,57,98.03,0,51.17,0,54.15
C0133,2026-01-31,Standard,West,25,65.49,1,35.79,0,28.57
C0134,2026-01-31,Basic,South,6,39.57,5,17.94,1,9.54
C0135,2026-01-31,Standard,East,51,72.39,0,45.57,0,33.99
C0136,2026-01-31,Basic,East,18,36.57,1,43.82,0,41.95
C0137,2026-01-31,Premium,North,42,92.17,0,33.69,0,38.42
C0138,2026-01-31,Standard,South,59,59.12,2,25.15,1,18.06
C0139,2026-01-31,Standard,North,49,69.21,1,30.18,0,40.89
C0140,2026-01-31,Basic,North,30,43.53,3,55.21,0,44.45
C0141,2026-01-31,Standard,South,62,65.48,2,34.64,0,23.71
C0142,2026-01-31,Standard,South,35,66.51,2,56.75,1,37.57
C0143,2026-01-31,Premium,North,42,93.36,2,38.86,0,33.09
C0144,2026-01-31,Standard,South,29,63.48,1,30.76,0,27.75
C0145,2026-01-31,Standard,East,17,66.37,4,48.44,0,36.84
C0146,2026-01-31,Basic,North,59,38.85,4,41.69,0,33.94
C0147,2026-01-31,Basic,South,16,,4,34.9,0,27.5
C0148,2026-01-31,Standard,South,21,72.39,2,37.62,0,28.01
C0149,2026-01-31,Standard,East,29,65.16,2,41.19,0,31.81
C0150,2026-01-31,Basic,South,13,36.16,0,35.08,1,35.73
C0151,2026-01-31,Premium,East,60,100.22,0,60.74,0,49.4
C0152,2026-01-31,Premium,South,38,100.12,1,60.52,0,55.29
C0153,2026-01-31,Basic,South,39,39.36,1,15.99,0,12.69
C0154,2026-01-31,Standard,South,58,74.04,2,28.65,0,15.82
C0155,2026-01-31,Basic,North,8,24.96,1,46.35,0,34.14
C0156,2026-01-31,Standard,East,24,61.08,2,50.19,1,29.97
C0157,2026-01-31,Basic,North,56,32.75,1,19.42,0,15.67
C0158,2026-01-31,Standard,South,16,68.1,1,19.6,0,18.75
C0159,2026-01-31,Standard,West,47,50.41,3,50.94,0,24.4
C0160,2026-01-31,Standard,West,63,57.67,1,47.84,0,45.75
C0161,2026-01-31,Basic,East,35,39.33,3,56.64,0,35.48
C0162,2026-01-31,Premium,West,31,103.02,2,56.0,0,43.47
C0163,2026-01-31,Basic,West,39,28.86,1,20.38,0,17.3
C0164,2026-01-31,Basic,South,40,30.64,1,36.07,0,31.72
C0165,2026-01-31,Standard,West,34,58.99,3,42.68,0,30.26
C0166,2026-01-31,Basic,South,23,33.82,1,28.34,0,27.83
C0167,2026-01-31,Premium,South,30,93.82,1,39.32,0,38.49
C0168,2026-01-31,Premium,East,10,85.53,1,72.57,0,71.78
C0169,2026-01-31,Basic,West,22,31.07,2,51.4,0,42.69
C0170,2026-01-31,Premium,West,26,96.95,1,65.09,0,59.23
C0171,2026-01-31,Basic,South,17,34.54,1,23.14,1,32.42
C0172,2026-01-31,Standard,East,50,66.26,1,45.53,0,44.42
C0173,2026-01-31,,North,6,43.89,2,44.69,0,36.41
C0174,2026-01-31,Premium,West,30,91.7,1,58.33,0,55.18
C0175,2026-01-31,Basic,East,64,34.65,0,40.83,0,29.49
C0176,2026-01-31,Basic,East,63,41.54,2,38.89,0,35.23
C0177,2026-01-31,Standard,West,27,62.69,0,56.38,0,44.01
C0178,2026-01-31,Premium,East,26,104.58,1,53.55,0,42.17
C0179,2026-01-31,Premium,North,5,89.39,1,58.24,0,46.61
C0180,2026-01-31,Standard,South,38,66.83,0,29.08,0,25.22
C0181,2026-01-31,Premium,North,11,96.9,3,50.29,0,42.26
C0182,2026-01-31,Premium,East,46,97.65,0,44.46,0,41.97
C0183,2026-01-31,Standard,North,49,65.28,0,24.77,0,24.15
C0184,2026-01-31,Basic,North,17,37.04,1,53.75,0,39.46
C0185,2026-01-31,Standard,East,39,61.85,2,63.63,0,52.21
C0186,2026-01-31,Standard,East,64,68.92,2,61.95,0,45.9
C0187,2026-01-31,Basic,East,60,31.43,1,41.41,0,34.2
C0188,2026-01-31,Basic,West,64,36.06,2,50.46,0,43.44
C0189,2026-01-31,Standard,West,31,65.31,1,44.66,0,39.21
C0190,2026-01-31,Basic,North,18,30.95,1,37.37,0,32.31
C0191,2026-01-31,Premium,West,50,100.34,1,40.56,0,50.62
C0192,2026-01-31,Basic,East,24,36.24,2,43.2,0,36.89
C0193,2026-01-31,Basic,East,21,36.97,1,32.01,0,24.79
C0194,2026-01-31,Premium,North,18,95.64,1,37.66,0,40.33
C0195,2026-01-31,Basic,East,27,36.66,1,30.44,0,30.43
C0196,2026-01-31,Basic,East,61,30.28,0,40.71,0,39.92
C0197,2026-01-31,Standard,East,60,56.45,0,58.28,0,47.38
C0198,2026-01-31,Premium,North,7,88.92,1,61.62,0,55.62
C0199,2026-01-31,Basic,East,40,33.13,0,45.72,0,41.83
C0200,2026-01-31,Basic,West,6,32.66,3,47.54,0,39.73
C0201,2026-01-31,Standard,East,54,65.87,1,35.16,0,29.82
C0202,2026-01-31,Premium,North,5,92.3,1,48.09,0,45.26
C0203,2026-01-31,Standard,West,18,62.83,3,37.13,0,33.76
C0204,2026-01-31,,West,62,30.67,0,33.56,0,31.23
C0205,2026-01-31,Basic,North,7,31.03,3,22.04,0,18.26
C0206,2026-01-31,Basic,West,47,45.93,0,23.88,0,26.05
C0207,2026-01-31,Basic,South,58,29.78,1,39.92,0,33.98
C0208,2026-01-31,Standard,East,23,69.71,3,50.37,0,36.09
C0209,2026-01-31,Basic,South,40,40.83,0,11.95,0,13.9
C0210,2026-01-31,Standard,West,4,,1,44.43,0,39.19
C0211,2026-01-31,Standard,West,41,65.69,1,52.98,0,47.01
C0212,2026-01-31,Standard,West,58,63.93,0,45.36,0,38.1
C0213,2026-01-31,Basic,West,62,35.63,1,29.94,0,20.26
C0214,2026-01-31,Premium,West,6,101.18,1,51.46,0,52.96
C0215,2026-01-31,Standard,North,48,69.86,2,27.65,1,25.4
C0216,2026-01-31,Standard,South,28,70.82,1,37.8,0,45.65
C0217,2026-01-31,Basic,East,6,32.55,0,34.0,0,17.7
C0218,2026-01-31,Basic,East,7,35.07,2,45.25,0,38.2
C0219,2026-01-31,Premium,North,61,93.56,3,65.9,0,66.47
C0220,2026-01-31,Basic,North,5,40.7,1,46.06,0,27.31
C0221,2026-01-31,Basic,East,52,40.0,1,29.17,0,18.29
C0222,2026-01-31,Standard,East,56,62.54,0,31.98,0,43.78
C0223,2026-01-31,Standard,North,23,72.4,0,39.86,1,25.82
C0224,2026-01-31,Premium,North,49,91.54,2,60.68,0,56.68
C0225,2026-01-31,Basic,North,15,35.75,3,34.6,0,32.93
C0226,2026-01-31,Premium,East,51,97.4,2,57.88,0,58.15
C0227,2026-01-31,Basic,North,63,38.94,0,32.03,0,28.79
C0228,2026-01-31,Standard,East,35,63.23,0,26.76,0,28.4
C0229,2026-01-31,Standard,South,55,62.41,3,41.14,0,28.92
C0230,2026-01-31,Basic,South,41,34.78,1,28.31,0,28.91
C0231,2026-01-31,Basic,East,45,34.08,2,27.76,0,26.2
C0232,2026-01-31,Basic,East,35,30.67,4,29.2,0,22.43
C0233,2026-01-31,Premium,East,63,102.88,1,45.22,0,35.36
C0234,2026-01-31,Standard,West,56,68.08,2,20.97,0,8.65
C0235,2026-01-31,Premium,West,18,95.5,0,51.86,0,59.98
C0236,2026-01-31,Premium,West,25,87.39,1,70.52,0,57.21
C0237,2026-01-31,Standard,East,54,56.62,1,27.46,0,26.1
C0238,2026-01-31,Standard,South,50,68.7,3,26.93,1,33.92
C0239,2026-01-31,Basic,North,41,32.98,2,19.09,0,12.35
C0240,2026-01-31,Basic,East,45,25.79,2,25.71,0,15.36
C0001,2026-02-28,Standard,South,25,61.49,0,29.66,0,25.93
C0002,2026-02-28,Standard,West,12,62.69,1,34.76,0,32.05
C0003,2026-02-28,Premium,South,62,98.81,2,53.25,0,56.22
C0004,2026-02-28,Standard,West,55,64.43,2,61.95,0,54.16
C0005,2026-02-28,Basic,South,55,39.08,1,20.57,0,23.17
C0006,2026-02-28,Premium,North,18,84.04,2,52.05,1,52.36
C0007,2026-02-28,Standard,South,18,71.09,1,68.11,0,64.03
C0008,2026-02-28,Standard,East,19,61.99,1,37.32,0,33.49
C0009,2026-02-28,Basic,West,26,26.44,3,22.41,1,26.29
C0010,2026-02-28,Standard,East,3,56.0,1,50.53,1,46.12
C0011,2026-02-28,Basic,West,40,40.74,1,33.81,0,30.89
C0012,2026-02-28,Premium,West,31,90.65,1,56.1,0,42.95
C0013,2026-02-28,Standard,West,62,68.94,2,47.49,0,36.21
C0014,2026-02-28,Premium,East,62,97.5,1,26.15,0,27.16
C0015,2026-02-28,Standard,South,36,54.5,1,54.65,0,53.1
C0016,2026-02-28,Basic,South,34,40.67,3,25.82,0,21.04
C0017,2026-02-28,Standard,North,24,68.2,1,65.41,0,55.24
C0018,2026-02-28,Basic,South,24,30.18,1,36.36,0,38.52
C0019,2026-02-28,Premium,West,47,95.41,3,52.98,0,46.78
C0020,2026-02-28,Standard,South,48,71.19,5,52.15,1,27.6
C0021,2026-02-28,Standard,North,51,70.89,2,48.44,0,34.42
C0022,2026-02-28,Basic,East,17,28.35,0,32.44,0,34.42
C0023,2026-02-28,Premium,West,20,94.96,1,40.1,0,34.72
C0024,2026-02-28,Premium,West,28,96.06,2,54.92,0,47.66
C0025,2026-02-28,Standard,South,25,65.45,1,30.03,0,26.44
C0026,2026-02-28,Basic,South,18,41.04,2,37.01,0,29.4
C0027,2026-02-28,Standard,East,56,60.15,1,26.28,0,31.03
C0028,2026-02-28,Basic,North,46,32.43,0,42.22,0,49.89
C0029,2026-02-28,Basic,South,21,41.43,0,24.1,0,23.69
C0030,2026-02-28,Standard,North,18,60.25,0,31.57,0,31.88
C0031,2026-02-28,Standard,West,45,57.86,0,50.33,0,44.85
C0032,2026-02-28,Premium,East,28,91.72,1,58.17,0,59.85
C0033,2026-02-28,Basic,West,40,36.83,0,37.99,1,37.17
C0034,2026-02-28,Basic,West,31,33.89,1,55.79,0,43.37
C0035,2026-02-28,Standard,West,51,71.43,1,31.34,0,21.35
C0036,2026-02-28,Basic,North,14,36.97,5,32.31,1,25.99
C0037,2026-02-28,Basic,West,4,37.0,2,24.68,0,22.36
C0038,2026-02-28,Standard,North,7,64.63,1,33.4,0,28.65
C0039,2026-02-28,Basic,South,9,40.2,0,35.58,0,33.63
C0040,2026-02-28,Standard,East,19,65.9,0,37.04,0,32.04
C0041,2026-02-28,Standard,South,31,59.15,1,34.67,0,38.98
C0042,2026-02-28,Premium,North,27,90.28,1,64.75,0,70.1
C0043,2026-02-28,Standard,North,41,56.12,1,39.99,0,40.29
C0044,2026-02-28,Basic,West,6,34.17,0,15.92,1,19.38
C0045,2026-02-28,Premium,South,32,100.4,0,62.42,0,60.88
C0046,2026-02-28,Premium,South,38,91.53,1,69.71,0,59.01
C0047,2026-02-28,Basic,West,18,39.13,2,36.1,0,34.59
C0048,2026-02-28,Basic,North,16,48.17,2,19.71,0,14.66
C0049,2026-02-28,Standard,West,37,61.69,0,44.7,0,45.2
C0050,2026-02-28,Basic,West,30,34.72,1,30.55,0,24.88
C0051,2026-02-28,Basic,East,36,32.14,3,37.2,0,27.63
C0052,2026-02-28,Basic,North,50,33.7,0,30.02,0,32.78
C0053,2026-02-28,Standard,North,21,73.63,0,41.52,0,38.78
C0054,2026-02-28,Standard,South,61,61.83,0,48.72,0,40.9
C0055,2026-02-28,Standard,East,36,57.69,0,34.26,0,35.48
C0056,2026-02-28,Standard,North,3,66.49,0,55.67,0,43.27
C0057,2026-02-28,Standard,South,15,69.9,4,70.68,0,48.35
C0058,2026-02-28,Standard,North,12,70.98,2,47.4,0,37.73
C0059,2026-02-28,Basic,East,40,31.9,3,36.86,1,33.53
C0060,2026-02-28,Basic,North,6,41.84,0,36.1,0,29.05
C0061,2026-02-28,Standard,East,37,63.3,0,47.0,0,34.32
C0062,2026-02-28,Standard,North,3,59.57,1,21.71,0,22.78
C0063,2026-02-28,Standard,North,48,61.61,1,41.58,0,26.25
C0064,2026-02-28,Standard,North,58,62.31,1,37.24,0,34.33
C0065,2026-02-28,Standard,West,10,67.56,3,64.49,0,48.21
C0066,2026-02-28,Standard,North,23,64.53,1,40.24,0,31.38
C0067,2026-02-28,Standard,South,49,60.69,0,66.02,0,53.69
C0068,2026-02-28,Basic,East,40,32.31,0,23.22,0,23.32
C0069,2026-02-28,Basic,East,61,34.99,3,31.0,1,25.86
C0070,2026-02-28,Standard,East,34,59.9,1,53.05,0,41.07
C0071,2026-02-28,Basic,West,15,39.0,2,28.99,0,17.46
C0072,2026-02-28,Basic,South,41,40.28,2,34.3,0,14.65
C0073,2026-02-28,Premium,West,7,101.33,2,64.55,0,54.48
C0074,2026-02-28,Basic,South,8,38.63,2,38.91,1,26.1
C0075,2026-02-28,Basic,West,30,24.36,1,14.29,1,17.1
C0076,2026-02-28,Basic,East,17,44.75,0,29.78,0,28.09
C0077,2026-02-28,Basic,East,26,27.0,0,34.33,0,28.37
C0078,2026-02-28,Standard,West,7,70.14,0,41.61,0,37.3
C0079,2026-02-28,Standard,West,45,61.08,2,43.86,0,32.76
C0080,2026-02-28,Standard,West,51,64.02,1,29.54,0,19.73
C0081,2026-02-28,Standard,East,32,72.93,0,30.25,0,35.52
C0082,2026-02-28,Basic,North,41,32.57,2,37.29,0,24.63
C0083,2026-02-28,Premium,South,7,101.25,0,50.51,0,58.23
C0084,2026-02-28,Basic,North,31,40.3,2,9.3,1,12.55
C0085,2026-02-28,Basic,West,18,32.17,2,40.99,0,38.86
C0086,2026-02-28,Basic,North,44,31.19,5,38.17,0,26.34
C0087,2026-02-28,Standard,North,16,,3,39.95,0,36.52
C0088,2026-02-28,Standard,North,15,64.52,0,27.96,0,26.45
C0089,2026-02-28,Basic,East,32,32.54,0,45.66,0,38.75
C0090,2026-02-28,Standard,East,42,69.44,0,55.91,0,53.59
C0091,2026-02-28,Basic,West,20,32.74,0,54.43,0,45.25
C0092,2026-02-28,Standard,South,37,63.42,0,55.39,0,49.2
C0093,2026-02-28,Standard,South,38,66.28,1,51.35,0,53.74
C0094,2026-02-28,Basic,North,6,41.34,3,30.34,0,23.52
C0095,2026-02-28,Basic,North,21,32.67,0,38.92,0,36.51
C0096,2026-02-28,Standard,South,25,59.19,1,47.02,0,40.75
C0097,2026-02-28,,West,7,31.08,1,57.95,0,42.83
C0098,2026-02-28,Basic,East,40,38.91,4,36.35,0,26.2
C0099,2026-02-28,Basic,West,42,28.53,0,27.88,0,27.92
C0100,2026-02-28,Premium,North,62,98.74,2,44.18,0,39.29
C0101,2026-02-28,Premium,North,33,97.73,2,61.42,0,56.29
C0102,2026-02-28,Standard,West,47,65.26,4,57.17,0,40.16
C0103,2026-02-28,Basic,North,42,50.16,3,30.57,1,25.02
C0104,2026-02-28,Premium,North,25,99.18,0,47.48,0,54.92
C0105,2026-02-28,Standard,South,52,64.33,1,45.4,0,34.83
C0106,2026-02-28,Standard,West,53,61.51,1,42.58,0,39.25
C0107,2026-02-28,Standard,East,18,60.41,3,48.88,1,43.35
C0108,2026-02-28,Basic,North,25,38.14,5,15.68,1,3.8
C0109,2026-02-28,Basic,West,54,28.16,1,23.13,0,17.72
C0110,2026-02-28,Premium,West,22,90.89,1,44.91,0,36.42
C0111,2026-02-28,Standard,West,62,62.13,3,27.91,0,20.14
C0112,2026-02-28,Basic,West,63,33.29,0,29.06,0,29.27
C0113,2026-02-28,Basic,North,13,,2,32.23,0,29.07
C0114,2026-02-28,Standard,West,15,,1,50.42,0,43.06
C0115,2026-02-28,Basic,South,57,32.04,0,42.86,0,38.11
C0116,2026-02-28,Premium,West,33,87.74,1,47.61,0,51.98
C0117,2026-02-28,Standard,East,10,68.71,2,39.54,0,26.68
C0118,2026-02-28,Standard,West,61,66.3,0,46.02,0,43.32
C0119,2026-02-28,Standard,East,11,70.75,2,55.57,0,37.92
C0120,2026-02-28,Standard,East,53,66.71,0,32.3,0,38.42
C0121,2026-02-28,Standard,East,24,66.65,1,44.25,0,35.37
C0122,2026-02-28,Standard,West,36,64.81,0,49.32,0,39.38
C0123,2026-02-28,Basic,East,58,25.42,1,28.42,0,30.28
C0124,2026-02-28,Basic,North,51,43.72,1,46.62,0,36.88
C0125,2026-02-28,Basic,West,14,32.97,2,31.02,1,24.71
C0126,2026-02-28,Standard,East,24,,2,54.53,0,43.83
C0127,2026-02-28,Basic,South,41,50.44,3,28.53,0,24.58
C0128,2026-02-28,Basic,East,3,34.13,3,36.87,0,34.1
C0129,2026-02-28,Basic,West,43,26.97,2,32.63,1,27.88
C0130,2026-02-28,Standard,West,4,63.69,4,33.24,1,23.95
C0131,2026-02-28,Basic,West,52,33.59,0,19.43,0,22.6
C0132,2026-02-28,Premium,South,44,103.44,2,63.07,0,47.45
C0133,2026-02-28,Standard,West,9,67.7,0,37.21,0,34.34
C0134,2026-02-28,Basic,South,28,41.3,4,23.46,1,11.4
C0135,2026-02-28,Standard,East,30,60.36,1,46.77,0,33.37
C0136,2026-02-28,Basic,East,3,33.72,2,39.9,0,25.34
C0137,2026-02-28,Premium,North,43,98.13,0,28.1,0,26.09
C0138,2026-02-28,Standard,South,3,66.62,0,39.73,1,32.64
C0139,2026-02-28,Standard,North,27,59.63,3,27.44,0,17.32
C0140,2026-02-28,Basic,North,21,30.48,1,49.61,0,32.71
C0141,2026-02-28,Standard,South,13,70.26,1,40.55,0,28.69
C0142,2026-02-28,Standard,South,61,64.8,3,42.0,0,22.55
C0143,2026-02-28,Premium,North,39,99.72,2,41.58,1,44.18
C0144,2026-02-28,Standard,South,54,66.88,3,36.01,0,30.61
C0145,2026-02-28,Standard,East,40,61.74,5,50.28,0,34.3
C0146,2026-02-28,Basic,North,47,35.23,0,37.2,0,32.15
C0147,2026-02-28,Basic,South,61,34.81,2,33.88,0,31.55
C0148,2026-02-28,Standard,South,12,60.77,1,44.6,0,33.38
C0149,2026-02-28,Standard,East,49,58.42,1,41.18,0,37.87
C0150,2026-02-28,Basic,South,37,25.52,0,44.99,0,44.77
C0151,2026-02-28,Premium,East,12,97.75,0,53.53,0,53.81
C0152,2026-02-28,Premium,South,35,92.51,2,64.82,0,61.03
C0153,2026-02-28,Basic,South,52,35.45,2,18.91,0,10.29
C0154,2026-02-28,Standard,South,57,66.21,0,30.03,0,28.22
C0155,2026-02-28,Basic,North,12,38.18,3,40.37,0,32.19
C0156,2026-02-28,Standard,East,7,67.73,1,51.99,0,46.41
C0157,2026-02-28,Basic,North,19,,4,25.79,1,18.38
C0158,2026-02-28,Standard,South,5,63.44,1,18.77,0,13.34
C0159,2026-02-28,Standard,West,25,57.3,0,45.73,0,48.47
C0160,2026-02-28,Standard,West,44,67.36,1,47.93,0,45.37
C0161,2026-02-28,Basic,East,48,31.75,5,62.3,0,50.34
C0162,2026-02-28,Premium,West,31,89.08,1,62.63,0,47.63
C0163,2026-02-28,Basic,West,34,37.05,0,35.49,0,28.55
C0164,2026-02-28,Basic,South,36,34.15,1,34.28,0,38.42
C0165,2026-02-28,Standard,West,62,69.25,0,49.04,0,47.18
C0166,2026-02-28,Basic,South,16,25.51,2,35.01,0,29.83
C0167,2026-02-28,Premium,South,27,95.39,1,41.84,0,41.48
C0168,2026-02-28,Premium,East,18,91.0,1,70.05,0,61.69
C0169,2026-02-28,Basic,West,61,47.46,1,52.01,0,41.02
C0170,2026-02-28,Premium,West,39,99.84,0,75.75,0,61.14
C0171,2026-02-28,Basic,South,25,26.76,0,34.43,0,35.79
C0172,2026-02-28,Standard,East,27,62.1,1,51.53,0,34.23
C0173,2026-02-28,Basic,North,65,36.74,0,41.37,0,38.91
C0174,2026-02-28,Premium,West,46,100.95,8,53.46,1,36.46
C0175,2026-02-28,Basic,East,45,28.27,2,41.02,0,41.92
C0176,2026-02-28,Basic,East,56,33.03,3,49.49,0,38.76
C0177,2026-02-28,Standard,West,63,68.12,1,54.44,0,44.6
C0178,2026-02-28,Premium,East,53,95.07,1,60.68,0,52.48
C0179,2026-02-28,Premium,North,49,86.33,2,56.39,0,52.03
C0180,2026-02-28,Standard,South,35,55.34,0,20.66,0,30.98
C0181,2026-02-28,Premium,North,53,97.81,2,53.82,0,45.34
C0182,2026-02-28,Premium,East,6,101.75,3,50.33,0,42.73
C0183,2026-02-28,Standard,North,44,64.17,2,27.19,0,16.68
C0184,2026-02-28,Basic,North,8,37.61,2,51.96,0,41.23
C0185,2026-02-28,Standard,East,10,64.26,2,62.99,0,46.83
C0186,2026-02-28,Standard,East,44,67.22,0,61.17,0,54.12
C0187,2026-02-28,Basic,East,41,41.93,2,39.99,0,35.96
C0188,2026-02-28,Basic,West,61,38.51,1,64.03,0,51.37
C0189,2026-02-28,Standard,West,9,72.72,0,42.06,0,35.43
C0190,2026-02-28,Basic,North,36,33.17,3,29.99,0,27.8
C0191,2026-02-28,Premium,West,47,91.84,0,40.48,0,44.36
C0192,2026-02-28,Basic,East,46,28.64,3,42.26,0,23.93
C0193,2026-02-28,Basic,East,36,37.95,0,36.58,0,39.38
C0194,2026-02-28,Premium,North,29,92.8,2,32.55,0,33.09
C0195,2026-02-28,Basic,East,3,37.3,1,35.43,0,21.51
C0196,2026-02-28,Basic,East,24,41.76,1,44.63,0,32.03
C0197,2026-02-28,Standard,East,16,62.62,1,71.02,0,56.82
C0198,2026-02-28,Premium,North,3,86.7,2,55.96,0,53.45
C0199,2026-02-28,Basic,East,35,39.91,2,23.29,0,15.61
C0200,2026-02-28,Basic,West,11,37.02,0,40.13,0,34.77
C0201,2026-02-28,Standard,East,17,61.34,1,45.43,0,39.65
C0202,2026-02-28,Premium,North,36,101.16,1,49.95,0,45.21
C0203,2026-02-28,Standard,West,28,59.37,2,29.64,0,35.44
C0204,2026-02-28,Basic,West,35,42.16,0,36.2,0,36.13
C0205,2026-02-28,Basic,North,8,36.48,2,38.09,0,31.74
C0206,2026-02-28,Basic,West,60,30.95,2,26.75,0,18.76
C0207,2026-02-28,Basic,South,55,29.25,1,41.46,0,33.6
C0208,2026-02-28,Standard,East,14,56.42,3,43.75,1,36.11
C0209,2026-02-28,Basic,South,6,35.09,0,13.3,0,12.92
C0210,2026-02-28,Standard,West,27,67.01,0,38.46,0,36.59
C0211,2026-02-28,Standard,West,39,66.62,1,61.44,0,47.44
C0212,2026-02-28,Standard,West,12,63.69,1,52.26,0,37.99
C0213,2026-02-28,Basic,West,3,,0,38.57,0,28.24
C0214,2026-02-28,Premium,West,26,98.31,2,45.08,0,39.61
C0215,2026-02-28,Standard,North,56,59.8,1,29.37,0,32.97
C0216,2026-02-28,Standard,South,31,53.82,1,33.24,0,27.65
C0217,2026-02-28,Basic,East,21,36.62,0,38.17,0,29.26
C0218,2026-02-28,Basic,East,19,39.44,0,44.04,0,32.24
C0219,2026-02-28,Premium,North,64,100.5,2,67.16,0,59.02
C0220,2026-02-28,Basic,North,15,35.58,2,45.78,0,33.12
C0221,2026-02-28,Basic,East,54,25.15,1,34.7,0,30.17
C0222,2026-02-28,Standard,East,56,62.96,1,32.99,0,19.02
C0223,2026-02-28,Standard,North,14,71.55,1,48.81,0,43.96
C0224,2026-02-28,Premium,North,45,89.78,2,51.38,0,40.5
C0225,2026-02-28,Basic,North,11,43.5,0,30.94,0,30.61
C0226,2026-02-28,Premium,East,52,98.88,1,48.16,0,43.59
C0227,2026-02-28,Basic,North,30,31.89,0,33.21,0,33.1
C0228,2026-02-28,Standard,East,39,66.42,0,35.09,0,30.85
C0229,2026-02-28,Standard,South,12,70.06,0,37.79,0,31.23
C0230,2026-02-28,Basic,South,7,,0,40.78,0,48.0
C0231,2026-02-28,Basic,East,35,30.81,1,38.11,1,34.83
C0232,2026-02-28,Basic,East,60,39.84,4,37.14,0,27.19
C0233,2026-02-28,Premium,East,23,90.18,2,51.81,0,49.19
C0234,2026-02-28,Standard,West,19,67.94,2,36.88,0,26.74
C0235,2026-02-28,Premium,West,43,94.13,1,47.95,0,43.94
C0236,2026-02-28,Premium,West,49,92.17,3,65.79,0,55.52
C0237,2026-02-28,Standard,East,29,62.29,0,36.54,0,35.38
C0238,2026-02-28,Standard,South,19,68.57,1,27.08,0,23.93
C0239,2026-02-28,Basic,North,5,35.91,1,19.76,0,14.59
C0240,2026-02-28,Basic,East,7,34.21,2,35.79,0,36.6
C0001,2026-03-31,Standard,South,16,63.02,1,32.28,0,34.02
C0002,2026-03-31,Standard,West,48,60.91,3,29.64,0,20.82
C0003,2026-03-31,Premium,South,45,91.17,0,50.03,0,50.78
C0004,2026-03-31,Standard,West,10,63.9,2,65.54,0,53.57
C0005,2026-03-31,Basic,South,60,38.88,0,13.28,0,21.74
C0006,2026-03-31,Premium,North,10,97.79,1,52.88,0,51.28
C0007,2026-03-31,Standard,South,19,61.47,1,61.15,0,47.77
C0008,2026-03-31,Standard,East,26,64.56,2,35.13,0,27.48
C0009,2026-03-31,Basic,West,39,36.75,1,24.43,1,17.09
C0010,2026-03-31,Standard,East,58,66.53,2,41.63,0,51.34
C0011,2026-03-31,Basic,West,44,44.97,2,31.81,1,17.75
C0012,2026-03-31,Premium,West,53,96.88,0,57.53,0,50.45
C0013,2026-03-31,Standard,West,32,67.28,1,42.36,0,29.7
C0014,2026-03-31,Premium,East,37,89.31,2,30.73,0,29.1
C0015,2026-03-31,Standard,South,35,61.27,3,46.4,1,33.54
C0016,2026-03-31,Basic,South,55,41.02,2,32.22,0,19.65
C0017,2026-03-31,Standard,North,53,63.16,1,55.71,0,57.36
C0018,2026-03-31,Basic,South,12,37.88,0,26.31,0,31.91
C0019,2026-03-31,Premium,West,29,96.59,1,43.19,0,31.04
C0020,2026-03-31,Standard,South,29,65.04,2,56.45,0,51.24
C0021,2026-03-31,Standard,North,4,64.4,2,61.13,0,55.33
C0022,2026-03-31,Basic,East,43,37.71,2,58.44,0,41.22
C0023,2026-03-31,Premium,West,60,104.75,0,33.4,0,39.58
C0024,2026-03-31,Premium,West,38,102.04,1,65.13,1,61.1
C0025,2026-03-31,Standard,South,64,60.76,2,31.01,0,22.03
C0026,2026-03-31,Basic,South,5,42.33,3,38.61,0,27.85
C0027,2026-03-31,Standard,East,19,70.59,2,39.92,0,30.89
C0028,2026-03-31,Basic,North,47,39.34,2,38.71,0,29.4
C0029,2026-03-31,Basic,South,6,34.08,0,23.18,1,17.67
C0030,2026-03-31,Standard,North,21,68.83,2,32.58,1,25.12
C0031,2026-03-31,Standard,West,17,62.95,2,62.2,0,46.55
C0032,2026-03-31,Premium,East,33,87.13,2,51.69,0,52.32
C0033,2026-03-31,Basic,West,25,32.78,3,36.94,0,25.1
C0034,2026-03-31,Basic,West,13,36.3,1,62.57,0,53.79
C0035,2026-03-31,Standard,West,18,65.22,0,43.42,0,38.73
C0036,2026-03-31,Basic,North,13,30.26,1,53.04,0,41.09
C0037,2026-03-31,Basic,West,38,30.33,0,38.08,0,39.93
C0038,2026-03-31,Standard,North,15,74.18,1,34.44,0,37.81
C0039,2026-03-31,Basic,South,23,35.76,0,39.96,0,36.31
C0040,2026-03-31,Standard,East,22,70.61,0,40.86,0,34.45
C0041,2026-03-31,Standard,South,50,59.26,4,42.93,1,24.36
C0042,2026-03-31,Premium,North,5,92.76,2,77.0,0,67.42
C0043,2026-03-31,Standard,North,41,67.24,2,35.3,1,28.45
C0044,2026-03-31,Basic,West,14,29.32,1,22.33,0,25.1
C0045,2026-03-31,Premium,South,32,104.72,2,71.27,0,63.57
C0046,2026-03-31,Premium,South,32,93.1,0,77.68,0,72.64
C0047,2026-03-31,Basic,West,50,41.4,0,28.17,0,22.36
C0048,2026-03-31,Basic,North,10,32.68,1,13.16,1,7.23
C0049,2026-03-31,Standard,West,32,64.59,1,49.85,0,39.51
C0050,2026-03-31,Basic,West,29,42.14,1,34.06,0,33.6
C0051,2026-03-31,Basic,East,42,41.18,0,37.26,0,35.9
C0052,2026-03-31,Basic,North,52,31.52,2,21.45,0,21.97
C0053,2026-03-31,Standard,North,44,56.72,2,55.04,0,46.42
C0054,2026-03-31,Standard,South,23,62.89,0,55.94,0,41.64
C0055,2026-03-31,Standard,East,37,59.9,1,32.16,0,23.0
C0056,2026-03-31,Standard,North,21,72.0,0,53.63,0,42.98
C0057,2026-03-31,Standard,South,36,67.95,0,79.47,0,63.88
C0058,2026-03-31,Standard,North,49,66.91,1,48.05,0,46.21
C0059,2026-03-31,Basic,East,62,33.43,1,46.36,0,35.38
C0060,2026-03-31,Basic,North,40,39.43,1,32.79,0,31.44
C0061,2026-03-31,Standard,East,63,67.16,3,53.9,0,42.24
C0062,2026-03-31,,North,57,63.4,2,38.09,0,26.79
C0063,2026-03-31,Standard,North,61,62.61,1,37.48,0,33.74
C0064,2026-03-31,Standard,North,24,70.43,0,36.16,0,37.19
C0065,2026-03-31,Standard,West,13,59.96,0,60.49,0,55.21
C0066,2026-03-31,,North,58,71.36,0,41.11,0,37.53
C0067,2026-03-31,Standard,South,44,59.72,2,64.87,0,51.51
C0068,2026-03-31,Basic,East,63,33.82,1,27.51,0,21.23
C0069,2026-03-31,Basic,East,8,43.97,0,35.98,0,33.02
C0070,2026-03-31,Standard,East,47,66.5,0,44.26,0,42.98
C0071,2026-03-31,Basic,West,51,21.53,3,35.12,1,27.98
C0072,2026-03-31,Basic,South,23,31.56,1,41.17,1,44.31
C0073,2026-03-31,Premium,West,31,88.72,1,68.95,0,57.41
C0074,2026-03-31,Basic,South,40,35.59,1,19.0,1,19.01
C0075,2026-03-31,Basic,West,53,34.49,1,28.89,0,27.39
C0076,2026-03-31,Basic,East,59,22.81,2,35.04,0,32.73
C0077,2026-03-31,Basic,East,28,33.52,1,30.91,0,29.94
C0078,2026-03-31,Standard,West,46,64.1,1,47.42,0,48.02
C0079,2026-03-31,Standard,West,31,68.79,1,50.13,0,40.6
C0080,2026-03-31,Standard,West,14,74.45,0,33.26,0,31.16
C0081,2026-03-31,Standard,East,30,59.71,1,36.93,0,26.4
C0082,2026-03-31,,North,32,32.89,1,39.09,0,31.04
C0083,2026-03-31,Premium,South,44,94.79,3,48.71,0,46.12
C0084,2026-03-31,Basic,North,18,38.94,1,8.46,0,4.73
C0085,2026-03-31,Basic,West,28,29.11,0,47.01,0,35.67
C0086,2026-03-31,Basic,North,58,42.6,2,37.26,0,35.06
C0087,2026-03-31,Standard,North,58,65.85,2,38.28,0,26.74
C0088,2026-03-31,Standard,North,35,64.58,2,29.09,0,24.65
C0089,2026-03-31,Basic,East,34,33.21,0,48.79,0,39.59
C0090,2026-03-31,Standard,East,31,52.2,4,47.86,1,38.32
C0091,2026-03-31,Basic,West,51,,1,56.73,0,42.07
C0092,2026-03-31,Standard,South,21,61.89,1,47.56,0,36.85
C0093,2026-03-31,Standard,South,64,70.54,1,51.94,0,45.14
C0094,2026-03-31,Basic,North,49,34.53,2,41.33,0,33.87
C0095,2026-03-31,Basic,North,60,38.63,1,48.64,0,43.35
C0096,2026-03-31,Standard,South,38,67.76,0,54.98,0,45.08
C0097,2026-03-31,Basic,West,10,33.21,2,51.55,1,42.59
C0098,2026-03-31,Basic,East,22,34.75,0,30.6,0,30.11
C0099,2026-03-31,Basic,West,21,36.62,0,31.61,0,28.88
C0100,2026-03-31,Premium,North,28,83.8,0,46.87,0,45.54
C0101,2026-03-31,Premium,North,12,94.44,2,60.98,0,52.78
C0102,2026-03-31,Standard,West,63,59.75,2,52.84,0,47.15
C0103,2026-03-31,Basic,North,26,31.96,1,33.85,0,33.98
C0104,2026-03-31,Premium,North,31,109.29,1,50.86,0,55.0
C0105,2026-03-31,Standard,South,26,73.0,2,50.74,0,27.93
C0106,2026-03-31,Standard,West,25,68.58,1,39.89,0,27.89
C0107,2026-03-31,Standard,East,43,66.57,2,56.46,0,37.86
C0108,2026-03-31,Basic,North,59,37.9,1,6.45,1,0.0
C0109,2026-03-31,Basic,West,6,36.75,1,33.56,0,27.24
C0110,2026-03-31,Premium,West,28,97.71,1,45.7,0,47.82
C0111,2026-03-31,Standard,West,57,64.67,2,23.73,0,18.18
C0112,2026-03-31,Basic,West,17,23.21,1,37.37,0,31.71
C0113,2026-03-31,Basic,North,29,31.64,0,35.8,0,29.99
C0114,2026-03-31,Standard,West,58,71.42,2,35.14,0,22.43
C0115,2026-03-31,Basic,South,59,26.93,0,45.06,0,30.07
C0116,2026-03-31,Premium,West,65,95.94,1,46.14,0,35.61
C0117,2026-03-31,Standard,East,25,68.15,1,32.6,0,28.85
C0118,2026-03-31,Standard,West,4,75.19,0,37.22,0,32.86
C0119,2026-03-31,Standard,East,36,67.98,3,60.42,0,49.57
C0120,2026-03-31,Standard,East,17,63.34,1,47.61,0,40.91
C0121,2026-03-31,Standard,East,20,59.79,1,35.27,0,35.5
C0122,2026-03-31,Standard,West,48,62.29,1,53.55,1,41.92
C0123,2026-03-31,Basic,East,45,40.9,3,38.18,0,22.35
C0124,2026-03-31,Basic,North,31,30.73,0,43.62,0,42.1
C0125,2026-03-31,Basic,West,64,45.53,4,43.67,0,36.19
C0126,2026-03-31,Standard,East,31,64.53,0,49.74,0,46.3
C0127,2026-03-31,Basic,South,23,35.51,0,18.6,0,19.25
C0128,2026-03-31,Basic,East,42,33.31,0,41.62,0,38.4
C0129,2026-03-31,Basic,West,13,40.98,0,37.11,0,41.42
C0130,2026-03-31,Standard,West,66,73.66,1,37.12,0,30.33
C0131,2026-03-31,Basic,West,48,30.23,1,23.82,1,19.27
C0132,2026-03-31,Premium,South,38,101.93,2,62.23,0,54.01
C0133,2026-03-31,Standard,West,30,,1,48.71,0,51.62
C0134,2026-03-31,Basic,South,25,31.68,2,30.51,0,26.67
C0135,2026-03-31,Standard,East,9,63.34,2,47.34,0,37.63
C0136,2026-03-31,Basic,East,30,35.74,3,51.69,0,45.85
C0137,2026-03-31,Premium,North,55,86.44,0,40.3,0,33.24
C0138,2026-03-31,Standard,South,22,62.53,1,35.77,0,23.4
C0139,2026-03-31,Standard,North,25,67.14,0,42.76,0,36.64
C0140,2026-03-31,Basic,North,62,33.71,1,50.71,0,39.37
C0141,2026-03-31,Standard,South,40,67.12,1,45.35,0,40.18
C0142,2026-03-31,Standard,South,6,57.94,0,62.65,0,55.62
C0143,2026-03-31,Premium,North,57,,2,47.67,0,40.78
C0144,2026-03-31,Standard,South,18,69.12,3,25.97,1,25.97
C0145,2026-03-31,Standard,East,10,70.07,0,43.72,0,42.67
C0146,2026-03-31,Basic,North,7,30.88,2,40.06,0,23.81
C0147,2026-03-31,Basic,South,22,29.95,0,37.84,0,34.5
C0148,2026-03-31,Standard,South,51,65.74,0,50.2,1,40.5
C0149,2026-03-31,Standard,East,5,65.17,2,44.14,0,40.04
C0150,2026-03-31,Basic,South,35,33.52,0,40.97,0,26.36
C0151,2026-03-31,Premium,East,17,92.61,0,61.13,0,66.25
C0152,2026-03-31,Premium,South,46,97.08,1,62.02,0,59.91
C0153,2026-03-31,Basic,South,22,35.5,0,20.3,0,24.38
C0154,2026-03-31,Standard,South,32,61.33,0,16.95,0,28.37
C0155,2026-03-31,Basic,North,24,37.55,1,46.35,1,44.83
C0156,2026-03-31,Standard,East,29,60.61,1,66.51,0,60.39
C0157,2026-03-31,Basic,North,7,39.45,0,25.49,0,23.59
C0158,2026-03-31,Standard,South,4,65.05,1,31.98,0,36.48
C0159,2026-03-31,Standard,West,44,61.46,0,50.86,0,45.53
C0160,2026-03-31,Standard,West,39,62.45,1,63.32,0,55.09
C0161,2026-03-31,Basic,East,45,32.3,4,53.96,0,42.36
C0162,2026-03-31,Premium,West,7,94.09,1,44.41,0,39.52
C0163,2026-03-31,Basic,West,60,43.14,4,33.47,0,24.54
C0164,2026-03-31,Basic,South,58,31.76,1,31.14,0,24.47
C0165,2026-03-31,Standard,West,15,73.08,0,47.6,0,37.6
C0166,2026-03-31,Basic,South,27,40.08,1,45.77,0,42.63
C0167,2026-03-31,Premium,South,66,94.06,1,54.03,0,56.41
C0168,2026-03-31,Premium,East,40,94.6,1,73.79,0,79.83
C0169,2026-03-31,Basic,West,64,38.76,1,56.0,0,41.76
C0170,2026-03-31,Premium,West,21,96.64,0,67.81,0,68.96
C0171,2026-03-31,Basic,South,54,33.9,1,29.65,0,24.04
C0172,2026-03-31,,East,43,63.83,1,47.8,0,35.58
C0173,2026-03-31,Basic,North,29,31.43,4,40.08,0,35.45
C0174,2026-03-31,Premium,West,26,85.11,1,64.79,0,59.8
C0175,2026-03-31,Basic,East,34,33.44,2,54.44,0,36.13
C0176,2026-03-31,Basic,East,61,33.81,1,39.54,0,35.82
C0177,2026-03-31,Standard,West,34,65.7,4,70.21,0,58.23
C0178,2026-03-31,Premium,East,59,102.13,1,68.52,0,68.13
C0179,2026-03-31,Premium,North,54,87.56,1,58.2,0,55.31
C0180,2026-03-31,Standard,South,47,64.48,2,21.23,0,8.14
C0181,2026-03-31,Premium,North,42,91.9,1,57.39,0,48.76
C0182,2026-03-31,Premium,East,29,92.8,1,57.91,0,44.84
C0183,2026-03-31,Standard,North,51,66.9,1,29.08,0,22.15
C0184,2026-03-31,Basic,North,18,30.51,1,56.11,0,59.21
C0185,2026-03-31,Standard,East,66,68.1,1,65.88,0,50.85
C0186,2026-03-31,Standard,East,34,74.02,2,60.87,0,47.52
C0187,2026-03-31,Basic,East,20,37.46,1,39.27,0,33.8
C0188,2026-03-31,Basic,West,9,38.47,3,43.47,0,30.53
C0189,2026-03-31,Standard,West,8,67.63,2,49.51,0,42.16
C0190,2026-03-31,Basic,North,4,43.44,0,45.14,0,34.91
C0191,2026-03-31,Premium,West,51,100.66,0,43.61,0,44.01
C0192,2026-03-31,Basic,East,50,34.6,0,38.23,0,28.89
C0193,2026-03-31,Basic,East,61,32.18,0,39.68,0,40.91
C0194,2026-03-31,Premium,North,47,94.98,0,44.91,0,34.35
C0195,2026-03-31,Basic,East,20,35.69,1,46.71,0,38.11
C0196,2026-03-31,Basic,East,61,,0,45.88,0,40.81
C0197,2026-03-31,Standard,East,23,64.67,0,61.46,0,53.31
C0198,2026-03-31,Premium,North,23,93.42,2,61.29,0,58.37
C0199,2026-03-31,Basic,East,32,42.64,1,43.44,0,30.93
C0200,2026-03-31,Basic,West,10,33.66,0,48.11,0,35.41
C0201,2026-03-31,Standard,East,17,,1,49.23,0,47.58
C0202,2026-03-31,Premium,North,31,88.38,2,51.6,0,47.03
C0203,2026-03-31,Standard,West,34,59.57,0,38.3,0,38.76
C0204,2026-03-31,Basic,West,27,41.8,1,27.87,0,28.1
C0205,2026-03-31,Basic,North,59,39.71,0,24.14,0,22.94
C0206,2026-03-31,Basic,West,22,31.58,1,25.59,0,28.29
C0207,2026-03-31,Basic,South,43,29.57,0,47.81,0,37.6
C0208,2026-03-31,Standard,East,10,67.42,2,50.48,0,34.33
C0209,2026-03-31,Basic,South,4,35.8,4,18.73,0,8.46
C0210,2026-03-31,Standard,West,12,55.72,2,51.75,0,45.08
C0211,2026-03-31,Standard,West,21,59.68,0,55.86,0,43.69
C0212,2026-03-31,Standard,West,40,,1,61.82,0,50.03
C0213,2026-03-31,Basic,West,37,29.69,1,43.45,0,40.37
C0214,2026-03-31,Premium,West,38,92.34,1,54.07,0,56.56
C0215,2026-03-31,Standard,North,9,,1,34.54,0,28.97
C0216,2026-03-31,Standard,South,56,62.28,0,39.68,0,37.71
C0217,2026-03-31,Basic,East,44,32.53,1,29.92,0,21.18
C0218,2026-03-31,Basic,East,23,30.27,0,38.83,0,29.16
C0219,2026-03-31,Premium,North,11,101.52,2,58.77,0,48.34
C0220,2026-03-31,Basic,North,54,35.37,0,55.73,0,52.53
C0221,2026-03-31,Basic,East,27,30.97,0,40.52,0,35.81
C0222,2026-03-31,,East,22,,1,33.97,0,26.2
C0223,2026-03-31,Standard,North,63,67.82,4,37.35,0,27.99
C0224,2026-03-31,Premium,North,20,88.98,0,55.45,0,60.6
C0225,2026-03-31,Basic,North,37,29.97,0,39.17,0,34.76
C0226,2026-03-31,Premium,East,27,94.14,0,48.64,0,48.17
C0227,2026-03-31,Basic,North,19,47.45,2,42.37,1,28.03
C0228,2026-03-31,Standard,East,37,58.94,1,40.94,0,36.21
C0229,2026-03-31,Standard,South,54,70.62,1,39.91,0,36.45
C0230,2026-03-31,Basic,South,60,36.94,1,43.17,0,44.48
C0231,2026-03-31,Basic,East,65,38.92,1,32.64,0,23.8
C0232,2026-03-31,Basic,East,10,37.31,2,41.64,0,33.14
C0233,2026-03-31,Premium,East,52,103.45,0,63.04,0,61.34
C0234,2026-03-31,Standard,West,60,63.92,1,35.71,0,32.3
C0235,2026-03-31,Premium,West,35,91.58,0,56.04,0,56.57
C0236,2026-03-31,Premium,West,8,95.16,1,70.34,0,74.84
C0237,2026-03-31,Standard,East,51,62.58,0,41.12,0,39.09
C0238,2026-03-31,Standard,South,35,74.59,2,15.45,0,21.25
C0239,2026-03-31,Basic,North,55,37.23,1,24.74,0,24.41
C0240,2026-03-31,Basic,East,54,43.75,2,43.54,0,25.62
C0001,2026-04-30,Standard,South,37,68.01,4,33.39,1,23.38
C0002,2026-04-30,Standard,West,20,,2,40.75,0,32.06
C0003,2026-04-30,Premium,South,55,91.77,2,59.87,0,49.52
C0004,2026-04-30,Standard,West,43,62.46,2,55.78,0,47.02
C0005,2026-04-30,Basic,South,20,44.48,0,24.78,0,19.95
C0006,2026-04-30,Premium,North,23,101.86,1,60.39,0,49.93
C0007,2026-04-30,Standard,South,26,76.01,2,67.36,0,52.15
C0008,2026-04-30,Standard,East,38,67.99,2,31.48,0,21.18
C0009,2026-04-30,Basic,West,45,19.34,3,28.0,0,34.59
C0010,2026-04-30,Standard,East,40,64.96,0,41.35,0,42.44
C0011,2026-04-30,Basic,West,46,50.9,1,34.45,0,31.15
C0012,2026-04-30,Premium,West,37,88.32,1,52.24,0,48.21
C0013,2026-04-30,Standard,West,43,55.71,0,52.58,0,49.32
C0014,2026-04-30,Premium,East,45,100.66,1,40.07,0,41.82
C0015,2026-04-30,Standard,South,36,64.35,2,54.99,0,46.12
C0016,2026-04-30,Basic,South,54,34.06,3,34.73,0,9.95
C0017,2026-04-30,Standard,North,33,74.64,0,58.91,0,51.61
C0018,2026-04-30,Basic,South,38,41.02,2,35.55,0,29.06
C0019,2026-04-30,Premium,West,40,95.85,1,55.09,0,47.27
C0020,2026-04-30,Standard,South,11,64.72,2,62.16,0,52.76
C0021,2026-04-30,Standard,North,35,70.62,3,50.56,0,41.3
C0022,2026-04-30,Basic,East,15,36.03,0,39.5,0,37.86
C0023,2026-04-30,Premium,West,65,93.11,2,33.24,1,30.77
C0024,2026-04-30,Premium,West,57,97.86,2,64.7,1,59.92
C0025,2026-04-30,Standard,South,38,63.09,2,30.91,0,26.44
C0026,2026-04-30,Basic,South,32,39.83,1,53.89,0,43.38
C0027,2026-04-30,Standard,East,26,64.13,2,23.77,1,24.77
C0028,2026-04-30,Basic,North,44,33.6,2,43.31,0,37.78
C0029,2026-04-30,Basic,South,43,37.85,1,30.65,0,32.25
C0030,2026-04-30,Standard,North,26,57.73,0,30.87,0,27.7
C0031,2026-04-30,,West,10,67.41,4,52.0,0,30.52
C0032,2026-04-30,Premium,East,28,95.89,4,57.43,0,40.6
C0033,2026-04-30,Basic,West,67,34.7,5,36.67,1,32.87
C0034,2026-04-30,Basic,West,14,39.49,0,52.24,0,49.89
C0035,2026-04-30,Standard,West,21,70.93,0,43.62,0,37.94
C0036,2026-04-30,Basic,North,12,37.27,1,39.48,0,32.45
C0037,2026-04-30,Basic,West,54,43.59,1,40.39,0,35.07
C0038,2026-04-30,Standard,North,38,66.02,2,44.58,0,35.6
C0039,2026-04-30,Basic,South,19,33.53,2,42.4,0,43.21
C0040,2026-04-30,Standard,East,55,60.21,1,42.05,0,40.58
C0041,2026-04-30,Standard,South,31,61.54,0,42.56,0,38.1
C0042,2026-04-30,Premium,North,5,89.39,0,72.35,0,66.66
C0043,2026-04-30,Standard,North,46,68.32,0,23.6,0,29.53
C0044,2026-04-30,Basic,West,10,40.24,1,30.81,0,15.97
C0045,2026-04-30,Premium,South,50,97.13,0,69.98,0,64.23
C0046,2026-04-30,Premium,South,28,87.76,0,86.6,0,74.5
C0047,2026-04-30,Basic,West,19,44.54,0,40.95,0,32.95
C0048,2026-04-30,Basic,North,66,42.63,0,21.72,0,22.82
C0049,2026-04-30,Standard,West,47,63.03,1,41.97,0,33.27
C0050,2026-04-30,Basic,West,13,42.49,0,35.0,0,35.83
C0051,2026-04-30,Basic,East,11,32.52,2,26.38,1,26.79
C0052,2026-04-30,Basic,North,23,30.17,0,20.42,1,22.04
C0053,2026-04-30,Standard,North,34,68.03,3,38.77,0,32.86
C0054,2026-04-30,Standard,South,45,,1,44.94,0,41.88
C0055,2026-04-30,Standard,East,21,70.32,3,32.13,0,24.48
C0056,2026-04-30,Standard,North,5,68.07,1,48.21,0,43.4
C0057,2026-04-30,Standard,South,54,72.2,3,70.38,0,53.28
C0058,2026-04-30,Standard,North,31,68.79,2,60.29,0,48.31
C0059,2026-04-30,Basic,East,54,39.38,1,32.86,0,33.08
C0060,2026-04-30,Basic,North,43,29.01,1,47.43,0,39.81
C0061,2026-04-30,Standard,East,24,62.32,0,48.79,0,41.89
C0062,2026-04-30,Standard,North,40,60.65,0,31.37,0,31.96
C0063,2026-04-30,Standard,North,22,60.18,2,44.12,0,29.36
C0064,2026-04-30,Standard,North,14,65.4,0,31.03,0,39.48
C0065,2026-04-30,Standard,West,19,66.81,2,60.87,0,43.72
C0066,2026-04-30,Standard,North,33,74.06,1,42.73,0,37.72
C0067,2026-04-30,Standard,South,31,70.09,1,69.53,0,53.32
C0068,2026-04-30,Basic,East,7,32.2,2,36.57,0,31.66
C0069,2026-04-30,Basic,East,67,41.53,0,41.17,0,35.74
C0070,2026-04-30,Standard,East,46,61.49,0,53.29,0,53.83
C0071,2026-04-30,Basic,West,14,32.82,0,40.2,0,41.37
C0072,2026-04-30,Basic,South,55,33.57,0,33.42,0,34.97
C0073,2026-04-30,Premium,West,17,93.95,0,66.32,0,61.58
C0074,2026-04-30,Basic,South,52,34.32,4,42.9,0,40.04
C0075,2026-04-30,Basic,West,64,39.77,0,19.72,0,17.81
C0076,2026-04-30,Basic,East,67,31.79,1,34.72,0,24.48
C0077,2026-04-30,Basic,East,33,33.23,1,24.7,0,27.51
C0078,2026-04-30,Standard,West,58,73.07,2,47.21,0,41.77
C0079,2026-04-30,Standard,West,20,55.76,1,45.52,0,32.8
C0080,2026-04-30,Standard,West,28,66.7,1,27.0,0,24.53
C0081,2026-04-30,Standard,East,58,55.29,1,29.84,0,31.62
C0082,2026-04-30,Basic,North,52,34.14,3,48.0,0,30.7
C0083,2026-04-30,Premium,South,51,97.77,3,45.93,0,40.41
C0084,2026-04-30,Basic,North,48,34.03,1,12.94,0,5.24
C0085,2026-04-30,Basic,West,44,31.89,0,43.62,0,45.09
C0086,2026-04-30,Basic,North,32,33.56,1,41.58,0,32.43
C0087,2026-04-30,Standard,North,37,,3,39.27,0,30.38
C0088,2026-04-30,Standard,North,49,64.37,0,34.78,0,36.45
C0089,2026-04-30,Basic,East,28,28.42,2,42.07,1,31.76
C0090,2026-04-30,Standard,East,42,62.58,0,57.53,0,57.63
C0091,2026-04-30,Basic,West,12,36.21,1,61.39,0,54.77
C0092,2026-04-30,Standard,South,18,69.63,1,46.3,0,39.48
C0093,2026-04-30,Standard,South,12,61.76,2,52.03,0,36.45
C0094,2026-04-30,Basic,North,26,33.99,1,39.1,0,23.65
C0095,2026-04-30,Basic,North,37,38.72,1,55.29,0,51.3
C0096,2026-04-30,Standard,South,42,66.41,3,47.75,0,43.31
C0097,2026-04-30,Basic,West,27,42.43,1,51.93,0,41.01
C0098,2026-04-30,Basic,East,52,39.9,2,30.89,0,33.54
C0099,2026-04-30,Basic,West,49,26.91,2,45.03,0,27.92
C0100,2026-04-30,Premium,North,21,95.39,3,52.86,0,53.94
C0101,2026-04-30,Premium,North,48,92.48,5,64.21,0,63.4
C0102,2026-04-30,Standard,West,52,72.2,2,63.71,0,50.05
C0103,2026-04-30,Basic,North,16,41.28,2,34.46,1,27.26
C0104,2026-04-30,Premium,North,28,90.07,1,56.59,0,53.22
C0105,2026-04-30,Standard,South,54,60.92,1,61.39,0,48.29
C0106,2026-04-30,Standard,West,16,70.73,2,41.24,0,39.14
C0107,2026-04-30,Standard,East,16,65.17,0,54.8,0,46.01
C0108,2026-04-30,Basic,North,24,43.05,1,19.5,0,29.12
C0109,2026-04-30,Basic,West,7,38.42,2,32.25,0,26.47
C0110,2026-04-30,Premium,West,36,,0,41.22,0,43.71
C0111,2026-04-30,Standard,West,27,67.11,1,24.35,1,15.29
C0112,2026-04-30,Basic,West,20,33.73,1,35.1,0,24.35
C0113,2026-04-30,Basic,North,42,28.09,2,28.84,0,28.28
C0114,2026-04-30,Standard,West,32,73.79,2,46.25,0,32.67
C0115,2026-04-30,Basic,South,27,44.45,2,49.55,0,40.07
C0116,2026-04-30,Premium,West,56,102.43,2,57.27,0,44.6
C0117,2026-04-30,Standard,East,53,63.69,0,33.07,0,31.78
C0118,2026-04-30,Standard,West,26,66.7,0,48.36,0,47.22
C0119,2026-04-30,Standard,East,43,68.04,0,59.23,0,57.4
C0120,2026-04-30,Standard,East,59,73.11,1,38.1,0,30.75
C0121,2026-04-30,Standard,East,64,63.39,0,40.45,0,36.44
C0122,2026-04-30,Standard,West,20,66.33,0,51.61,0,49.77
C0123,2026-04-30,Basic,East,28,35.39,1,30.51,1,30.46
C0124,2026-04-30,Basic,North,49,42.29,0,48.93,0,44.41
C0125,2026-04-30,Basic,West,49,30.64,0,38.52,0,24.52
C0126,2026-04-30,Standard,East,56,63.92,0,51.61,0,43.55
C0127,2026-04-30,Basic,South,44,34.86,1,24.71,0,18.73
C0128,2026-04-30,Basic,East,47,34.78,1,39.37,0,24.14
C0129,2026-04-30,Basic,West,50,42.24,2,50.79,0,45.01
C0130,2026-04-30,Standard,West,50,65.54,1,32.5,1,30.64
C0131,2026-04-30,Basic,West,11,30.59,4,25.34,1,19.06
C0132,2026-04-30,Premium,South,33,98.04,1,62.81,0,61.79
C0133,2026-04-30,Standard,West,6,63.55,1,42.86,0,42.5
C0134,2026-04-30,Basic,South,22,29.14,1,22.97,1,20.05
C0135,2026-04-30,Standard,East,41,68.4,0,52.21,0,43.56
C0136,2026-04-30,Basic,East,43,33.71,5,49.55,1,31.86
C0137,2026-04-30,Premium,North,25,94.17,1,32.06,0,23.6
C0138,2026-04-30,Standard,South,31,59.94,3,31.08,0,17.93
C0139,2026-04-30,Standard,North,29,62.71,1,38.29,0,36.09
C0140,2026-04-30,Basic,North,25,25.25,1,51.28,0,44.11
C0141,2026-04-30,,South,6,61.76,2,50.91,0,43.23
C0142,2026-04-30,Standard,South,53,,0,52.52,0,43.34
C0143,2026-04-30,Premium,North,55,93.47,2,46.71,0,43.15
C0144,2026-04-30,Standard,South,45,68.12,2,33.56,0,15.28
C0145,2026-04-30,Standard,East,22,65.41,2,52.22,0,47.85
C0146,2026-04-30,Basic,North,28,47.05,2,41.45,0,30.39
C0147,2026-04-30,Basic,South,17,31.73,1,46.08,0,37.45
C0148,2026-04-30,Standard,South,39,64.09,1,44.42,0,38.94
C0149,2026-04-30,Standard,East,47,62.17,1,45.46,0,35.79
C0150,2026-04-30,Basic,South,31,35.48,0,35.65,0,24.51
C0151,2026-04-30,Premium,East,28,101.87,2,60.66,0,51.84
C0152,2026-04-30,Premium,South,46,81.47,2,62.48,0,50.74
C0153,2026-04-30,Basic,South,62,34.44,0,18.15,0,18.29
C0154,2026-04-30,Standard,South,15,61.79,2,24.74,0,18.91
C0155,2026-04-30,Basic,North,29,33.66,3,40.31,1,35.44
C0156,2026-04-30,Standard,East,65,74.1,0,58.54,0,52.85
C0157,2026-04-30,Basic,North,10,33.55,1,26.37,0,22.24
C0158,2026-04-30,Standard,South,25,73.08,2,24.22,1,20.49
C0159,2026-04-30,Standard,West,61,70.95,1,46.87,0,40.78
C0160,2026-04-30,Standard,West,25,55.44,3,56.98,0,51.92
C0161,2026-04-30,Basic,East,66,23.41,1,62.43,0,50.92
C0162,2026-04-30,Premium,West,9,93.34,2,53.21,0,50.09
C0163,2026-04-30,Basic,West,21,28.16,2,42.55,0,30.9
C0164,2026-04-30,Basic,South,51,36.65,2,28.43,0,27.08
C0165,2026-04-30,Standard,West,15,61.01,1,51.01,0,42.77
C0166,2026-04-30,Basic,South,54,28.95,0,44.58,0,47.51
C0167,2026-04-30,Premium,South,22,104.36,3,44.51,0,47.46
C0168,2026-04-30,Premium,East,48,95.15,1,74.07,0,59.23
C0169,2026-04-30,Basic,West,66,34.84,3,50.98,0,47.34
C0170,2026-04-30,Premium,West,50,91.77,1,58.99,0,50.2
C0171,2026-04-30,Basic,South,32,31.38,0,30.02,0,38.02
C0172,2026-04-30,Standard,East,29,72.6,1,54.06,0,50.72
C0173,2026-04-30,Basic,North,49,32.74,0,50.76,0,40.79
C0174,2026-04-30,Premium,West,56,95.25,2,53.95,1,48.92
C0175,2026-04-30,Basic,East,40,35.67,0,48.31,0,42.04
C0176,2026-04-30,,East,8,40.86,2,35.36,0,16.39
C0177,2026-04-30,Standard,West,37,67.0,3,55.37,1,44.83
C0178,2026-04-30,Premium,East,42,103.87,1,57.32,0,55.72
C0179,2026-04-30,Premium,North,38,93.5,0,45.0,0,28.78
C0180,2026-04-30,Standard,South,6,63.49,1,39.5,0,34.02
C0181,2026-04-30,Premium,North,66,89.96,0,63.98,0,70.1
C0182,2026-04-30,Premium,East,61,102.73,1,49.72,0,44.64
C0183,2026-04-30,Standard,North,6,68.26,0,27.89,0,32.19
C0184,2026-04-30,Basic,North,17,34.32,1,49.66,0,45.83
C0185,2026-04-30,Standard,East,67,65.61,0,56.66,0,48.04
C0186,2026-04-30,Standard,East,32,65.81,1,60.86,0,45.62
C0187,2026-04-30,Basic,East,12,39.71,2,40.99,0,29.32
C0188,2026-04-30,,West,56,27.7,2,47.07,0,45.1
C0189,2026-04-30,Standard,West,52,65.2,2,48.28,0,50.9
C0190,2026-04-30,Basic,North,55,38.43,0,51.62,0,37.11
C0191,2026-04-30,Premium,West,36,88.48,1,50.99,1,39.96
C0192,2026-04-30,Basic,East,53,30.1,1,36.13,1,30.33
C0193,2026-04-30,Basic,East,65,35.58,1,40.45,0,42.06
C0194,2026-04-30,Premium,North,45,90.85,3,31.76,0,25.87
C0195,2026-04-30,Basic,East,45,41.91,2,42.22,0,43.08
C0196,2026-04-30,Basic,East,5,38.53,0,37.08,0,33.71
C0197,2026-04-30,Standard,East,6,53.22,1,74.49,0,60.3
C0198,2026-04-30,Premium,North,24,88.79,2,75.83,0,70.18
C0199,2026-04-30,Basic,East,27,25.66,2,41.82,0,36.88
C0200,2026-04-30,Basic,West,50,32.76,2,35.28,0,23.68
C0201,2026-04-30,Standard,East,31,62.36,2,50.03,0,39.23
C0202,2026-04-30,Premium,North,55,89.78,2,53.25,0,49.49
C0203,2026-04-30,Standard,West,66,61.19,1,40.61,0,26.95
C0204,2026-04-30,Basic,West,63,27.73,1,34.36,0,28.09
C0205,2026-04-30,Basic,North,34,37.44,1,27.4,0,25.15
C0206,2026-04-30,Basic,West,22,27.49,2,26.61,0,29.81
C0207,2026-04-30,Basic,South,67,34.1,1,52.41,0,44.58
C0208,2026-04-30,Standard,East,30,70.49,3,45.35,1,35.91
C0209,2026-04-30,Basic,South,20,32.87,0,21.74,1,24.81
C0210,2026-04-30,Standard,West,18,69.99,0,49.27,0,52.23
C0211,2026-04-30,Standard,West,11,55.97,0,70.91,0,57.44
C0212,2026-04-30,Standard,West,18,61.56,1,61.62,0,50.1
C0213,2026-04-30,Basic,West,47,36.12,3,53.96,0,40.16
C0214,2026-04-30,Premium,West,56,93.33,2,50.73,0,46.85
C0215,2026-04-30,Standard,North,27,61.53,3,36.27,0,32.38
C0216,2026-04-30,Standard,South,8,62.27,2,38.71,0,38.0
C0217,2026-04-30,Basic,East,19,41.2,1,35.7,1,33.99
C0218,2026-04-30,Basic,East,52,34.31,0,44.79,0,41.66
C0219,2026-04-30,Premium,North,64,100.83,1,68.7,0,53.42
C0220,2026-04-30,Basic,North,12,38.04,3,50.73,0,31.24
C0221,2026-04-30,Basic,East,12,30.99,1,33.72,1,26.91
C0222,2026-04-30,Standard,East,60,62.88,1,33.7,0,42.13
C0223,2026-04-30,Standard,North,41,60.45,3,49.25,0,37.26
C0224,2026-04-30,Premium,North,15,99.86,1,59.25,0,51.29
C0225,2026-04-30,Basic,North,41,39.25,1,37.94,0,34.15
C0226,2026-04-30,Premium,East,18,96.11,1,47.04,0,45.68
C0227,2026-04-30,Basic,North,20,28.16,1,50.38,0,41.89
C0228,2026-04-30,Standard,East,8,62.56,0,50.58,0,51.38
C0229,2026-04-30,Standard,South,61,64.05,1,43.31,0,34.88
C0230,2026-04-30,Basic,South,29,38.55,2,37.48,0,27.97
C0231,2026-04-30,Basic,East,62,41.28,2,32.03,1,25.64
C0232,2026-04-30,Basic,East,63,37.69,2,41.71,1,31.51
C0233,2026-04-30,Premium,East,38,93.5,2,51.99,1,47.04
C0234,2026-04-30,Standard,West,12,57.6,0,28.69,0,25.52
C0235,2026-04-30,Premium,West,45,97.88,3,49.17,1,38.32
C0236,2026-04-30,Premium,West,25,99.59,2,67.59,0,63.63
C0237,2026-04-30,Standard,East,15,65.21,2,45.47,0,35.62
C0238,2026-04-30,Standard,South,42,67.1,0,15.02,0,11.11
C0239,2026-04-30,Basic,North,48,39.53,0,17.77,0,14.02
C0240,2026-04-30,Basic,East,67,35.51,1,37.66,0,41.05
