customer_id,snapshot_date,access_group,tenure_months,monthly_charge,support_contacts,usage_hours,plan,region,churned_next_month
C00001,2026-01-31,Group A,33,,1,50.06,Standard,West,0
C00682,2026-01-31,Group B,63,36.59,3,32.83,Basic,North,0
C00678,2026-01-31,Group A,10,60.76,1,26.08,Standard,North,0
C00674,2026-01-31,Group A,7,69.24,2,33.91,Standard,East,0
C00670,2026-01-31,Group C,25,65.08,3,33.79,Standard,East,0
C00663,2026-01-31,Group C,8,64.24,0,43.67,Standard,South,0
C00659,2026-01-31,Group C,56,99.67,2,55.7,Premium,West,0
C00623,2026-01-31,Group A,16,29.9,0,31.1,Basic,East,0
C00620,2026-01-31,Group A,42,41.58,1,33.06,Basic,West,0
C00619,2026-01-31,Group A,30,102.67,0,69.74,Premium,South,0
C00604,2026-01-31,Group A,16,29.15,0,20.32,Basic,East,0
C00588,2026-01-31,Group B,68,36.38,1,27.6,Basic,West,0
C00695,2026-01-31,Group A,10,36.51,0,49.81,Basic,North,0
C00584,2026-01-31,Group C,3,89.79,0,55.19,Premium,West,0
C00581,2026-01-31,Group B,33,30.0,2,35.14,Basic,West,0
C00580,2026-01-31,Group A,49,63.92,0,44.98,Standard,West,0
C00575,2026-01-31,Group A,51,91.58,2,45.36,Premium,West,0
C00574,2026-01-31,Group B,24,92.98,2,41.09,Premium,South,0
C00562,2026-01-31,Group C,23,92.26,0,56.25,Premium,East,0
C00546,2026-01-31,Group A,2,62.27,2,59.55,Standard,South,0
C00542,2026-01-31,Group B,47,35.93,3,41.84,Basic,North,0
C00540,2026-01-31,Group B,51,38.34,2,48.87,Basic,East,0
C00538,2026-01-31,Group A,17,61.8,2,45.01,Standard,North,0
C00536,2026-01-31,Group C,41,67.51,1,45.03,Standard,South,0
C00533,2026-01-31,Group A,39,64.13,2,27.98,Standard,East,1
C00583,2026-01-31,Group B,59,68.65,1,78.36,Standard,East,0
C00699,2026-01-31,Group B,54,82.77,3,48.07,Premium,East,0
C00700,2026-01-31,Group A,56,92.07,1,67.61,Premium,West,0
C00705,2026-01-31,Group A,7,70.52,0,53.23,Standard,South,0
C00830,2026-01-31,Group C,24,44.31,1,25.8,Basic,East,0
C00826,2026-01-31,Group A,29,98.81,0,44.14,Premium,West,0
C00823,2026-01-31,Group B,17,104.2,2,40.65,Premium,East,0
C00821,2026-01-31,Group A,57,22.31,0,38.6,Basic,East,0
C00818,2026-01-31,Group A,49,42.16,0,42.27,Basic,South,0
C00817,2026-01-31,Group A,19,37.5,1,23.5,Basic,East,0
C00811,2026-01-31,Group C,71,69.66,1,55.04,Standard,North,0
C00808,2026-01-31,Group A,63,42.48,4,28.58,Basic,South,0
C00801,2026-01-31,Group A,51,92.57,0,35.62,Premium,West,0
C00791,2026-01-31,Group B,16,32.11,3,24.39,Basic,South,0
C00790,2026-01-31,Group A,50,73.3,0,34.75,Standard,South,0
C00787,2026-01-31,Group B,38,55.64,1,38.35,Standard,North,0
C00784,2026-01-31,Group B,21,27.51,0,49.97,Basic,East,0
C00783,2026-01-31,Group B,71,28.28,0,35.41,Basic,North,0
C00778,2026-01-31,Group A,29,96.26,0,32.21,Premium,East,0
C00773,2026-01-31,Group C,60,57.68,0,51.16,Standard,North,0
C00769,2026-01-31,Group A,51,46.6,3,14.9,Basic,North,0
C00759,2026-01-31,Group A,64,30.17,1,27.8,Basic,East,0
C00753,2026-01-31,Group A,57,37.29,1,49.89,Basic,North,0
C00752,2026-01-31,Group C,40,67.62,3,29.77,Standard,North,0
C00728,2026-01-31,Group C,56,68.59,0,30.99,Standard,East,0
C00726,2026-01-31,Group A,21,101.25,1,45.56,Premium,West,0
C00724,2026-01-31,Group A,64,88.96,4,48.31,Premium,West,0
C00721,2026-01-31,Group C,58,68.45,2,35.1,Standard,South,0
C00707,2026-01-31,Group A,24,32.65,3,35.61,Basic,South,0
C00532,2026-01-31,Group A,21,33.38,0,20.58,Basic,East,0
C00834,2026-01-31,Group A,54,59.83,1,34.8,Standard,North,0
C00528,2026-01-31,Group A,37,59.21,2,39.52,Standard,North,0
C00518,2026-01-31,Group C,6,64.41,0,22.46,Standard,North,0
C00369,2026-01-31,Group A,56,99.19,1,65.31,Premium,East,0
C00365,2026-01-31,Group C,25,34.15,3,43.85,Basic,North,1
C00359,2026-01-31,Group C,57,70.81,2,43.0,Standard,North,0
C00357,2026-01-31,Group A,51,63.26,1,48.2,Standard,North,0
C00352,2026-01-31,Group A,11,71.26,2,43.12,Standard,East,1
C00350,2026-01-31,Group A,48,89.98,0,68.59,Premium,North,0
C00329,2026-01-31,Group B,32,33.69,0,40.51,Basic,East,0
C00328,2026-01-31,Group A,7,99.98,4,61.13,Premium,South,0
C00322,2026-01-31,Group B,50,71.42,1,60.4,Standard,East,0
C00313,2026-01-31,Group A,30,61.31,0,32.48,Standard,North,0
C00310,2026-01-31,Group B,31,33.6,1,20.21,Basic,South,0
C00376,2026-01-31,Group B,33,39.24,0,17.09,Basic,East,0
C00306,2026-01-31,Group B,10,62.51,1,39.57,Standard,East,0
C00300,2026-01-31,Group A,34,37.14,1,51.07,Basic,North,0
C00287,2026-01-31,Group A,32,63.21,0,43.98,Standard,East,0
C00280,2026-01-31,Group A,17,70.84,1,36.19,Standard,South,0
C00279,2026-01-31,Group B,70,94.74,2,37.98,Premium,South,0
C00273,2026-01-31,Group C,61,41.04,2,51.9,Basic,East,0
C00272,2026-01-31,Group B,5,65.98,0,51.9,Standard,North,0
C00258,2026-01-31,Group A,15,90.29,3,54.87,Premium,North,0
C00256,2026-01-31,Group A,25,44.87,1,22.01,Basic,West,0
C00250,2026-01-31,Group A,9,66.53,2,36.6,Standard,West,0
C00246,2026-01-31,Group A,46,58.86,1,30.55,Standard,North,0
C00243,2026-01-31,Group B,47,43.2,2,42.73,Basic,West,0
C00303,2026-01-31,Group A,40,67.21,0,45.32,Standard,East,0
C00381,2026-01-31,Group C,2,31.5,2,48.03,Basic,South,0
C00385,2026-01-31,Group C,31,65.72,1,58.71,Standard,West,0
C00386,2026-01-31,Group A,52,31.04,0,49.34,Basic,North,0
C00516,2026-01-31,Group B,71,96.38,0,55.61,Premium,North,0
C00501,2026-01-31,Group A,66,36.55,2,47.04,Basic,East,0
C00497,2026-01-31,Group B,29,32.47,3,40.64,Basic,East,0
C00480,2026-01-31,Group A,46,91.04,1,42.29,Premium,West,0
C00478,2026-01-31,Group A,11,26.37,0,48.22,Basic,West,0
C00467,2026-01-31,Group A,46,65.0,4,29.82,Standard,North,0
C00465,2026-01-31,Group A,10,100.96,2,44.1,Premium,North,0
C00462,2026-01-31,Group B,24,31.17,2,36.99,Basic,North,0
C00460,2026-01-31,Group A,30,59.43,0,32.32,Standard,East,0
C00457,2026-01-31,Group B,6,91.82,0,57.13,Premium,East,0
C00454,2026-01-31,Group B,58,83.31,2,48.85,Premium,North,0
C00443,2026-01-31,Group C,15,95.71,3,31.04,Premium,East,0
C00439,2026-01-31,Group A,26,27.78,1,42.65,Basic,North,0
C00436,2026-01-31,Group B,43,57.15,1,65.1,Standard,North,0
C00434,2026-01-31,Group A,26,65.34,1,42.9,Standard,South,1
C00431,2026-01-31,Group B,6,92.46,1,63.69,Premium,South,0
C00429,2026-01-31,Group A,32,61.5,1,51.11,Standard,West,0
C00418,2026-01-31,Group B,13,44.77,3,26.84,Basic,North,1
C00415,2026-01-31,Group A,37,58.21,2,36.02,Standard,North,0
C00414,2026-01-31,Group A,8,39.56,1,32.34,Basic,West,0
C00410,2026-01-31,Group B,11,45.93,2,35.79,Basic,North,1
C00408,2026-01-31,Group A,28,58.15,3,25.23,Standard,East,1
C00397,2026-01-31,Group B,18,60.99,1,48.61,Standard,West,0
C00390,2026-01-31,Group B,29,31.83,0,56.34,Basic,North,0
C00387,2026-01-31,Group A,57,55.86,1,48.63,Standard,South,0
C00522,2026-01-31,Group A,37,65.57,0,37.45,Standard,South,0
C00241,2026-01-31,Group B,21,90.99,2,46.23,Premium,North,0
C00839,2026-01-31,Group A,9,62.18,4,43.34,Standard,East,1
C00845,2026-01-31,Group C,52,65.78,1,30.95,Standard,South,1
C01342,2026-01-31,Group C,52,33.15,2,33.16,Basic,South,0
C01328,2026-01-31,Group A,31,29.01,2,18.75,Basic,North,0
C01321,2026-01-31,Group C,70,59.41,2,45.61,Standard,South,0
C01300,2026-01-31,Group A,21,94.33,1,60.25,Premium,West,0
C01294,2026-01-31,Group C,64,33.88,4,57.22,Basic,North,0
C01289,2026-01-31,Group B,20,40.65,1,43.45,Basic,North,0
C01286,2026-01-31,Group B,24,63.06,2,41.39,Standard,East,0
C01279,2026-01-31,Group B,25,93.53,0,53.14,Premium,North,0
C01272,2026-01-31,Group A,37,92.24,0,79.26,Premium,West,0
C01270,2026-01-31,Group A,63,63.18,0,42.66,Standard,West,0
C01267,2026-01-31,Group A,25,65.53,1,44.87,Standard,North,0
C01343,2026-01-31,Group B,60,92.21,2,59.95,Premium,East,1
C01266,2026-01-31,Group B,17,60.8,4,35.62,Standard,North,0
C01253,2026-01-31,Group C,47,43.84,3,36.08,Basic,South,0
C01240,2026-01-31,Group A,37,65.3,2,49.42,Standard,South,0
C01238,2026-01-31,Group B,5,59.95,0,49.93,Standard,North,0
C01237,2026-01-31,Group A,68,62.85,3,58.07,Standard,South,0
C01229,2026-01-31,Group B,7,101.02,0,75.1,Premium,West,0
C01227,2026-01-31,Group A,25,91.98,1,61.42,Premium,West,0
C01216,2026-01-31,Group A,22,63.42,4,42.33,Standard,South,1
C01215,2026-01-31,Group B,59,,2,57.7,Standard,East,0
C01190,2026-01-31,Group A,71,56.98,0,66.52,Standard,East,0
C01187,2026-01-31,Group A,33,40.37,0,53.19,Basic,North,0
C01180,2026-01-31,Group A,22,92.35,2,58.8,Premium,West,0
C01256,2026-01-31,Group C,16,63.38,2,57.44,Standard,North,0
C01351,2026-01-31,Group B,64,34.35,0,41.41,Basic,South,0
C01358,2026-01-31,Group C,37,36.08,3,28.55,Basic,North,1
C01359,2026-01-31,Group A,70,,0,37.89,Basic,South,0
C01493,2026-01-31,Group A,5,102.07,1,75.61,Premium,West,0
C01489,2026-01-31,Group A,71,60.01,0,54.22,Standard,North,0
C01488,2026-01-31,Group A,20,61.03,1,51.95,Standard,North,0
C01487,2026-01-31,Group A,65,30.68,1,47.43,Basic,East,0
C01484,2026-01-31,Group C,22,55.02,0,55.69,Standard,West,0
C01482,2026-01-31,Group B,11,98.53,1,29.67,Premium,East,0
C01481,2026-01-31,Group A,21,99.41,1,50.03,Premium,West,0
C01470,2026-01-31,Group A,51,64.78,0,46.35,Standard,West,0
C01466,2026-01-31,Group A,30,85.8,0,35.62,Premium,West,0
C01464,2026-01-31,Group A,66,62.43,1,44.0,Standard,East,0
C01463,2026-01-31,Group C,3,98.49,3,63.79,Premium,West,0
C01456,2026-01-31,Group B,2,37.77,1,55.85,Basic,North,0
C01453,2026-01-31,Group C,67,60.81,4,46.62,Standard,South,0
C01452,2026-01-31,Group C,32,25.17,4,20.54,Basic,East,1
C01450,2026-01-31,Group B,35,59.28,1,48.33,Standard,South,0
C01446,2026-01-31,Group B,8,26.59,0,33.13,Basic,East,1
C01445,2026-01-31,Group B,63,65.42,3,41.55,Standard,North,0
C01436,2026-01-31,Group A,4,29.85,2,23.76,Basic,East,0
C01411,2026-01-31,Group A,46,23.99,0,19.07,Basic,North,0
C01409,2026-01-31,Group A,27,100.41,1,46.12,Premium,South,0
C01406,2026-01-31,Group C,13,31.71,5,29.12,Basic,East,1
C01399,2026-01-31,Group B,16,35.48,1,42.15,Basic,East,0
C01366,2026-01-31,Group C,2,68.62,2,40.53,Standard,West,0
C01362,2026-01-31,Group B,48,33.31,2,23.54,Basic,South,0
C01361,2026-01-31,Group A,33,68.51,3,74.65,Standard,West,0
C01175,2026-01-31,Group A,71,37.04,3,42.28,Basic,West,0
C00844,2026-01-31,Group A,13,91.21,1,46.87,Premium,East,0
C01167,2026-01-31,Group B,27,57.32,0,60.85,Standard,West,0
C01157,2026-01-31,Group A,9,67.17,0,46.12,Standard,South,0
C00948,2026-01-31,Group B,63,43.73,0,31.14,Basic,North,0
C00946,2026-01-31,Group B,24,33.13,0,26.62,Basic,South,0
C00945,2026-01-31,Group B,13,54.96,0,28.7,Standard,East,0
C00938,2026-01-31,Group A,4,91.0,0,45.65,Premium,West,0
C00937,2026-01-31,Group A,42,69.44,3,52.84,Standard,North,0
C00924,2026-01-31,Group A,13,91.61,1,54.86,Premium,South,0
C00910,2026-01-31,Group A,17,25.71,1,45.77,Basic,East,0
C00902,2026-01-31,Group A,17,68.6,1,51.59,Standard,North,0
C00901,2026-01-31,Group A,42,29.45,1,21.0,Basic,East,0
C00899,2026-01-31,Group C,48,100.95,3,44.37,Premium,West,0
C00898,2026-01-31,Group B,47,61.58,0,73.59,Standard,North,0
C00951,2026-01-31,Group C,30,58.95,3,33.98,Standard,East,0
C00891,2026-01-31,Group B,40,38.48,2,32.63,Basic,West,0
C00887,2026-01-31,Group A,46,106.99,0,55.15,Premium,East,0
C00884,2026-01-31,Group B,5,36.01,2,34.22,Basic,East,0
C00881,2026-01-31,Group A,29,29.36,2,35.45,Basic,North,1
C00874,2026-01-31,Group A,27,67.11,1,39.9,Standard,North,0
C00873,2026-01-31,Group B,56,38.95,1,28.21,Basic,East,0
C00870,2026-01-31,Group A,46,22.84,1,45.69,Basic,West,0
C00863,2026-01-31,Group B,62,60.75,0,47.57,Standard,West,0
C00858,2026-01-31,Group A,52,64.95,0,29.85,Standard,East,0
C00848,2026-01-31,Group A,63,34.28,0,26.8,Basic,South,0
C00847,2026-01-31,Group A,42,32.22,2,28.97,Basic,South,0
C00846,2026-01-31,Group B,21,36.2,1,37.75,Basic,West,0
C00889,2026-01-31,Group A,67,63.7,1,45.46,Standard,West,0
C00961,2026-01-31,Group B,9,38.16,0,57.18,Basic,East,0
C00970,2026-01-31,Group B,23,35.42,2,43.96,Basic,North,0
C00975,2026-01-31,Group A,40,44.91,1,39.15,Basic,West,0
C01136,2026-01-31,Group A,27,69.57,1,43.58,Standard,West,0
C01122,2026-01-31,Group A,13,31.76,1,47.72,Basic,East,0
C01121,2026-01-31,Group A,41,102.16,2,52.01,Premium,North,0
C01110,2026-01-31,Group A,59,66.53,1,53.56,Standard,North,0
C01104,2026-01-31,Group B,31,45.52,0,43.36,Basic,East,0
C01099,2026-01-31,Group A,46,66.52,3,44.05,Standard,South,0
C01096,2026-01-31,Group B,60,59.62,2,45.23,Standard,East,0
C01090,2026-01-31,Group B,19,71.49,2,39.84,Standard,West,0
C01078,2026-01-31,Group A,63,99.79,1,51.01,Premium,West,1
C01076,2026-01-31,Group A,15,89.71,1,43.35,Premium,North,0
C01070,2026-01-31,Group B,45,31.29,2,35.25,Basic,West,0
C01063,2026-01-31,Group B,61,62.32,3,38.96,Standard,West,0
C01055,2026-01-31,Group B,32,70.86,2,39.97,Standard,West,0
C01050,2026-01-31,Group B,46,42.77,2,32.44,Basic,North,0
C01046,2026-01-31,Group A,63,97.09,0,54.12,Premium,West,0
C01038,2026-01-31,Group B,44,36.35,1,24.79,Basic,West,1
C01035,2026-01-31,Group A,56,38.37,2,26.39,Basic,South,0
C01027,2026-01-31,Group B,69,73.8,5,43.86,Standard,East,0
C01026,2026-01-31,Group B,16,98.21,1,58.29,Premium,South,1
C01022,2026-01-31,Group B,18,74.37,2,34.47,Standard,West,0
C01021,2026-01-31,Group B,16,104.19,0,56.3,Premium,East,0
C01020,2026-01-31,Group B,30,29.99,2,32.81,Basic,South,0
C01019,2026-01-31,Group A,58,90.18,0,52.3,Premium,West,0
C01005,2026-01-31,Group A,20,44.71,0,20.49,Basic,North,0
C00977,2026-01-31,Group A,16,76.37,0,29.67,Standard,South,0
C01166,2026-01-31,Group A,31,26.71,1,44.32,Basic,North,0
C00233,2026-01-31,Group B,42,32.06,0,33.69,Basic,South,0
C00750,2026-01-31,Group B,38,37.93,3,22.88,Basic,West,0
C00069,2026-01-31,Group B,37,75.44,1,45.94,Standard,South,0
C00041,2026-01-31,Group A,53,95.33,0,51.5,Premium,East,0
C00007,2026-01-31,Group A,57,100.42,1,45.88,Premium,North,0
C00218,2026-01-31,Group A,9,70.35,0,57.97,Standard,East,0
C00217,2026-01-31,Group C,52,94.49,5,57.96,Premium,East,0
C00138,2026-01-31,Group A,40,33.95,1,31.44,Basic,East,0
C00170,2026-01-31,Group B,49,85.78,0,44.48,Premium,South,0
C00045,2026-01-31,Group A,69,38.85,1,33.82,Basic,South,0
C00171,2026-01-31,Group A,39,37.18,1,39.25,Basic,North,0
C00172,2026-01-31,Group C,55,29.97,0,39.17,Basic,South,0
C00083,2026-01-31,Group A,15,,4,72.81,Premium,East,0
C00010,2026-01-31,Group A,11,34.26,2,39.05,Basic,South,0
C00127,2026-01-31,Group A,63,,1,42.76,Premium,North,0
C00147,2026-01-31,Group A,51,29.61,2,31.97,Basic,East,0
C00120,2026-01-31,Group A,51,62.18,0,42.87,Standard,West,0
C00117,2026-01-31,Group C,29,33.9,0,39.98,Basic,East,0
C00178,2026-01-31,Group C,47,65.98,1,38.16,Standard,West,0
C00182,2026-01-31,Group A,18,64.02,0,42.69,Standard,East,0
C00087,2026-01-31,Group B,49,94.05,2,53.46,Premium,West,0
C00018,2026-01-31,Group A,54,60.15,0,45.94,Standard,West,0
C00187,2026-01-31,Group C,4,70.1,1,58.7,Standard,North,0
C00056,2026-01-31,Group A,49,33.78,2,31.61,Basic,North,1
C00104,2026-01-31,Group C,49,65.77,2,34.33,Standard,North,0
C00100,2026-01-31,Group C,21,30.51,3,24.92,Basic,South,1
C00198,2026-01-31,Group C,25,34.73,3,38.88,Basic,North,0
C00058,2026-01-31,Group A,18,64.96,1,43.93,Standard,West,0
C00196,2026-01-31,Group A,14,60.48,0,40.32,Standard,East,0
C00118,2026-01-31,Group B,3,43.96,1,27.11,Basic,West,0
C00074,2026-01-31,Group B,48,30.13,1,49.11,Basic,West,0
C00133,2026-01-31,Group C,70,33.21,3,42.4,Basic,West,0
C00221,2026-01-31,Group A,12,62.56,1,46.32,Standard,North,0
C00150,2026-01-31,Group B,61,60.65,1,44.96,Standard,East,0
C00157,2026-01-31,Group A,60,63.17,1,57.09,Standard,West,0
C00033,2026-01-31,Group A,47,35.43,2,57.09,Basic,West,0
C00036,2026-01-31,Group A,22,35.88,0,37.35,Basic,South,0
C00664,2026-02-28,Group C,22,59.04,0,49.95,Standard,South,0
C00841,2026-02-28,Group A,71,88.68,0,51.42,Premium,West,0
C00111,2026-02-28,Group B,12,82.45,1,55.19,Premium,North,1
C00450,2026-02-28,Group B,6,94.34,3,61.62,Premium,North,0
C00447,2026-02-28,Group A,69,95.67,3,35.53,Premium,East,0
C00838,2026-02-28,Group B,66,62.41,3,47.85,Standard,East,0
C00854,2026-02-28,Group B,17,70.29,1,50.36,Standard,East,0
C00023,2026-02-28,Group B,56,66.51,0,40.5,Standard,South,0
C00442,2026-02-28,Group A,33,41.55,1,46.99,Basic,West,0
C01400,2026-02-28,Group A,40,87.62,1,57.37,Premium,North,0
C00607,2026-02-28,Group B,24,61.39,1,17.49,Standard,South,0
C01186,2026-02-28,Group A,26,60.46,1,60.17,Standard,East,0
C00637,2026-02-28,Group B,71,29.34,2,41.58,Basic,West,0
C00154,2026-02-28,Group A,59,106.25,2,51.57,Premium,South,0
C00855,2026-02-28,Group A,47,63.01,1,20.03,Standard,East,0
C00646,2026-02-28,Group A,48,33.74,1,42.45,Basic,South,0
C00119,2026-02-28,Group A,27,35.66,0,25.07,Basic,South,0
C01297,2026-02-28,Group A,42,66.32,1,13.17,Standard,South,0
C01386,2026-02-28,Group B,10,33.56,2,40.49,Basic,West,0
C00469,2026-02-28,Group B,63,31.65,1,33.71,Basic,North,0
C00638,2026-02-28,Group A,39,96.11,2,43.4,Premium,West,0
C00052,2026-02-28,Group A,41,65.95,2,24.14,Standard,South,0
C01316,2026-02-28,Group C,43,93.72,0,49.78,Premium,South,0
C01388,2026-02-28,Group B,49,30.25,3,31.36,Basic,West,0
C00831,2026-02-28,Group C,6,28.82,1,40.5,Basic,North,0
C01391,2026-02-28,Group C,9,38.27,2,33.54,Basic,West,0
C00832,2026-02-28,Group A,59,33.09,1,36.97,Basic,North,0
C01192,2026-02-28,Group A,40,28.98,1,32.36,Basic,West,0
C01395,2026-02-28,Group A,20,25.15,4,39.14,Basic,South,0
C01193,2026-02-28,Group A,3,32.87,1,45.48,Basic,West,0
C01402,2026-02-28,Group A,20,29.26,2,17.23,Basic,West,0
C01179,2026-02-28,Group A,60,103.48,0,56.05,Premium,East,0
C00814,2026-02-28,Group C,63,97.47,1,34.12,Premium,West,1
C00398,2026-02-28,Group B,38,60.73,0,40.18,Standard,West,0
C00399,2026-02-28,Group A,64,65.73,0,32.54,Standard,West,0
C00626,2026-02-28,Group A,37,26.16,3,24.93,Basic,North,0
C00400,2026-02-28,Group C,56,88.9,3,71.47,Premium,South,0
C00618,2026-02-28,Group A,32,62.22,2,41.17,Standard,South,0
C00890,2026-02-28,Group B,39,28.5,1,26.73,Basic,South,0
C00617,2026-02-28,Group A,34,38.86,0,34.29,Basic,North,0
C00403,2026-02-28,Group A,70,94.38,0,59.94,Premium,South,0
C01307,2026-02-28,Group C,47,69.48,2,55.83,Standard,East,0
C00888,2026-02-28,Group C,70,34.63,3,33.17,Basic,West,0
C00102,2026-02-28,Group A,6,91.22,1,52.24,Premium,North,0
C00411,2026-02-28,Group A,60,98.17,1,40.67,Premium,North,0
C00412,2026-02-28,Group B,22,36.37,2,39.62,Basic,East,0
C00413,2026-02-28,Group B,58,30.12,1,23.5,Basic,North,0
C00857,2026-02-28,Group C,24,44.98,3,18.26,Basic,West,1
C01308,2026-02-28,Group A,17,91.61,1,46.26,Premium,South,0
C01413,2026-02-28,Group A,70,99.57,0,30.36,Premium,East,0
C00872,2026-02-28,Group A,12,32.46,0,37.75,Basic,West,0
C00190,2026-02-28,Group A,16,66.07,2,32.04,Standard,West,0
C00419,2026-02-28,Group B,7,74.49,0,59.73,Standard,North,0
C01410,2026-02-28,Group A,13,33.2,2,45.26,Basic,East,0
C00152,2026-02-28,Group A,15,69.12,0,42.67,Standard,East,0
C00426,2026-02-28,Group B,44,69.55,1,42.22,Standard,East,0
C00189,2026-02-28,Group C,30,68.84,2,31.64,Standard,North,0
C01405,2026-02-28,Group B,60,29.05,0,24.97,Basic,East,0
C01177,2026-02-28,Group A,54,34.22,2,33.4,Basic,West,0
C01404,2026-02-28,Group B,14,32.49,1,41.11,Basic,West,0
C01403,2026-02-28,Group B,50,34.61,0,49.77,Basic,East,0
C00635,2026-02-28,Group C,52,68.01,0,43.52,Standard,East,0
C01178,2026-02-28,Group B,67,97.15,4,45.33,Premium,East,0
C00632,2026-02-28,Group A,3,36.5,0,34.36,Basic,West,0
C01382,2026-02-28,Group B,44,90.48,3,64.16,Premium,North,0
C00481,2026-02-28,Group A,43,38.83,2,54.52,Basic,West,0
C00802,2026-02-28,Group A,36,36.75,2,16.71,Basic,North,0
C00167,2026-02-28,Group A,54,34.59,2,51.96,Basic,East,0
C01251,2026-02-28,Group C,42,27.33,2,45.39,Basic,North,0
C00136,2026-02-28,Group A,4,60.48,1,48.02,Standard,South,0
C00543,2026-02-28,Group B,20,70.46,0,37.65,Standard,West,0
C00544,2026-02-28,Group A,29,101.34,2,25.66,Premium,North,0
C01345,2026-02-28,Group C,51,39.74,1,20.54,Basic,East,0
C00719,2026-02-28,Group B,40,68.6,1,59.7,Standard,South,1
C01257,2026-02-28,Group A,56,71.12,1,35.78,Standard,East,0
C01261,2026-02-28,Group A,14,96.56,1,33.41,Premium,West,0
C00554,2026-02-28,Group A,32,59.09,1,37.72,Standard,East,0
C00032,2026-02-28,Group C,23,34.68,0,46.85,Basic,West,0
C00660,2026-02-28,Group B,65,57.67,1,33.7,Standard,South,0
C00704,2026-02-28,Group C,53,104.2,1,62.33,Premium,East,0
C00703,2026-02-28,Group C,27,32.74,6,33.26,Basic,East,0
C01338,2026-02-28,Group A,10,66.98,0,47.87,Standard,North,1
C00142,2026-02-28,Group C,23,65.81,2,62.05,Standard,West,0
C00143,2026-02-28,Group A,8,28.24,0,23.61,Basic,South,0
C00696,2026-02-28,Group B,47,36.2,3,29.66,Basic,East,0
C00564,2026-02-28,Group A,71,35.5,1,40.95,Basic,South,0
C01265,2026-02-28,Group A,48,87.43,2,74.36,Premium,South,0
C00566,2026-02-28,Group B,66,70.6,2,44.5,Standard,East,0
C00567,2026-02-28,Group B,17,32.96,0,61.07,Basic,North,0
C00568,2026-02-28,Group A,42,73.62,1,58.28,Standard,East,0
C00661,2026-02-28,Group C,14,73.17,2,48.09,Standard,North,0
C00573,2026-02-28,Group A,13,34.2,1,50.7,Basic,East,1
C00685,2026-02-28,Group A,47,56.62,1,46.48,Standard,East,0
C00039,2026-02-28,Group B,70,33.57,1,22.52,Basic,South,0
C00148,2026-02-28,Group A,27,34.25,0,31.99,Basic,North,0
C01288,2026-02-28,Group A,67,67.66,3,51.23,Standard,East,0
C01249,2026-02-28,Group C,57,33.49,1,34.82,Basic,West,0
C01209,2026-02-28,Group C,54,39.1,1,65.99,Basic,South,0
C00534,2026-02-28,Group B,48,,1,51.37,Basic,South,0
C00735,2026-02-28,Group B,29,44.2,2,26.42,Basic,South,0
C00483,2026-02-28,Group A,3,61.38,2,40.32,Standard,East,0
C00799,2026-02-28,Group A,51,88.35,0,36.89,Premium,North,0
C00486,2026-02-28,Group A,56,64.91,0,56.98,Standard,North,0
C00796,2026-02-28,Group A,37,97.77,2,56.73,Premium,East,0
C01291,2026-02-28,Group A,24,96.98,2,67.99,Premium,East,0
C00779,2026-02-28,Group A,46,68.32,3,51.77,Standard,North,0
C00595,2026-02-28,Group C,33,27.25,2,43.39,Basic,South,0
C00593,2026-02-28,Group A,71,62.23,3,36.65,Standard,East,0
C00495,2026-02-28,Group A,42,41.68,2,24.15,Basic,West,0
C01367,2026-02-28,Group A,19,26.97,2,45.45,Basic,North,0
C01364,2026-02-28,Group B,28,95.41,1,36.76,Premium,West,0
C01230,2026-02-28,Group A,10,62.8,1,38.12,Standard,East,0
C00505,2026-02-28,Group A,4,93.71,1,39.7,Premium,West,0
C00761,2026-02-28,Group A,43,32.82,1,29.29,Basic,East,0
C01155,2026-02-28,Group B,35,96.22,2,54.08,Premium,North,0
C00508,2026-02-28,Group B,35,70.77,0,43.29,Standard,North,0
C00509,2026-02-28,Group B,59,66.54,3,32.31,Standard,South,0
C00510,2026-02-28,Group C,66,62.69,2,32.82,Standard,East,0
C00749,2026-02-28,Group A,51,96.72,1,63.02,Premium,South,0
C00748,2026-02-28,Group B,42,,1,45.64,Basic,South,0
C01355,2026-02-28,Group B,44,106.88,1,40.27,Premium,East,0
C00744,2026-02-28,Group B,19,67.74,2,11.37,Standard,West,0
C01322,2026-02-28,Group A,71,40.13,0,39.33,Basic,South,0
C00523,2026-02-28,Group A,62,100.63,0,28.58,Premium,West,0
C01239,2026-02-28,Group C,30,29.23,1,36.68,Basic,East,0
C00525,2026-02-28,Group A,35,62.95,0,33.03,Standard,North,0
C00526,2026-02-28,Group A,66,37.12,1,44.37,Basic,West,0
C00653,2026-02-28,Group C,60,30.38,1,5.05,Basic,South,0
C01326,2026-02-28,Group B,10,44.51,2,41.42,Basic,East,0
C00168,2026-02-28,Group A,70,,3,36.51,Standard,South,0
C00097,2026-02-28,Group A,10,91.0,1,62.03,Premium,East,0
C01174,2026-02-28,Group A,56,45.66,1,25.88,Basic,North,0
C00009,2026-02-28,Group A,2,,3,52.02,Basic,East,1
C01028,2026-02-28,Group A,52,57.35,1,25.72,Standard,West,0
C00976,2026-02-28,Group A,15,85.28,2,50.0,Premium,West,1
C00321,2026-02-28,Group C,22,35.8,2,41.25,Basic,North,1
C01032,2026-02-28,Group B,22,43.21,1,34.51,Basic,East,0
C01034,2026-02-28,Group A,37,33.83,0,47.71,Basic,South,0
C01462,2026-02-28,Group A,58,60.59,2,40.46,Standard,South,0
C01095,2026-02-28,Group A,58,67.15,0,17.78,Standard,North,0
C00326,2026-02-28,Group A,33,67.81,0,28.34,Standard,West,0
C00327,2026-02-28,Group B,13,69.1,4,59.2,Standard,South,0
C00209,2026-02-28,Group A,27,31.13,0,48.27,Basic,South,0
C00263,2026-02-28,Group A,12,28.7,2,30.38,Basic,East,0
C00262,2026-02-28,Group B,21,35.13,0,50.11,Basic,East,0
C00271,2026-02-28,Group C,69,30.93,0,28.32,Basic,North,0
C01459,2026-02-28,Group A,8,58.22,2,49.69,Standard,South,0
C00968,2026-02-28,Group B,13,31.09,4,32.86,Basic,West,1
C00333,2026-02-28,Group C,46,29.33,2,48.58,Basic,South,0
C01123,2026-02-28,Group C,52,91.36,1,50.41,Premium,West,0
C00964,2026-02-28,Group C,17,65.19,5,32.4,Standard,North,0
C00259,2026-02-28,Group B,14,64.75,0,40.76,Standard,West,0
C00338,2026-02-28,Group B,63,28.22,3,35.09,Basic,East,0
C00339,2026-02-28,Group A,50,62.01,0,40.49,Standard,West,0
C01454,2026-02-28,Group A,11,65.6,0,38.94,Standard,East,0
C00342,2026-02-28,Group B,13,92.36,0,43.51,Premium,North,0
C00066,2026-02-28,Group C,47,36.6,2,43.46,Basic,West,0
C00254,2026-02-28,Group A,61,97.3,2,65.04,Premium,North,0
C00952,2026-02-28,Group C,30,94.37,1,49.04,Premium,West,0
C00971,2026-02-28,Group A,15,26.26,1,29.17,Basic,East,0
C00346,2026-02-28,Group A,4,94.19,1,45.78,Premium,South,1
C00988,2026-02-28,Group A,26,40.87,0,57.81,Basic,East,0
C00315,2026-02-28,Group A,9,70.22,1,45.37,Standard,South,0
C01106,2026-02-28,Group C,41,36.73,1,46.23,Basic,West,0
C00216,2026-02-28,Group A,17,62.5,4,45.53,Standard,South,0
C01013,2026-02-28,Group A,47,35.26,1,33.12,Basic,West,0
C01479,2026-02-28,Group A,46,71.92,2,33.78,Standard,West,0
C00292,2026-02-28,Group B,71,64.18,1,44.55,Standard,East,0
C01107,2026-02-28,Group A,55,63.04,2,24.33,Standard,South,0
C00294,2026-02-28,Group B,66,39.01,1,33.54,Basic,South,0
C01011,2026-02-28,Group A,47,40.19,1,34.32,Basic,East,0
C01112,2026-02-28,Group C,21,47.1,0,43.42,Basic,North,1
C01105,2026-02-28,Group C,36,70.33,0,41.53,Standard,North,0
C01113,2026-02-28,Group C,5,65.92,0,59.41,Standard,South,0
C00299,2026-02-28,Group C,61,27.86,1,30.15,Basic,East,0
C00077,2026-02-28,Group B,51,42.7,1,28.31,Basic,West,0
C01476,2026-02-28,Group A,9,67.36,1,49.69,Standard,North,0
C01474,2026-02-28,Group A,14,68.94,0,42.01,Standard,West,0
C01115,2026-02-28,Group B,51,40.43,0,50.35,Basic,North,0
C00078,2026-02-28,Group A,11,37.52,1,34.39,Basic,South,0
C00307,2026-02-28,Group C,49,32.84,1,46.6,Basic,North,0
C00281,2026-02-28,Group B,40,53.26,1,22.61,Standard,East,0
C00993,2026-02-28,Group A,66,95.25,2,56.98,Premium,South,0
C00309,2026-02-28,Group B,48,70.65,1,29.03,Standard,North,0
C00096,2026-02-28,Group C,19,36.72,1,47.1,Basic,West,0
C00989,2026-02-28,Group B,48,40.66,0,49.5,Basic,East,0
C00211,2026-02-28,Group B,54,84.48,0,49.02,Premium,South,0
C00314,2026-02-28,Group B,63,50.4,1,47.0,Standard,West,0
C01483,2026-02-28,Group A,70,61.37,1,40.16,Standard,West,0
C01114,2026-02-28,Group B,40,66.72,2,40.32,Standard,East,0
C01451,2026-02-28,Group A,57,100.0,1,41.23,Premium,North,0
C01124,2026-02-28,Group C,13,41.11,2,37.56,Basic,West,0
C00349,2026-02-28,Group C,4,100.63,1,56.31,Premium,North,0
C00925,2026-02-28,Group B,6,,0,43.33,Standard,North,0
C00368,2026-02-28,Group B,53,,0,39.37,Premium,North,0
C01085,2026-02-28,Group A,14,36.36,0,32.36,Basic,North,0
C00226,2026-02-28,Group B,49,33.07,3,27.53,Basic,East,1
C01435,2026-02-28,Group B,44,35.91,0,31.51,Basic,South,0
C00253,2026-02-28,Group A,21,85.81,1,65.2,Premium,North,0
C00239,2026-02-28,Group A,47,22.93,2,49.02,Basic,East,0
C01145,2026-02-28,Group A,18,71.3,1,42.3,Standard,North,0
C00919,2026-02-28,Group A,49,30.41,2,38.09,Basic,East,0
C01060,2026-02-28,Group A,3,39.28,0,34.69,Basic,East,0
C00928,2026-02-28,Group A,19,35.7,0,21.61,Basic,North,0
C01433,2026-02-28,Group C,18,32.55,4,36.59,Basic,East,1
C00912,2026-02-28,Group B,18,92.43,3,44.23,Premium,West,0
C00380,2026-02-28,Group C,53,34.1,1,49.95,Basic,North,0
C01429,2026-02-28,Group A,24,30.62,1,37.77,Basic,East,0
C00384,2026-02-28,Group B,19,73.85,1,47.91,Standard,North,0
C00908,2026-02-28,Group C,70,33.92,1,34.4,Basic,East,0
C01072,2026-02-28,Group A,15,65.09,0,42.83,Standard,North,0
C00230,2026-02-28,Group A,24,91.17,1,59.11,Premium,West,0
C01425,2026-02-28,Group A,11,62.85,1,36.51,Standard,South,0
C00392,2026-02-28,Group B,48,53.64,0,32.52,Standard,West,0
C00903,2026-02-28,Group A,21,20.61,3,50.36,Basic,North,0
C01432,2026-02-28,Group C,33,37.31,2,35.74,Basic,North,0
C01494,2026-02-28,Group A,37,67.9,0,36.18,Standard,South,0
C01014,2026-02-28,Group A,56,54.62,0,69.74,Standard,North,0
C00363,2026-02-28,Group B,67,63.21,0,51.0,Standard,West,0
C00224,2026-02-28,Group C,23,64.61,0,40.27,Standard,North,0
C01491,2026-02-28,Group A,62,33.79,2,54.34,Basic,North,0
C00353,2026-02-28,Group B,4,65.38,0,31.47,Standard,North,0
C01047,2026-02-28,Group B,34,69.9,1,33.43,Standard,East,0
C00072,2026-02-28,Group B,8,29.75,2,40.26,Basic,West,0
C00088,2026-02-28,Group C,36,29.1,2,33.95,Basic,North,0
C00206,2026-02-28,Group C,71,64.66,0,51.51,Standard,South,0
C00251,2026-02-28,Group A,46,32.59,0,49.36,Basic,East,0
C00950,2026-02-28,Group B,42,100.63,2,71.4,Premium,North,0
C00933,2026-02-28,Group B,2,63.7,2,34.38,Standard,North,0
C01439,2026-02-28,Group A,6,63.37,0,47.61,Standard,West,0
C01044,2026-03-31,Group B,60,60.79,3,43.67,Standard,South,0
C00063,2026-03-31,Group C,46,27.04,2,61.75,Basic,South,0
C00710,2026-03-31,Group A,8,93.75,1,74.58,Premium,West,0
C00718,2026-03-31,Group A,3,35.03,1,47.49,Basic,West,0
C00068,2026-03-31,Group B,35,67.75,0,46.89,Standard,North,0
C00630,2026-03-31,Group A,31,31.62,1,31.51,Basic,North,0
C00070,2026-03-31,Group A,37,91.26,1,52.0,Premium,East,0
C00628,2026-03-31,Group C,67,41.44,3,47.76,Basic,East,0
C00709,2026-03-31,Group C,62,38.52,1,31.92,Basic,South,0
C00627,2026-03-31,Group B,29,37.47,1,38.84,Basic,South,0
C00139,2026-03-31,Group A,66,,0,43.41,Standard,West,0
C01018,2026-03-31,Group A,51,64.1,0,43.57,Standard,West,0
C01017,2026-03-31,Group C,60,34.32,1,30.88,Basic,East,0
C01285,2026-03-31,Group A,41,60.96,2,48.45,Standard,South,0
C01066,2026-03-31,Group B,5,30.39,2,39.33,Basic,East,0
C01039,2026-03-31,Group C,69,38.36,4,55.26,Basic,North,0
C01092,2026-03-31,Group B,71,95.65,0,44.18,Premium,South,0
C01043,2026-03-31,Group A,28,62.72,2,42.2,Standard,South,0
C01075,2026-03-31,Group B,55,65.01,0,48.04,Standard,West,0
C00073,2026-03-31,Group A,3,31.48,1,57.29,Basic,North,0
C01102,2026-03-31,Group C,17,32.41,2,16.09,Basic,South,0
C00140,2026-03-31,Group B,42,36.47,2,48.62,Basic,West,0
C01271,2026-03-31,Group B,70,,0,29.11,Standard,East,0
C00065,2026-03-31,Group A,44,37.58,1,42.56,Basic,South,0
C00687,2026-03-31,Group A,50,39.16,1,35.2,Basic,South,0
C00689,2026-03-31,Group C,21,33.69,4,41.23,Basic,North,1
C01268,2026-03-31,Group A,35,23.65,0,24.81,Basic,South,0
C00647,2026-03-31,Group B,28,86.33,0,59.31,Premium,West,0
C01069,2026-03-31,Group A,23,48.07,1,16.81,Basic,North,0
C01031,2026-03-31,Group A,6,67.64,1,50.93,Standard,East,0
C00644,2026-03-31,Group A,21,67.13,2,45.75,Standard,East,1
C01030,2026-03-31,Group A,15,37.7,0,20.15,Basic,East,0
C01052,2026-03-31,Group B,44,35.15,2,43.34,Basic,North,0
C00044,2026-03-31,Group A,30,26.55,3,36.63,Basic,West,0
C01094,2026-03-31,Group C,18,,2,32.85,Basic,South,0
C01079,2026-03-31,Group C,68,66.19,2,37.67,Standard,West,0
C00076,2026-03-31,Group A,62,101.26,5,59.56,Premium,North,0
C00651,2026-03-31,Group A,22,38.39,3,28.27,Basic,West,0
C01057,2026-03-31,Group A,53,35.13,1,33.3,Basic,West,0
C01100,2026-03-31,Group B,70,30.68,2,24.45,Basic,East,0
C01302,2026-03-31,Group A,48,56.48,0,41.06,Standard,West,0
C01059,2026-03-31,Group A,38,74.63,1,50.39,Standard,East,0
C01101,2026-03-31,Group A,58,37.04,0,34.42,Basic,West,0
C00634,2026-03-31,Group C,18,37.22,2,32.53,Basic,South,0
C00633,2026-03-31,Group B,17,64.23,2,54.76,Standard,East,0
C01263,2026-03-31,Group A,67,93.97,1,63.31,Premium,West,0
C01283,2026-03-31,Group A,4,58.83,0,35.97,Standard,North,0
C00144,2026-03-31,Group A,63,33.09,0,33.55,Basic,East,0
C01153,2026-03-31,Group C,29,57.93,3,46.29,Standard,South,0
C01252,2026-03-31,Group A,4,73.78,1,26.25,Standard,North,0
C00929,2026-03-31,Group C,16,46.09,3,46.59,Basic,East,0
C00935,2026-03-31,Group A,3,31.13,0,36.82,Basic,South,0
C01138,2026-03-31,Group A,21,91.88,1,59.36,Premium,West,0
C00054,2026-03-31,Group B,52,59.17,0,44.96,Standard,East,0
C00091,2026-03-31,Group A,38,35.1,1,26.65,Basic,North,0
C00939,2026-03-31,Group B,45,35.0,0,43.54,Basic,South,0
C00942,2026-03-31,Group C,45,40.48,1,34.71,Basic,North,0
C01142,2026-03-31,Group B,22,68.12,2,55.13,Standard,West,0
C00944,2026-03-31,Group B,6,64.17,2,59.18,Standard,North,0
C01185,2026-03-31,Group B,60,32.68,1,42.47,Basic,East,0
C00109,2026-03-31,Group A,26,86.24,0,40.88,Premium,South,0
C01131,2026-03-31,Group A,21,36.15,2,36.17,Basic,South,0
C00053,2026-03-31,Group C,5,69.52,1,44.03,Standard,South,0
C00114,2026-03-31,Group B,55,96.96,2,67.4,Premium,East,0
C01191,2026-03-31,Group A,3,35.66,0,13.66,Basic,South,0
C00954,2026-03-31,Group B,34,60.56,0,51.1,Standard,East,1
C01184,2026-03-31,Group B,55,27.97,1,23.25,Basic,North,0
C00957,2026-03-31,Group A,55,36.37,3,33.74,Basic,West,0
C01176,2026-03-31,Group A,31,63.16,2,44.11,Standard,North,0
C00923,2026-03-31,Group B,51,56.45,1,37.06,Standard,North,0
C01151,2026-03-31,Group B,44,36.29,1,56.45,Basic,West,0
C00905,2026-03-31,Group C,45,25.65,3,49.79,Basic,West,0
C00907,2026-03-31,Group A,63,28.43,1,35.11,Basic,North,0
C01159,2026-03-31,Group B,65,61.38,0,48.72,Standard,North,0
C01160,2026-03-31,Group C,52,35.27,1,36.03,Basic,West,0
C00909,2026-03-31,Group A,45,99.19,0,52.81,Premium,North,0
C00883,2026-03-31,Group B,28,36.54,2,37.07,Basic,South,0
C00055,2026-03-31,Group A,69,64.01,1,48.04,Standard,East,0
C01162,2026-03-31,Group A,14,30.76,4,9.77,Basic,North,1
C00913,2026-03-31,Group B,32,42.91,0,35.26,Basic,North,0
C00916,2026-03-31,Group C,19,62.64,2,52.69,Standard,North,0
C01146,2026-03-31,Group A,33,99.4,0,37.73,Premium,East,0
C00871,2026-03-31,Group A,47,33.83,1,17.64,Basic,West,0
C01168,2026-03-31,Group B,5,62.91,2,45.69,Standard,South,0
C00869,2026-03-31,Group C,35,32.87,0,32.29,Basic,South,0
C01173,2026-03-31,Group A,38,63.59,1,38.85,Standard,South,0
C00094,2026-03-31,Group A,70,30.95,2,35.7,Basic,East,0
C00729,2026-03-31,Group A,62,72.59,0,44.1,Standard,South,0
C00833,2026-03-31,Group A,28,60.36,0,54.49,Standard,East,0
C00962,2026-03-31,Group A,65,66.7,2,36.41,Standard,West,0
C00765,2026-03-31,Group C,55,29.35,0,32.8,Basic,North,0
C00991,2026-03-31,Group A,24,102.98,0,57.71,Premium,South,0
C00758,2026-03-31,Group A,29,,2,39.08,Basic,West,0
C00756,2026-03-31,Group A,49,68.96,0,39.91,Standard,South,0
C01236,2026-03-31,Group C,55,62.89,3,38.69,Standard,East,0
C01499,2026-03-31,Group A,50,27.25,1,47.75,Basic,North,0
C00994,2026-03-31,Group C,13,35.49,2,33.51,Basic,West,0
C01225,2026-03-31,Group A,54,67.16,3,55.87,Standard,West,0
C00998,2026-03-31,Group B,26,88.18,2,52.27,Premium,North,0
C00746,2026-03-31,Group B,50,65.9,0,43.54,Standard,West,0
C00047,2026-03-31,Group A,66,64.03,0,40.3,Standard,East,0
C00082,2026-03-31,Group B,5,40.27,0,32.16,Basic,North,0
C00738,2026-03-31,Group A,32,59.91,3,40.91,Standard,South,0
C01244,2026-03-31,Group A,23,68.82,0,36.98,Standard,North,0
C01248,2026-03-31,Group A,40,75.93,2,31.65,Standard,North,0
C00732,2026-03-31,Group A,10,37.66,2,23.08,Basic,South,1
C01116,2026-03-31,Group C,40,37.33,1,26.56,Basic,South,0
C00960,2026-03-31,Group A,65,43.88,0,25.32,Basic,South,0
C00768,2026-03-31,Group C,25,34.34,2,56.74,Basic,East,0
C01220,2026-03-31,Group A,60,93.63,2,43.45,Premium,East,0
C00121,2026-03-31,Group B,47,56.21,1,56.28,Standard,West,0
C00972,2026-03-31,Group A,25,93.38,0,42.06,Premium,North,0
C01202,2026-03-31,Group A,41,58.26,3,36.25,Standard,North,0
C00809,2026-03-31,Group B,11,34.83,3,41.33,Basic,East,1
C00124,2026-03-31,Group A,18,26.22,1,44.05,Basic,North,1
C00973,2026-03-31,Group B,44,62.45,1,40.07,Standard,South,0
C00800,2026-03-31,Group A,57,37.77,0,60.52,Basic,South,0
C00770,2026-03-31,Group A,62,43.98,4,41.69,Basic,East,0
C00974,2026-03-31,Group B,46,67.46,3,53.93,Standard,South,0
C00798,2026-03-31,Group B,64,66.81,0,58.16,Standard,South,0
C00795,2026-03-31,Group A,71,65.38,0,36.79,Standard,North,0
C01213,2026-03-31,Group B,62,38.15,3,44.28,Basic,West,0
C00792,2026-03-31,Group A,35,98.41,1,50.37,Premium,South,0
C00785,2026-03-31,Group A,35,98.25,0,83.33,Premium,West,0
C00979,2026-03-31,Group A,19,66.74,0,31.22,Standard,East,0
C00777,2026-03-31,Group A,60,34.09,2,43.14,Basic,West,1
C01120,2026-03-31,Group C,5,66.4,2,49.73,Standard,East,0
C00624,2026-03-31,Group B,49,33.37,0,19.96,Basic,East,0
C01293,2026-03-31,Group B,7,,3,68.38,Premium,East,0
C00335,2026-03-31,Group C,67,33.79,0,33.51,Basic,West,0
C01374,2026-03-31,Group A,3,93.96,1,51.74,Premium,West,0
C00199,2026-03-31,Group C,2,56.29,0,50.02,Standard,North,0
C00176,2026-03-31,Group A,65,69.69,2,52.8,Standard,North,0
C00165,2026-03-31,Group C,68,71.9,3,58.0,Standard,West,0
C00197,2026-03-31,Group B,66,31.41,3,39.94,Basic,East,0
C00164,2026-03-31,Group C,57,71.17,2,42.14,Standard,East,0
C00393,2026-03-31,Group C,31,64.54,2,53.43,Standard,South,0
C00163,2026-03-31,Group C,48,38.41,1,25.15,Basic,South,0
C01468,2026-03-31,Group C,30,92.94,1,48.4,Premium,North,0
C00547,2026-03-31,Group A,3,67.47,2,33.71,Standard,South,0
C01420,2026-03-31,Group A,7,58.13,1,48.73,Standard,West,0
C01418,2026-03-31,Group A,7,40.18,2,30.62,Basic,North,0
C00030,2026-03-31,Group C,9,61.86,2,39.87,Standard,North,0
C00537,2026-03-31,Group A,53,63.73,2,32.82,Standard,West,0
C00552,2026-03-31,Group B,7,65.35,1,39.95,Standard,West,0
C00474,2026-03-31,Group B,49,30.2,1,50.49,Basic,North,0
C00473,2026-03-31,Group C,54,31.84,2,50.51,Basic,South,0
C00405,2026-03-31,Group B,55,64.92,1,38.87,Standard,East,0
C01340,2026-03-31,Group A,25,28.78,1,40.48,Basic,East,0
C01383,2026-03-31,Group C,16,63.29,0,42.12,Standard,South,0
C00407,2026-03-31,Group A,63,31.25,3,51.63,Basic,West,0
C01473,2026-03-31,Group A,52,,2,58.87,Premium,South,0
C00496,2026-03-31,Group A,45,67.29,0,41.92,Standard,South,0
C00214,2026-03-31,Group A,62,67.09,0,30.47,Standard,West,0
C00301,2026-03-31,Group B,16,63.65,3,46.74,Standard,South,0
C00563,2026-03-31,Group B,47,57.79,1,36.77,Standard,North,0
C00298,2026-03-31,Group B,23,34.72,0,47.91,Basic,North,0
C01477,2026-03-31,Group B,51,83.54,0,42.91,Premium,West,0
C00031,2026-03-31,Group A,18,43.1,0,34.56,Basic,South,0
C00485,2026-03-31,Group A,33,39.78,1,48.52,Basic,East,0
C00169,2026-03-31,Group A,49,29.28,1,47.48,Basic,South,0
C00332,2026-03-31,Group C,30,93.08,4,63.11,Premium,South,1
C00203,2026-03-31,Group A,25,63.93,2,49.18,Standard,East,0
C00367,2026-03-31,Group A,25,37.7,1,35.82,Basic,East,0
C01437,2026-03-31,Group B,25,40.39,0,39.5,Basic,West,0
C00371,2026-03-31,Group B,25,92.14,2,34.5,Premium,North,0
C00500,2026-03-31,Group C,9,48.02,2,55.86,Basic,North,0
C01444,2026-03-31,Group A,41,70.29,2,31.66,Standard,South,0
C00205,2026-03-31,Group C,47,63.28,4,44.36,Standard,West,0
C01363,2026-03-31,Group A,40,62.45,0,42.75,Standard,West,0
C01368,2026-03-31,Group A,49,39.45,1,32.5,Basic,South,0
C00506,2026-03-31,Group C,27,66.47,0,47.23,Standard,West,0
C00354,2026-03-31,Group C,9,68.35,0,42.28,Standard,East,0
C00373,2026-03-31,Group C,3,37.05,0,32.86,Basic,South,0
C00374,2026-03-31,Group A,21,94.59,0,35.95,Premium,South,0
C01360,2026-03-31,Group A,38,36.01,0,35.82,Basic,North,0
C01372,2026-03-31,Group A,62,30.1,1,30.48,Basic,East,0
C00027,2026-03-31,Group B,70,55.81,0,64.54,Standard,South,0
C01357,2026-03-31,Group B,3,28.78,2,23.79,Basic,North,0
C01356,2026-03-31,Group B,2,26.0,0,32.6,Basic,North,0
C00201,2026-03-31,Group B,33,60.19,1,17.94,Standard,East,0
C00519,2026-03-31,Group A,66,91.06,1,53.07,Premium,North,0
C01373,2026-03-31,Group A,25,70.99,3,40.18,Standard,West,0
C00521,2026-03-31,Group C,24,43.64,3,49.84,Basic,South,0
C00379,2026-03-31,Group B,56,27.99,3,45.02,Basic,West,0
C01353,2026-03-31,Group B,19,57.16,1,43.88,Standard,East,0
C01352,2026-03-31,Group A,5,22.36,1,43.03,Basic,South,0
C00185,2026-03-31,Group B,69,67.25,1,41.31,Standard,East,0
C01458,2026-03-31,Group A,15,72.65,1,34.6,Standard,West,0
C01431,2026-03-31,Group B,42,65.47,1,63.61,Standard,West,0
C00487,2026-03-31,Group A,27,30.92,4,46.54,Basic,West,0
C00194,2026-03-31,Group A,32,64.43,0,50.36,Standard,East,0
C00572,2026-03-31,Group A,62,60.55,0,29.63,Standard,South,0
C01385,2026-03-31,Group A,54,63.94,3,43.83,Standard,North,0
C00155,2026-03-31,Group C,66,97.08,0,51.18,Premium,North,0
C00622,2026-03-31,Group C,38,60.79,0,38.23,Standard,West,0
C00248,2026-03-31,Group A,64,34.17,1,48.77,Basic,North,0
C01492,2026-03-31,Group A,47,31.87,0,43.36,Basic,South,0
C00252,2026-03-31,Group A,45,65.1,1,38.15,Standard,South,0
C01319,2026-03-31,Group A,7,90.11,3,44.5,Premium,West,0
C01320,2026-03-31,Group A,23,34.12,1,55.86,Basic,North,0
C00425,2026-03-31,Group A,20,68.95,0,38.22,Standard,North,0
C00453,2026-03-31,Group B,51,33.37,0,42.38,Basic,West,0
C00020,2026-03-31,Group B,24,99.77,1,51.85,Premium,North,0
C00183,2026-03-31,Group A,63,78.09,2,49.56,Standard,West,0
C01333,2026-03-31,Group B,37,31.04,2,37.2,Basic,West,0
C00004,2026-03-31,Group A,33,63.3,1,44.16,Standard,East,0
C00585,2026-03-31,Group C,54,58.53,3,36.65,Standard,East,0
C00005,2026-03-31,Group B,56,100.19,2,56.61,Premium,West,0
C00222,2026-03-31,Group A,62,99.43,1,37.9,Premium,South,0
C00267,2026-03-31,Group B,39,35.4,2,36.77,Basic,West,0
C01407,2026-03-31,Group A,22,30.33,3,39.31,Basic,West,0
C00188,2026-03-31,Group A,16,68.8,3,44.3,Standard,East,1
C00621,2026-03-31,Group A,14,,1,47.44,Standard,South,0
C00440,2026-03-31,Group B,12,62.97,3,60.25,Standard,North,0
C00231,2026-03-31,Group C,40,67.64,0,50.41,Standard,East,0
C00444,2026-03-31,Group C,40,100.15,0,46.0,Premium,North,0
C00614,2026-03-31,Group A,30,34.22,3,32.07,Basic,South,0
C00186,2026-03-31,Group A,53,91.47,0,50.0,Premium,East,0
C00022,2026-03-31,Group B,43,68.97,0,42.82,Standard,West,0
C00612,2026-03-31,Group A,53,71.38,0,33.26,Standard,West,0
C01309,2026-03-31,Group A,9,62.18,2,49.21,Standard,West,0
C00235,2026-03-31,Group A,35,90.52,4,37.36,Premium,North,0
C01312,2026-03-31,Group A,2,73.47,3,32.53,Standard,East,0
C01495,2026-03-31,Group A,31,30.4,1,19.37,Basic,North,0
C00435,2026-03-31,Group A,31,38.97,0,28.37,Basic,East,0
C00238,2026-03-31,Group A,33,92.23,2,51.09,Premium,East,0
C01496,2026-03-31,Group A,16,58.88,1,44.07,Standard,South,0
C00268,2026-03-31,Group C,20,39.07,0,39.81,Basic,South,0
C00498,2026-03-31,Group A,62,40.2,2,36.17,Basic,South,0
C00464,2026-03-31,Group A,66,38.1,1,34.05,Basic,South,0
C01485,2026-03-31,Group B,9,32.16,0,32.49,Basic,North,0
C01480,2026-03-31,Group B,41,58.72,1,46.83,Standard,East,0
C01330,2026-03-31,Group A,47,41.54,1,36.24,Basic,South,0
C00285,2026-03-31,Group A,3,98.36,3,29.1,Premium,South,0
C00276,2026-03-31,Group A,50,32.69,3,41.32,Basic,West,0
C00219,2026-03-31,Group B,9,66.66,3,43.74,Standard,South,0
C00290,2026-03-31,Group A,21,67.87,0,52.64,Standard,West,0
C01478,2026-03-31,Group A,32,30.09,1,23.76,Basic,South,0
C00277,2026-03-31,Group C,14,93.99,1,51.08,Premium,West,0
C00284,2026-03-31,Group C,2,28.14,0,36.7,Basic,East,0
C01331,2026-03-31,Group A,23,66.13,0,42.02,Standard,West,0
C00282,2026-03-31,Group B,16,65.15,2,58.08,Standard,North,0
C00576,2026-03-31,Group C,54,66.22,1,49.61,Standard,West,0
C00275,2026-03-31,Group B,6,98.74,1,56.54,Premium,North,0
C00920,2026-04-30,Group C,52,63.66,1,52.97,Standard,North,0
C00877,2026-04-30,Group A,70,63.83,1,45.64,Standard,North,0
C01165,2026-04-30,Group A,32,31.19,0,55.7,Basic,South,0
C00192,2026-04-30,Group C,70,41.36,2,25.71,Basic,East,0
C00372,2026-04-30,Group A,26,91.46,1,52.33,Premium,South,0
C00922,2026-04-30,Group B,13,62.31,1,46.64,Standard,East,0
C01161,2026-04-30,Group A,60,,1,53.35,Standard,West,0
C00879,2026-04-30,Group A,38,60.89,2,37.39,Standard,West,0
C01415,2026-04-30,Group C,25,42.49,1,52.08,Basic,East,0
C00193,2026-04-30,Group A,62,36.42,1,21.38,Basic,South,0
C01140,2026-04-30,Group A,37,37.93,2,46.56,Basic,South,0
C00927,2026-04-30,Group B,41,94.48,0,77.79,Premium,South,0
C01164,2026-04-30,Group B,42,37.34,1,49.02,Basic,West,0
C00917,2026-04-30,Group C,7,42.78,1,42.4,Basic,East,0
C01434,2026-04-30,Group A,28,60.35,1,59.27,Standard,North,0
C01147,2026-04-30,Group B,67,34.84,1,43.64,Basic,East,0
C00406,2026-04-30,Group A,25,97.0,0,65.46,Premium,West,0
C01152,2026-04-30,Group A,17,97.6,0,57.2,Premium,East,0
C00057,2026-04-30,Group B,60,67.09,0,34.82,Standard,West,0
C01412,2026-04-30,Group A,3,91.88,0,40.58,Premium,South,0
C00900,2026-04-30,Group B,50,45.25,1,16.31,Basic,North,0
C01423,2026-04-30,Group A,62,30.98,1,51.35,Basic,East,0
C00897,2026-04-30,Group A,58,65.7,0,38.31,Standard,East,0
C00420,2026-04-30,Group A,26,62.74,1,48.93,Standard,South,0
C00896,2026-04-30,Group A,56,66.03,1,40.45,Standard,West,0
C00876,2026-04-30,Group B,52,32.71,0,25.83,Basic,North,0
C01156,2026-04-30,Group A,12,90.5,0,45.47,Premium,East,0
C00893,2026-04-30,Group A,5,98.26,0,38.53,Premium,West,0
C00021,2026-04-30,Group A,54,69.57,2,56.77,Standard,North,0
C00099,2026-04-30,Group A,34,37.1,0,39.12,Basic,North,0
C01171,2026-04-30,Group A,7,103.32,1,50.97,Premium,East,0
C01417,2026-04-30,Group C,12,37.52,5,39.35,Basic,South,0
C01172,2026-04-30,Group A,30,28.11,1,29.18,Basic,North,0
C00424,2026-04-30,Group B,19,65.81,0,61.58,Standard,North,0
C00228,2026-04-30,Group A,34,32.94,1,35.39,Basic,South,0
C00394,2026-04-30,Group B,30,100.14,1,46.69,Premium,North,0
C00915,2026-04-30,Group C,38,59.11,3,46.51,Standard,East,0
C00880,2026-04-30,Group A,15,91.4,1,46.29,Premium,South,0
C01305,2026-04-30,Group A,70,38.93,1,18.17,Basic,East,0
C00930,2026-04-30,Group B,18,65.04,1,35.37,Standard,East,0
C01029,2026-04-30,Group A,54,37.32,2,38.09,Basic,West,0
C00270,2026-04-30,Group A,47,36.33,0,34.49,Basic,West,0
C00079,2026-04-30,Group C,9,75.71,1,53.48,Standard,East,0
C00288,2026-04-30,Group A,4,44.24,1,56.7,Basic,East,1
C01015,2026-04-30,Group A,50,35.14,2,44.78,Basic,East,0
C00289,2026-04-30,Group A,26,40.05,1,30.01,Basic,West,0
C00295,2026-04-30,Group A,15,61.25,3,37.1,Standard,North,1
C00269,2026-04-30,Group A,51,70.06,1,42.54,Standard,South,0
C01010,2026-04-30,Group C,5,43.3,0,30.28,Basic,West,0
C01111,2026-04-30,Group B,40,19.59,2,43.73,Basic,North,0
C00296,2026-04-30,Group A,17,28.0,1,51.18,Basic,South,0
C01003,2026-04-30,Group C,38,29.96,1,22.94,Basic,South,0
C01000,2026-04-30,Group A,45,72.93,2,29.66,Standard,West,0
C00305,2026-04-30,Group A,33,38.16,1,36.98,Basic,West,0
C00997,2026-04-30,Group B,71,34.07,4,39.62,Basic,West,0
C00996,2026-04-30,Group B,34,51.85,1,48.04,Standard,North,0
C01008,2026-04-30,Group C,13,40.15,0,38.69,Basic,East,0
C00995,2026-04-30,Group B,69,35.35,2,53.3,Basic,South,0
C00266,2026-04-30,Group A,24,101.92,3,57.66,Premium,East,0
C00260,2026-04-30,Group A,20,63.36,3,53.56,Standard,South,0
C01068,2026-04-30,Group A,38,38.91,5,26.72,Basic,North,1
C01074,2026-04-30,Group B,64,94.4,0,74.52,Premium,West,0
C01497,2026-04-30,Group A,40,40.79,0,34.25,Basic,North,0
C00237,2026-04-30,Group A,40,70.18,0,31.86,Standard,North,0
C00240,2026-04-30,Group B,37,73.83,1,37.98,Standard,South,0
C01084,2026-04-30,Group A,12,40.55,2,28.82,Basic,North,1
C00242,2026-04-30,Group B,17,33.77,3,34.84,Basic,South,0
C00003,2026-04-30,Group A,49,33.72,4,25.32,Basic,East,0
C01053,2026-04-30,Group A,57,34.12,1,38.01,Basic,East,0
C01051,2026-04-30,Group B,24,94.18,0,22.7,Premium,West,0
C00245,2026-04-30,Group C,54,94.18,2,45.67,Premium,North,0
C01048,2026-04-30,Group A,46,60.71,2,60.23,Standard,West,0
C01089,2026-04-30,Group B,31,40.62,1,32.34,Basic,East,1
C00255,2026-04-30,Group B,62,35.81,0,37.56,Basic,North,0
C01091,2026-04-30,Group A,12,43.87,0,42.89,Basic,South,0
C01490,2026-04-30,Group B,34,71.07,1,16.27,Standard,South,0
C00244,2026-04-30,Group A,67,94.29,2,46.22,Premium,North,0
C00308,2026-04-30,Group A,10,32.34,0,34.97,Basic,East,0
C00992,2026-04-30,Group A,17,65.23,3,39.77,Standard,South,0
C00311,2026-04-30,Group C,57,71.86,1,26.73,Standard,East,0
C00341,2026-04-30,Group A,49,68.97,1,60.64,Standard,South,0
C01129,2026-04-30,Group B,16,57.13,1,43.71,Standard,South,0
C00958,2026-04-30,Group A,58,33.36,2,34.73,Basic,East,0
C00343,2026-04-30,Group A,33,62.85,0,41.37,Standard,West,0
C00956,2026-04-30,Group C,16,38.67,2,28.73,Basic,North,0
C01130,2026-04-30,Group B,66,92.3,0,46.93,Premium,North,0
C00344,2026-04-30,Group A,23,27.94,3,40.51,Basic,West,1
C01128,2026-04-30,Group A,12,94.68,2,55.74,Premium,West,1
C00953,2026-04-30,Group A,6,101.1,1,48.91,Premium,East,0
C01135,2026-04-30,Group A,4,42.56,0,19.93,Basic,West,0
C00017,2026-04-30,Group A,28,71.11,0,44.96,Standard,North,0
C00940,2026-04-30,Group A,45,38.54,2,23.71,Basic,East,1
C01442,2026-04-30,Group B,9,56.71,2,43.42,Standard,West,0
C00934,2026-04-30,Group A,27,35.06,0,29.76,Basic,East,0
C01438,2026-04-30,Group B,22,94.43,1,61.76,Premium,West,0
C00931,2026-04-30,Group B,25,100.47,0,52.31,Premium,North,0
C00351,2026-04-30,Group A,49,30.79,1,32.51,Basic,South,0
C01455,2026-04-30,Group A,5,42.89,0,55.38,Basic,West,0
C00966,2026-04-30,Group B,23,67.0,1,35.26,Standard,East,0
C00967,2026-04-30,Group A,57,38.67,1,27.29,Basic,South,1
C01118,2026-04-30,Group A,44,62.88,1,51.53,Standard,West,0
C00316,2026-04-30,Group C,9,33.29,2,36.35,Basic,West,0
C00987,2026-04-30,Group C,36,93.82,2,48.12,Premium,South,0
C00986,2026-04-30,Group B,51,39.23,3,41.6,Basic,South,0
C00985,2026-04-30,Group C,20,35.37,1,28.14,Basic,North,0
C00984,2026-04-30,Group A,61,25.31,1,28.75,Basic,West,1
C00983,2026-04-30,Group B,25,64.69,1,38.36,Standard,West,0
C00981,2026-04-30,Group C,33,69.98,2,49.31,Standard,East,1
C00980,2026-04-30,Group A,9,57.93,0,57.07,Standard,East,0
C00978,2026-04-30,Group C,66,33.83,2,25.57,Basic,East,0
C01467,2026-04-30,Group A,24,66.67,2,50.45,Standard,East,0
C00011,2026-04-30,Group B,34,61.21,2,27.67,Standard,South,0
C00323,2026-04-30,Group A,59,67.47,1,60.86,Standard,North,0
C01460,2026-04-30,Group A,18,66.33,1,52.71,Standard,West,0
C00330,2026-04-30,Group A,42,95.88,1,52.66,Premium,South,0
C00331,2026-04-30,Group A,9,37.92,0,50.81,Basic,North,0
C00085,2026-04-30,Group B,30,37.6,1,55.23,Basic,North,0
C00366,2026-04-30,Group A,55,69.16,0,27.26,Standard,East,0
C00108,2026-04-30,Group C,49,66.79,2,24.32,Standard,North,0
C01397,2026-04-30,Group A,54,37.63,1,18.11,Basic,South,0
C01181,2026-04-30,Group B,59,61.21,2,32.69,Standard,West,0
C00549,2026-04-30,Group B,68,60.92,1,50.55,Standard,East,0
C00717,2026-04-30,Group A,44,44.93,2,32.46,Basic,East,0
C01344,2026-04-30,Group A,45,29.48,0,39.27,Basic,North,0
C01258,2026-04-30,Group A,66,88.56,0,30.51,Premium,West,0
C01259,2026-04-30,Group A,37,55.17,2,52.1,Standard,North,0
C00712,2026-04-30,Group B,68,95.5,0,50.38,Premium,North,0
C00708,2026-04-30,Group A,10,,1,39.04,Basic,South,0
C01341,2026-04-30,Group A,46,97.32,2,36.31,Premium,South,0
C00706,2026-04-30,Group A,58,31.57,1,26.42,Basic,East,0
C00556,2026-04-30,Group C,7,35.76,1,41.12,Basic,East,0
C00702,2026-04-30,Group B,16,61.05,0,35.23,Standard,South,0
C00701,2026-04-30,Group B,4,35.11,2,41.69,Basic,South,0
C01337,2026-04-30,Group A,19,41.76,1,23.59,Basic,South,0
C00561,2026-04-30,Group A,40,38.35,2,26.29,Basic,South,0
C00698,2026-04-30,Group B,11,69.78,2,56.33,Standard,East,0
C00548,2026-04-30,Group A,33,37.5,1,33.29,Basic,West,0
C00720,2026-04-30,Group A,21,32.3,1,29.27,Basic,East,0
C01255,2026-04-30,Group A,10,,3,44.52,Standard,East,0
C00137,2026-04-30,Group A,46,89.87,2,59.26,Premium,North,0
C00762,2026-04-30,Group A,12,95.95,4,38.85,Premium,East,0
C00507,2026-04-30,Group B,15,97.61,1,37.69,Premium,South,0
C00026,2026-04-30,Group C,63,37.13,1,39.76,Basic,North,0
C00755,2026-04-30,Group B,42,36.87,1,31.96,Basic,West,0
C00134,2026-04-30,Group A,54,50.23,0,38.49,Basic,South,0
C01235,2026-04-30,Group B,58,65.49,1,61.19,Standard,West,0
C00747,2026-04-30,Group C,19,62.38,1,37.39,Standard,South,0
C00162,2026-04-30,Group C,49,92.04,1,45.28,Premium,South,0
C00520,2026-04-30,Group A,67,90.16,2,54.67,Premium,East,0
C00437,2026-04-30,Group A,6,29.68,1,21.73,Basic,North,1
C00029,2026-04-30,Group B,43,98.48,0,57.87,Premium,West,0
C01350,2026-04-30,Group A,14,58.31,3,49.6,Standard,East,0
C00531,2026-04-30,Group A,49,32.5,3,45.96,Basic,South,0
C00535,2026-04-30,Group C,7,25.83,1,38.01,Basic,West,0
C00539,2026-04-30,Group A,40,93.61,2,39.54,Premium,South,0
C00730,2026-04-30,Group A,48,94.86,1,32.37,Premium,West,0
C00743,2026-04-30,Group B,39,31.63,1,48.46,Basic,East,0
C00502,2026-04-30,Group A,15,68.49,2,40.65,Standard,East,0
C01335,2026-04-30,Group B,22,100.66,3,38.54,Premium,West,1
C00570,2026-04-30,Group C,69,95.67,2,58.64,Premium,North,0
C00597,2026-04-30,Group A,49,40.05,0,49.78,Basic,South,0
C00648,2026-04-30,Group C,51,41.7,2,41.77,Basic,North,0
C01318,2026-04-30,Group C,33,64.35,1,46.72,Standard,West,0
C00599,2026-04-30,Group A,41,69.07,0,54.51,Standard,North,0
C01296,2026-04-30,Group A,35,62.47,0,54.32,Standard,West,0
C00600,2026-04-30,Group A,55,23.34,0,30.35,Basic,East,0
C00601,2026-04-30,Group B,41,32.2,0,46.18,Basic,South,0
C01299,2026-04-30,Group A,55,40.79,1,48.02,Basic,West,0
C00034,2026-04-30,Group B,32,70.62,1,58.88,Standard,East,0
C00606,2026-04-30,Group A,5,100.28,1,59.23,Premium,East,0
C00608,2026-04-30,Group A,34,63.13,1,48.92,Standard,South,0
C01311,2026-04-30,Group C,26,72.22,3,46.42,Standard,West,0
C00629,2026-04-30,Group B,48,67.88,1,26.13,Standard,North,0
C00616,2026-04-30,Group B,43,37.9,3,29.62,Basic,West,0
C00625,2026-04-30,Group C,62,35.3,2,21.29,Basic,West,0
C00652,2026-04-30,Group A,30,88.77,2,37.79,Premium,South,0
C01323,2026-04-30,Group A,36,37.72,5,38.97,Basic,East,0
C01290,2026-04-30,Group B,25,36.65,2,24.71,Basic,South,0
C00655,2026-04-30,Group A,70,36.45,1,28.78,Basic,South,0
C00040,2026-04-30,Group B,19,39.15,2,25.73,Basic,East,1
C00688,2026-04-30,Group A,32,33.13,1,26.17,Basic,North,0
C01277,2026-04-30,Group B,61,28.12,1,48.26,Basic,West,1
C00679,2026-04-30,Group B,59,35.81,1,40.69,Basic,East,0
C00677,2026-04-30,Group A,59,71.27,1,53.64,Standard,North,0
C00675,2026-04-30,Group A,30,42.04,1,18.48,Basic,North,1
C00673,2026-04-30,Group A,63,43.86,2,35.97,Basic,South,0
C00569,2026-04-30,Group B,29,54.38,0,55.77,Standard,West,0
C00672,2026-04-30,Group A,59,29.96,3,33.14,Basic,West,1
C00667,2026-04-30,Group B,44,27.71,1,28.86,Basic,North,0
C00665,2026-04-30,Group A,4,70.27,0,53.53,Standard,South,0
C00159,2026-04-30,Group A,43,39.0,3,45.16,Basic,East,0
C00158,2026-04-30,Group A,36,30.99,1,35.12,Basic,West,0
C00156,2026-04-30,Group B,7,29.95,3,47.39,Basic,South,1
C00658,2026-04-30,Group A,57,40.43,2,30.53,Basic,North,0
C00656,2026-04-30,Group A,30,62.1,0,47.98,Standard,East,0
C00578,2026-04-30,Group B,11,34.45,1,25.46,Basic,South,0
C00767,2026-04-30,Group A,26,79.4,0,52.21,Premium,North,0
C01241,2026-04-30,Group A,50,66.53,0,46.61,Standard,North,0
C00123,2026-04-30,Group C,71,34.65,2,29.85,Basic,West,0
C00824,2026-04-30,Group C,34,63.36,1,51.64,Standard,South,0
C00822,2026-04-30,Group B,10,93.0,3,50.56,Premium,East,1
C01196,2026-04-30,Group C,47,34.36,4,36.61,Basic,West,1
C00819,2026-04-30,Group A,33,56.85,0,26.22,Standard,North,0
C00475,2026-04-30,Group A,15,32.69,2,25.26,Basic,North,1
C01200,2026-04-30,Group C,62,87.34,1,45.53,Premium,West,0
C01380,2026-04-30,Group A,42,36.85,2,30.04,Basic,South,0
C00825,2026-04-30,Group A,4,95.45,1,50.97,Premium,East,0
C01205,2026-04-30,Group C,49,93.46,1,61.99,Premium,East,0
C00132,2026-04-30,Group B,48,40.31,1,37.22,Basic,South,0
C00807,2026-04-30,Group C,63,68.44,1,42.04,Standard,South,0
C01207,2026-04-30,Group B,63,92.16,4,34.01,Premium,East,1
C00479,2026-04-30,Group C,22,28.56,2,52.91,Basic,South,0
C00803,2026-04-30,Group A,46,69.6,2,43.41,Standard,South,0
C01211,2026-04-30,Group B,17,61.26,1,38.46,Standard,North,0
C00488,2026-04-30,Group A,22,66.35,0,30.49,Standard,South,0
C01379,2026-04-30,Group A,23,65.5,1,49.4,Standard,South,0
C00468,2026-04-30,Group B,18,100.1,3,41.07,Premium,North,0
C01195,2026-04-30,Group B,65,99.66,2,63.4,Premium,South,0
C01387,2026-04-30,Group A,13,104.52,0,47.84,Premium,East,0
C00445,2026-04-30,Group C,54,96.51,1,32.26,Premium,West,0
C00850,2026-04-30,Group A,35,45.6,2,44.34,Basic,West,0
C00446,2026-04-30,Group A,20,32.32,0,44.8,Basic,East,0
C01398,2026-04-30,Group C,54,29.61,1,37.81,Basic,East,0
C00449,2026-04-30,Group A,56,40.97,1,42.14,Basic,East,0
C01396,2026-04-30,Group C,26,61.92,2,45.51,Standard,South,0
C00113,2026-04-30,Group B,62,72.64,0,44.32,Standard,South,0
C01188,2026-04-30,Group B,27,32.46,1,44.38,Basic,North,0
C00842,2026-04-30,Group A,29,93.71,1,49.7,Premium,West,0
C01189,2026-04-30,Group A,10,36.98,0,44.09,Basic,East,0
C00455,2026-04-30,Group A,19,73.98,0,33.05,Standard,East,0
C00456,2026-04-30,Group A,20,67.98,1,49.65,Standard,North,1
C00458,2026-04-30,Group A,44,29.45,1,45.94,Basic,South,0
C00115,2026-04-30,Group A,38,65.68,0,60.73,Standard,West,0
C01392,2026-04-30,Group A,70,38.54,1,20.46,Basic,South,1
C00180,2026-04-30,Group B,63,65.54,2,48.99,Standard,South,0
C00116,2026-04-30,Group C,52,57.24,2,25.94,Standard,East,0
C00490,2026-04-30,Group A,7,63.79,4,49.09,Standard,North,1
C00126,2026-04-30,Group C,21,28.61,4,29.47,Basic,East,1
C00229,2026-04-30,Group B,58,37.25,3,32.52,Basic,North,1
C00789,2026-04-30,Group B,49,28.76,0,43.73,Basic,East,0
C01365,2026-04-30,Group A,43,61.71,0,40.12,Standard,West,0
C00771,2026-04-30,Group A,10,30.11,2,37.06,Basic,South,0
C01224,2026-04-30,Group A,44,,1,33.99,Basic,East,0
C00131,2026-04-30,Group A,41,95.39,3,49.25,Premium,South,0
C01222,2026-04-30,Group C,14,67.76,2,47.23,Standard,North,0
C01221,2026-04-30,Group A,26,64.53,1,26.93,Standard,East,0
C00130,2026-04-30,Group B,13,68.89,0,42.59,Standard,South,0
C00782,2026-04-30,Group A,17,29.53,2,34.67,Basic,South,0
C00129,2026-04-30,Group B,8,32.48,1,34.97,Basic,East,0
C01217,2026-04-30,Group B,42,60.64,1,43.09,Standard,East,0
C00786,2026-04-30,Group A,32,63.31,0,56.2,Standard,North,0
C01370,2026-04-30,Group A,5,93.93,1,46.7,Premium,East,0
C00494,2026-04-30,Group A,33,70.18,2,42.2,Standard,North,0
C01149,2026-05-31,Group A,43,60.71,3,59.7,Standard,West,0
C01132,2026-05-31,Group B,37,,1,66.95,Premium,East,0
C00002,2026-05-31,Group A,3,67.61,0,36.12,Standard,North,0
C01231,2026-05-31,Group C,3,62.2,2,47.98,Standard,East,0
C01139,2026-05-31,Group C,18,65.09,2,45.08,Standard,West,1
C01414,2026-05-31,Group A,5,61.19,2,35.03,Standard,North,1
C00016,2026-05-31,Group A,15,28.6,2,34.74,Basic,South,0
C01394,2026-05-31,Group B,33,28.91,0,29.33,Basic,South,0
C01087,2026-05-31,Group A,40,62.19,3,55.43,Standard,West,0
C00015,2026-05-31,Group C,62,59.8,3,44.3,Standard,South,0
C01348,2026-05-31,Group A,5,91.83,1,34.05,Premium,North,0
C01232,2026-05-31,Group A,66,64.76,1,39.62,Standard,North,0
C01119,2026-05-31,Group B,37,28.85,2,21.95,Basic,North,0
C01327,2026-05-31,Group C,62,87.14,1,58.36,Premium,North,0
C01194,2026-05-31,Group A,50,46.06,2,33.63,Basic,West,0
C01329,2026-05-31,Group A,44,61.9,1,26.13,Standard,East,0
C01098,2026-05-31,Group B,13,80.15,1,56.71,Standard,East,0
C00014,2026-05-31,Group A,30,34.9,1,24.13,Basic,South,0
C01234,2026-05-31,Group A,44,62.99,4,43.38,Standard,South,0
C01133,2026-05-31,Group A,70,100.79,3,46.57,Premium,South,0
C01298,2026-05-31,Group B,64,96.13,1,49.05,Premium,North,0
C01183,2026-05-31,Group B,3,95.52,0,60.55,Premium,North,0
C01306,2026-05-31,Group A,35,68.37,1,55.3,Standard,North,0
C01498,2026-05-31,Group B,9,95.08,2,57.54,Premium,West,0
C01073,2026-05-31,Group B,27,58.79,1,50.44,Standard,West,0
C01441,2026-05-31,Group A,36,34.62,0,22.52,Basic,North,0
C00043,2026-05-31,Group A,40,57.12,3,29.31,Standard,South,0
C01303,2026-05-31,Group A,12,26.93,0,11.64,Basic,West,1
C01134,2026-05-31,Group B,45,74.2,2,39.28,Standard,West,0
C00049,2026-05-31,Group B,30,38.73,1,30.83,Basic,South,1
C00025,2026-05-31,Group A,62,101.87,1,32.83,Premium,South,0
C01077,2026-05-31,Group A,41,36.56,1,30.72,Basic,East,0
C01313,2026-05-31,Group A,31,98.97,0,57.22,Premium,East,0
C01317,2026-05-31,Group A,23,93.05,1,48.89,Premium,South,0
C01301,2026-05-31,Group C,5,99.14,4,38.8,Premium,East,1
C00051,2026-05-31,Group B,4,91.47,1,31.97,Premium,South,0
C01449,2026-05-31,Group A,32,30.63,0,41.43,Basic,West,0
C00059,2026-05-31,Group A,71,62.27,0,39.58,Standard,North,0
C01378,2026-05-31,Group A,64,58.14,1,26.79,Standard,South,0
C01212,2026-05-31,Group A,33,65.27,1,48.25,Standard,East,0
C01284,2026-05-31,Group A,41,35.32,1,36.97,Basic,West,1
C01242,2026-05-31,Group B,45,27.86,2,40.56,Basic,South,0
C01204,2026-05-31,Group C,22,35.28,1,43.53,Basic,North,0
C00050,2026-05-31,Group B,53,,0,53.27,Standard,West,0
C00042,2026-05-31,Group A,7,72.34,3,41.08,Standard,West,1
C01430,2026-05-31,Group C,30,36.13,1,43.08,Basic,North,0
C01260,2026-05-31,Group B,70,45.84,2,31.63,Basic,North,0
C01264,2026-05-31,Group A,14,97.33,2,38.37,Premium,South,0
C00062,2026-05-31,Group A,55,33.54,1,36.47,Basic,North,0
C01424,2026-05-31,Group A,19,39.88,2,26.54,Basic,South,1
C01469,2026-05-31,Group C,55,100.75,1,55.65,Premium,South,0
C01208,2026-05-31,Group A,45,96.63,4,50.96,Premium,North,0
C01349,2026-05-31,Group A,54,95.88,2,52.18,Premium,South,0
C01339,2026-05-31,Group B,63,51.79,1,25.22,Standard,East,0
C01426,2026-05-31,Group B,69,95.71,2,51.13,Premium,South,0
C01472,2026-05-31,Group A,45,67.54,0,43.54,Standard,South,0
C01427,2026-05-31,Group A,55,28.07,1,39.83,Basic,North,0
C00060,2026-05-31,Group C,40,101.24,3,66.51,Premium,West,0
C01461,2026-05-31,Group C,70,97.44,2,58.58,Premium,South,0
C01334,2026-05-31,Group A,27,58.12,0,49.82,Standard,East,0
C01332,2026-05-31,Group A,53,,0,49.8,Standard,West,0
C00028,2026-05-31,Group A,10,32.36,2,41.58,Basic,North,0
C01282,2026-05-31,Group A,45,38.41,1,20.65,Basic,North,0
C01148,2026-05-31,Group A,37,30.83,0,44.81,Basic,North,0
C01281,2026-05-31,Group A,51,24.22,1,46.02,Basic,East,0
C01254,2026-05-31,Group B,32,60.38,0,48.6,Standard,East,0
C01219,2026-05-31,Group A,50,33.51,0,48.45,Basic,East,0
C01416,2026-05-31,Group A,67,30.72,0,57.58,Basic,East,0
C01218,2026-05-31,Group C,37,36.65,0,37.24,Basic,South,0
C00038,2026-05-31,Group A,55,57.64,3,36.46,Standard,East,0
C01197,2026-05-31,Group A,44,80.99,2,45.32,Standard,East,0
C01278,2026-05-31,Group A,17,35.31,4,24.99,Basic,East,1
C01199,2026-05-31,Group A,70,40.83,1,31.77,Basic,South,1
C00013,2026-05-31,Group A,57,61.64,2,64.44,Standard,South,0
C01276,2026-05-31,Group A,4,63.5,1,62.14,Standard,North,0
C01275,2026-05-31,Group A,18,65.72,0,53.69,Standard,East,0
C01274,2026-05-31,Group A,5,25.89,1,32.06,Basic,South,0
C00008,2026-05-31,Group C,34,64.16,6,46.98,Standard,West,1
C01137,2026-05-31,Group A,29,64.26,1,50.57,Standard,North,0
C00864,2026-05-31,Group A,46,71.7,2,25.38,Standard,North,0
C00553,2026-05-31,Group B,36,36.49,1,37.72,Basic,South,0
C00639,2026-05-31,Group C,65,33.18,3,38.59,Basic,West,1
C00827,2026-05-31,Group B,65,,2,39.0,Basic,South,0
C00493,2026-05-31,Group A,38,36.25,1,47.38,Basic,East,0
C00641,2026-05-31,Group C,27,39.32,0,41.2,Basic,West,0
C00815,2026-05-31,Group B,37,33.97,0,35.28,Basic,North,1
C00813,2026-05-31,Group C,25,28.32,1,27.35,Basic,South,0
C00388,2026-05-31,Group A,61,26.39,1,25.1,Basic,East,0
C00391,2026-05-31,Group A,28,63.88,1,29.83,Standard,North,0
C00122,2026-05-31,Group A,71,41.9,0,43.0,Basic,East,0
C00395,2026-05-31,Group A,13,43.11,1,25.18,Basic,East,0
C00557,2026-05-31,Group B,54,41.75,2,38.85,Basic,East,1
C00806,2026-05-31,Group B,14,68.21,2,43.26,Standard,South,0
C00805,2026-05-31,Group A,64,66.74,1,43.61,Standard,South,0
C00645,2026-05-31,Group C,35,94.45,2,49.82,Premium,East,0
C00794,2026-05-31,Group A,17,60.23,1,27.88,Standard,North,0
C00793,2026-05-31,Group A,6,70.44,1,52.08,Standard,North,0
C00489,2026-05-31,Group A,40,63.83,3,52.63,Standard,North,0
C00484,2026-05-31,Group B,17,38.58,2,32.83,Basic,South,0
C00788,2026-05-31,Group B,20,34.68,4,43.3,Basic,South,1
C00378,2026-05-31,Group B,61,42.96,1,31.25,Basic,South,0
C00377,2026-05-31,Group A,31,62.6,2,33.64,Standard,South,0
C00836,2026-05-31,Group C,48,35.13,1,35.86,Basic,South,0
C00837,2026-05-31,Group A,43,32.22,2,27.57,Basic,South,0
C00105,2026-05-31,Group A,18,46.79,1,29.84,Basic,North,0
C00106,2026-05-31,Group A,2,68.75,1,33.35,Standard,South,0
C00204,2026-05-31,Group A,66,65.2,2,39.9,Standard,South,0
C00690,2026-05-31,Group C,29,39.15,1,41.71,Basic,North,0
C00867,2026-05-31,Group A,20,29.56,0,28.83,Basic,South,0
C00866,2026-05-31,Group A,57,62.61,2,38.51,Standard,East,0
C00360,2026-05-31,Group A,63,40.42,0,44.61,Basic,West,0
C00107,2026-05-31,Group B,35,65.68,0,48.55,Standard,East,0
C00613,2026-05-31,Group B,7,37.61,1,31.78,Basic,North,0
C00128,2026-05-31,Group A,58,66.04,1,44.78,Standard,North,0
C00615,2026-05-31,Group A,53,35.57,2,30.17,Basic,South,0
C00859,2026-05-31,Group A,27,38.53,3,31.86,Basic,East,0
C00175,2026-05-31,Group A,31,96.24,1,43.61,Premium,West,0
C00852,2026-05-31,Group A,25,30.43,1,31.69,Basic,East,0
C00631,2026-05-31,Group A,4,31.03,2,23.33,Basic,North,0
C00849,2026-05-31,Group B,48,45.79,0,34.59,Basic,East,0
C00110,2026-05-31,Group A,19,29.39,0,18.37,Basic,North,0
C00112,2026-05-31,Group B,54,43.65,2,18.97,Basic,North,0
C00370,2026-05-31,Group C,71,,0,39.43,Premium,South,0
C00636,2026-05-31,Group A,37,40.46,2,51.55,Basic,East,0
C00860,2026-05-31,Group A,22,,1,72.7,Premium,West,0
C00875,2026-05-31,Group A,63,31.46,0,40.05,Basic,West,0
C00402,2026-05-31,Group C,70,35.22,3,50.97,Basic,South,0
C00191,2026-05-31,Group A,11,100.17,2,52.39,Premium,West,0
C00736,2026-05-31,Group A,18,31.81,3,39.57,Basic,West,0
C00734,2026-05-31,Group A,22,68.75,2,65.65,Standard,East,0
C00177,2026-05-31,Group A,7,39.16,1,54.32,Basic,West,1
C00731,2026-05-31,Group A,65,69.97,2,41.03,Standard,South,0
C00727,2026-05-31,Group A,67,61.94,0,24.35,Standard,East,0
C00725,2026-05-31,Group A,21,61.98,2,52.76,Standard,West,0
C00676,2026-05-31,Group A,2,66.24,2,49.21,Standard,East,0
C00716,2026-05-31,Group B,46,63.14,0,27.32,Standard,East,0
C00476,2026-05-31,Group C,5,68.1,2,18.79,Standard,South,1
C00714,2026-05-31,Group A,34,69.82,1,40.35,Standard,East,1
C00713,2026-05-31,Group A,38,37.19,1,48.91,Basic,West,0
C00711,2026-05-31,Group B,11,55.17,0,46.34,Standard,East,0
C00461,2026-05-31,Group B,13,89.91,1,57.9,Premium,South,0
C00463,2026-05-31,Group B,30,35.57,1,32.17,Basic,East,0
C00697,2026-05-31,Group C,31,28.57,0,48.09,Basic,South,0
C00681,2026-05-31,Group C,3,71.91,2,49.96,Standard,South,0
C00472,2026-05-31,Group A,54,90.97,1,34.59,Premium,North,0
C00692,2026-05-31,Group A,23,37.67,1,38.11,Basic,South,0
C00471,2026-05-31,Group A,28,61.64,0,54.54,Standard,North,0
C00482,2026-05-31,Group B,16,33.98,0,14.72,Basic,West,0
C00184,2026-05-31,Group B,36,35.91,2,32.44,Basic,East,0
C00737,2026-05-31,Group C,16,30.2,1,27.4,Basic,West,0
C00666,2026-05-31,Group B,49,37.38,2,37.92,Basic,East,0
C00774,2026-05-31,Group B,9,58.44,1,42.35,Standard,East,0
C00416,2026-05-31,Group C,31,87.16,0,46.0,Premium,West,0
C00657,2026-05-31,Group C,60,94.37,1,31.29,Premium,North,0
C00766,2026-05-31,Group A,44,54.51,0,48.32,Standard,South,0
C00662,2026-05-31,Group C,43,39.83,2,31.43,Basic,South,0
C00422,2026-05-31,Group B,57,56.8,2,42.4,Standard,South,0
C00423,2026-05-31,Group A,34,35.39,1,31.51,Basic,East,0
C01071,2026-05-31,Group C,18,42.16,1,53.1,Basic,West,0
C00760,2026-05-31,Group B,27,60.94,2,41.66,Standard,West,0
C00654,2026-05-31,Group A,14,102.74,1,50.3,Premium,East,0
C00757,2026-05-31,Group B,24,70.78,2,43.66,Standard,East,0
C00430,2026-05-31,Group A,41,37.69,1,42.83,Basic,South,0
C00135,2026-05-31,Group A,16,32.18,0,34.16,Basic,North,0
C00432,2026-05-31,Group A,15,97.3,0,59.9,Premium,North,0
C00745,2026-05-31,Group A,38,64.67,3,39.57,Standard,East,0
C00433,2026-05-31,Group A,61,36.89,2,50.0,Basic,South,0
C00742,2026-05-31,Group B,32,84.32,1,41.57,Premium,West,0
C00741,2026-05-31,Group A,26,62.31,0,41.14,Standard,East,0
C00149,2026-05-31,Group A,32,31.38,4,33.29,Basic,East,0
C00739,2026-05-31,Group C,66,39.97,1,55.03,Basic,East,0
C00428,2026-05-31,Group A,65,97.78,0,38.62,Premium,South,0
C00878,2026-05-31,Group A,46,42.43,1,34.88,Basic,North,0
C00174,2026-05-31,Group B,37,35.6,1,39.51,Basic,East,0
C00990,2026-05-31,Group B,43,31.79,0,50.09,Basic,East,0
C00545,2026-05-31,Group A,47,99.08,1,34.16,Premium,South,0
C01033,2026-05-31,Group A,61,45.18,2,55.51,Basic,South,0
C01025,2026-05-31,Group B,7,60.1,1,32.31,Standard,South,0
C00541,2026-05-31,Group A,5,98.62,3,78.28,Premium,West,0
C00278,2026-05-31,Group A,14,94.41,1,35.73,Premium,West,0
C00080,2026-05-31,Group A,27,63.22,1,58.87,Standard,East,0
C00283,2026-05-31,Group A,10,64.6,1,47.68,Standard,West,0
C00160,2026-05-31,Group A,7,86.81,0,39.98,Premium,East,0
C01012,2026-05-31,Group A,32,71.01,2,30.97,Standard,North,0
C00075,2026-05-31,Group C,31,35.47,2,40.04,Basic,East,0
C00291,2026-05-31,Group A,41,66.9,4,39.2,Standard,West,0
C01009,2026-05-31,Group C,67,72.5,0,55.34,Standard,North,0
C00215,2026-05-31,Group C,64,27.73,3,39.21,Basic,North,1
C01002,2026-05-31,Group A,17,63.81,0,42.14,Standard,South,0
C01001,2026-05-31,Group B,25,99.26,0,69.38,Premium,South,0
C00302,2026-05-31,Group A,61,67.65,1,48.35,Standard,North,0
C00103,2026-05-31,Group C,35,30.06,3,37.31,Basic,South,0
C00982,2026-05-31,Group A,2,35.21,1,28.38,Basic,West,0
C00084,2026-05-31,Group B,4,31.22,1,37.96,Basic,South,0
C00213,2026-05-31,Group A,67,32.66,1,33.73,Basic,South,0
C00166,2026-05-31,Group C,61,37.65,1,38.81,Basic,South,0
C00587,2026-05-31,Group A,67,67.73,2,40.75,Standard,East,0
C01036,2026-05-31,Group C,36,65.42,4,23.79,Standard,West,1
C00559,2026-05-31,Group A,55,29.67,0,41.39,Basic,East,1
C01065,2026-05-31,Group B,6,42.39,3,23.41,Basic,North,0
C01064,2026-05-31,Group A,61,72.05,2,45.98,Standard,South,0
C01062,2026-05-31,Group A,2,102.12,1,50.21,Premium,North,0
C01061,2026-05-31,Group A,9,92.72,3,60.49,Premium,West,1
C01058,2026-05-31,Group A,43,30.64,2,41.63,Basic,South,0
C00551,2026-05-31,Group A,57,84.89,1,49.0,Premium,South,0
C00227,2026-05-31,Group A,52,48.48,1,34.02,Basic,North,0
C00234,2026-05-31,Group A,11,34.73,4,49.03,Basic,East,1
C00236,2026-05-31,Group C,40,29.28,2,23.12,Basic,South,0
C00550,2026-05-31,Group A,2,57.15,2,58.82,Standard,West,0
C00225,2026-05-31,Group A,7,34.95,0,42.92,Basic,West,0
C00071,2026-05-31,Group A,10,26.9,0,31.24,Basic,East,1
C00249,2026-05-31,Group C,37,96.81,1,51.91,Premium,East,0
C00223,2026-05-31,Group A,32,59.0,1,38.38,Standard,West,0
C01049,2026-05-31,Group B,24,62.11,2,41.07,Standard,North,0
C00257,2026-05-31,Group C,35,95.04,1,73.9,Premium,North,0
C01045,2026-05-31,Group C,39,66.57,1,55.07,Standard,North,0
C00261,2026-05-31,Group B,27,67.17,0,51.02,Standard,South,0
C01041,2026-05-31,Group B,43,30.59,1,46.33,Basic,East,0
C01040,2026-05-31,Group A,32,66.08,3,43.9,Standard,West,0
C00247,2026-05-31,Group B,66,56.83,3,38.28,Standard,West,0
C00212,2026-05-31,Group A,24,63.97,4,15.5,Standard,North,1
C00686,2026-05-31,Group C,21,53.4,1,44.96,Standard,West,0
C00334,2026-05-31,Group C,58,30.97,1,41.57,Basic,East,1
C00092,2026-05-31,Group B,21,30.85,0,33.48,Basic,East,0
C00173,2026-05-31,Group B,6,64.67,1,50.61,Standard,East,0
C00207,2026-05-31,Group B,27,64.7,0,44.81,Standard,West,0
C00932,2026-05-31,Group B,2,32.01,2,62.69,Basic,North,0
C00098,2026-05-31,Group B,52,83.95,1,46.5,Premium,South,0
C00591,2026-05-31,Group A,18,60.38,1,39.37,Standard,East,0
C00312,2026-05-31,Group B,62,73.92,0,50.18,Standard,East,0
C00514,2026-05-31,Group C,31,32.29,2,16.89,Basic,South,0
C00336,2026-05-31,Group B,25,68.31,0,51.67,Standard,East,0
C00596,2026-05-31,Group B,35,62.15,0,52.92,Standard,South,0
C00918,2026-05-31,Group A,27,38.57,2,39.73,Basic,South,1
C00598,2026-05-31,Group A,60,31.42,1,41.28,Basic,South,0
C00911,2026-05-31,Group A,67,93.2,1,54.97,Premium,West,0
C00906,2026-05-31,Group A,18,32.38,1,44.42,Basic,North,0
C00603,2026-05-31,Group A,13,103.71,1,66.13,Premium,North,0
C00941,2026-05-31,Group B,42,30.88,1,18.93,Basic,South,0
C00602,2026-05-31,Group C,32,64.14,1,53.05,Standard,West,0
C00210,2026-05-31,Group B,50,70.41,1,42.81,Standard,East,0
C00090,2026-05-31,Group A,26,40.02,0,50.58,Basic,East,0
C00089,2026-05-31,Group A,12,64.95,1,53.43,Standard,North,1
C00512,2026-05-31,Group A,40,88.39,0,51.59,Premium,North,0
C00892,2026-05-31,Group A,58,35.59,1,33.8,Basic,East,0
C00605,2026-05-31,Group C,32,68.35,0,34.93,Standard,North,0
C00101,2026-05-31,Group A,17,38.45,0,28.05,Basic,North,0
C00320,2026-05-31,Group A,12,101.49,0,47.76,Premium,West,0
C00886,2026-05-31,Group A,43,70.21,2,59.9,Standard,East,0
C00955,2026-05-31,Group A,37,99.83,3,55.62,Premium,West,0
C00895,2026-05-31,Group A,35,96.76,2,45.94,Premium,North,0
C00086,2026-05-31,Group B,71,64.49,0,46.07,Standard,North,0
C00317,2026-05-31,Group A,71,30.67,2,41.38,Basic,East,0
C00885,2026-05-31,Group C,19,71.41,1,37.89,Standard,West,0
C00318,2026-05-31,Group B,42,32.06,3,38.58,Basic,East,1
C00524,2026-05-31,Group B,37,41.92,1,27.03,Basic,North,0
C00511,2026-06-30,Group A,16,63.37,0,60.46,Standard,East,0
C00503,2026-06-30,Group A,19,96.45,1,48.05,Premium,South,0
C01381,2026-06-30,Group A,54,36.6,1,44.47,Basic,South,0
C00513,2026-06-30,Group A,35,43.31,1,39.07,Basic,North,0
C01384,2026-06-30,Group C,49,37.69,4,26.77,Basic,South,0
C00499,2026-06-30,Group C,66,67.33,0,28.48,Standard,North,0
C00491,2026-06-30,Group C,17,32.44,1,20.29,Basic,North,0
C00477,2026-06-30,Group A,26,73.58,2,43.28,Standard,North,0
C01371,2026-06-30,Group A,10,56.79,0,29.99,Standard,North,0
C01375,2026-06-30,Group A,53,66.39,1,49.59,Standard,South,0
C00527,2026-06-30,Group A,60,65.23,0,16.83,Standard,East,0
C01354,2026-06-30,Group C,15,33.39,2,34.27,Basic,North,0
C00529,2026-06-30,Group C,13,34.07,1,51.26,Basic,South,0
C00530,2026-06-30,Group B,32,37.94,2,37.07,Basic,East,0
C00024,2026-06-30,Group C,38,98.62,1,44.31,Premium,South,0
C00492,2026-06-30,Group A,4,99.62,2,30.33,Premium,North,0
C01376,2026-06-30,Group A,39,60.6,1,41.65,Standard,North,0
C01369,2026-06-30,Group A,25,35.2,0,35.09,Basic,East,0
C01347,2026-06-30,Group A,68,97.51,1,35.99,Premium,North,0
C01346,2026-06-30,Group A,60,97.28,3,44.28,Premium,East,0
C00515,2026-06-30,Group B,46,39.84,1,31.03,Basic,West,0
C01377,2026-06-30,Group A,33,94.85,2,48.48,Premium,South,0
C00517,2026-06-30,Group A,30,66.52,3,45.94,Standard,South,0
C00504,2026-06-30,Group B,39,34.5,0,40.59,Basic,South,0
C01067,2026-06-30,Group B,56,67.91,1,28.58,Standard,West,0
C00466,2026-06-30,Group B,26,40.22,2,45.89,Basic,East,0
C01443,2026-06-30,Group B,26,29.69,2,49.33,Basic,West,1
C00358,2026-06-30,Group A,7,39.16,1,34.23,Basic,North,0
C00356,2026-06-30,Group B,11,34.82,3,44.48,Basic,West,0
C01447,2026-06-30,Group A,32,36.76,2,30.02,Basic,North,0
C01448,2026-06-30,Group A,9,32.2,1,39.48,Basic,North,0
C00355,2026-06-30,Group A,30,37.01,0,22.11,Basic,East,0
C00348,2026-06-30,Group B,21,33.7,3,41.22,Basic,West,0
C00347,2026-06-30,Group A,61,31.73,0,55.84,Basic,South,0
C00345,2026-06-30,Group B,71,37.42,0,41.87,Basic,North,0
C00340,2026-06-30,Group A,21,33.21,1,48.33,Basic,South,0
C00337,2026-06-30,Group B,29,41.29,5,45.16,Basic,South,0
C01457,2026-06-30,Group B,26,30.77,1,56.91,Basic,East,0
C00208,2026-06-30,Group A,47,32.76,2,52.08,Basic,South,0
C00325,2026-06-30,Group C,30,63.05,2,40.5,Standard,West,0
C00324,2026-06-30,Group C,66,93.45,0,37.37,Premium,South,0
C00012,2026-06-30,Group A,29,94.35,0,53.03,Premium,South,0
C01465,2026-06-30,Group C,16,98.48,0,52.28,Premium,West,0
C00232,2026-06-30,Group B,22,39.35,2,48.67,Basic,South,1
C00264,2026-06-30,Group C,33,26.82,1,40.18,Basic,West,0
C00265,2026-06-30,Group A,45,36.31,1,25.14,Basic,South,0
C01486,2026-06-30,Group C,23,105.39,1,49.35,Premium,West,1
C00220,2026-06-30,Group A,70,29.08,1,59.8,Basic,North,0
C00006,2026-06-30,Group A,45,71.3,2,48.05,Standard,South,0
C00361,2026-06-30,Group A,52,89.07,0,39.64,Premium,East,0
C00274,2026-06-30,Group B,25,67.65,1,38.43,Standard,West,0
C00293,2026-06-30,Group B,50,45.0,1,49.15,Basic,East,0
C00297,2026-06-30,Group A,54,97.83,1,51.46,Premium,West,0
C01475,2026-06-30,Group C,29,98.97,3,36.45,Premium,North,0
C00304,2026-06-30,Group A,58,91.96,0,45.95,Premium,West,0
C01471,2026-06-30,Group A,43,71.25,2,45.81,Standard,East,0
C00319,2026-06-30,Group A,33,62.93,1,16.9,Standard,East,0
C00286,2026-06-30,Group B,35,61.38,1,25.76,Standard,East,0
C00470,2026-06-30,Group A,65,55.9,1,60.14,Standard,South,0
C01440,2026-06-30,Group C,10,37.31,0,36.03,Basic,North,0
C00364,2026-06-30,Group C,5,61.22,0,26.18,Standard,East,1
C00179,2026-06-30,Group B,14,62.79,1,25.65,Standard,South,0
C01389,2026-06-30,Group B,10,100.4,0,56.64,Premium,East,0
C01390,2026-06-30,Group C,63,59.23,2,48.98,Standard,North,0
C01393,2026-06-30,Group B,49,92.45,2,55.56,Premium,East,0
C00181,2026-06-30,Group A,61,92.02,1,47.69,Premium,South,0
C00459,2026-06-30,Group A,56,40.14,1,40.12,Basic,West,0
C00452,2026-06-30,Group B,25,56.41,1,49.7,Standard,North,0
C00451,2026-06-30,Group B,55,56.76,1,42.41,Standard,East,0
C00448,2026-06-30,Group B,44,38.65,1,24.22,Basic,North,0
C00441,2026-06-30,Group A,31,,1,52.9,Premium,East,0
C01401,2026-06-30,Group B,71,33.83,0,38.17,Basic,North,0
C00438,2026-06-30,Group C,37,63.65,1,29.73,Standard,South,1
C00427,2026-06-30,Group A,32,64.01,0,51.2,Standard,West,0
C01408,2026-06-30,Group A,34,28.43,1,43.8,Basic,East,0
C00421,2026-06-30,Group A,34,61.63,2,61.95,Standard,South,0
C00417,2026-06-30,Group B,32,,2,50.29,Premium,East,0
C00409,2026-06-30,Group A,20,31.95,1,42.5,Basic,North,1
C00202,2026-06-30,Group A,45,62.64,0,41.6,Standard,South,0
C00019,2026-06-30,Group A,10,65.0,2,55.4,Standard,North,0
C00375,2026-06-30,Group A,21,58.12,3,49.26,Standard,South,0
C00200,2026-06-30,Group A,29,69.14,2,50.05,Standard,South,0
C00382,2026-06-30,Group A,35,60.12,1,42.47,Standard,North,0
C00383,2026-06-30,Group A,53,92.57,2,26.73,Premium,West,0
C00362,2026-06-30,Group A,68,101.52,1,53.04,Premium,East,0
C01428,2026-06-30,Group B,65,61.96,2,37.75,Standard,West,0
C01422,2026-06-30,Group A,33,70.85,0,38.28,Standard,South,0
C01421,2026-06-30,Group A,64,30.29,2,21.37,Basic,East,0
C00195,2026-06-30,Group A,17,69.47,0,50.84,Standard,East,0
C01419,2026-06-30,Group A,54,37.25,3,34.78,Basic,East,1
C00401,2026-06-30,Group A,35,103.41,1,50.76,Premium,North,0
C00404,2026-06-30,Group A,33,72.96,1,38.79,Standard,West,0
C00389,2026-06-30,Group A,32,92.32,1,45.75,Premium,West,0
C00396,2026-06-30,Group A,35,85.53,0,66.28,Premium,North,0
C00037,2026-06-30,Group B,45,99.5,1,53.1,Premium,North,0
C00558,2026-06-30,Group B,21,66.85,0,65.32,Standard,South,0
C01170,2026-06-30,Group C,67,93.26,0,56.29,Premium,West,0
C01169,2026-06-30,Group B,62,28.41,1,37.03,Basic,North,0
C01163,2026-06-30,Group C,30,63.79,0,45.9,Standard,East,0
C00882,2026-06-30,Group C,62,87.59,2,43.32,Premium,North,0
C01158,2026-06-30,Group A,26,33.46,2,37.55,Basic,West,0
C00894,2026-06-30,Group A,43,29.3,2,40.87,Basic,North,0
C01154,2026-06-30,Group A,36,92.48,0,37.15,Premium,North,0
C00095,2026-06-30,Group A,16,66.96,1,39.07,Standard,South,0
C00904,2026-06-30,Group A,53,38.34,2,30.18,Basic,West,0
C01150,2026-06-30,Group A,70,61.59,1,56.81,Standard,North,0
C00914,2026-06-30,Group A,62,67.16,0,63.81,Standard,North,0
C00921,2026-06-30,Group A,17,93.82,2,58.19,Premium,West,0
C01144,2026-06-30,Group A,26,38.93,0,52.7,Basic,East,0
C01143,2026-06-30,Group B,30,94.39,1,60.84,Premium,West,0
C00093,2026-06-30,Group B,51,58.76,1,53.15,Standard,East,0
C00868,2026-06-30,Group B,19,60.38,0,45.55,Standard,South,0
C00865,2026-06-30,Group C,48,62.06,3,45.57,Standard,West,0
C00862,2026-06-30,Group B,55,40.3,1,44.06,Basic,East,0
C00861,2026-06-30,Group A,39,32.06,2,53.77,Basic,North,0
C00810,2026-06-30,Group C,51,35.82,0,33.83,Basic,East,0
C01203,2026-06-30,Group B,59,36.29,0,46.53,Basic,West,0
C00812,2026-06-30,Group B,42,62.55,3,42.2,Standard,North,0
C01201,2026-06-30,Group C,18,63.78,1,46.71,Standard,East,1
C01198,2026-06-30,Group C,59,60.42,1,41.25,Standard,East,0
C00816,2026-06-30,Group A,10,58.96,1,31.31,Standard,North,0
C00820,2026-06-30,Group A,17,70.11,2,58.12,Standard,North,0
C01141,2026-06-30,Group A,28,39.11,0,44.31,Basic,East,0
C00828,2026-06-30,Group C,67,65.36,2,27.17,Standard,South,1
C00835,2026-06-30,Group B,10,70.64,1,49.75,Standard,West,0
C00840,2026-06-30,Group A,30,92.63,2,44.71,Premium,South,0
C00843,2026-06-30,Group C,48,93.2,3,49.46,Premium,North,1
C00851,2026-06-30,Group C,15,89.73,1,52.86,Premium,North,0
C01182,2026-06-30,Group B,30,58.11,1,31.12,Standard,North,0
C00853,2026-06-30,Group B,61,89.7,0,45.29,Premium,South,0
C00856,2026-06-30,Group A,35,66.2,2,51.97,Standard,West,0
C00829,2026-06-30,Group C,63,65.32,2,27.65,Standard,North,0
C00926,2026-06-30,Group C,36,33.09,0,33.92,Basic,South,0
C00936,2026-06-30,Group A,24,33.98,3,28.53,Basic,North,1
C00943,2026-06-30,Group A,58,65.36,0,28.31,Standard,South,0
C01023,2026-06-30,Group B,44,64.99,1,34.42,Standard,East,0
C01024,2026-06-30,Group C,39,,3,47.7,Standard,West,0
C00064,2026-06-30,Group B,24,31.43,1,35.05,Basic,West,0
C01097,2026-06-30,Group A,69,64.69,1,42.18,Standard,West,0
C01037,2026-06-30,Group A,36,61.84,1,36.45,Standard,East,0
C01093,2026-06-30,Group A,43,38.82,1,35.59,Basic,North,0
C01042,2026-06-30,Group A,66,62.68,3,41.15,Standard,West,0
C01103,2026-06-30,Group A,64,30.2,3,24.89,Basic,South,0
C01088,2026-06-30,Group A,29,95.83,0,78.02,Premium,East,0
C01054,2026-06-30,Group B,32,100.67,1,52.0,Premium,South,0
C01083,2026-06-30,Group A,17,36.09,1,20.53,Basic,South,0
C01082,2026-06-30,Group C,18,34.98,1,47.26,Basic,North,0
C01081,2026-06-30,Group A,11,94.26,0,60.85,Premium,North,0
C01080,2026-06-30,Group A,55,32.29,1,31.42,Basic,East,0
C01056,2026-06-30,Group B,24,40.57,0,31.25,Basic,West,0
C00067,2026-06-30,Group C,62,38.0,0,44.31,Basic,South,0
C01086,2026-06-30,Group A,24,27.99,0,42.99,Basic,North,0
C01206,2026-06-30,Group C,3,70.46,6,32.71,Standard,East,1
C00081,2026-06-30,Group B,66,56.84,1,36.29,Standard,North,0
C01108,2026-06-30,Group A,10,63.45,0,41.58,Standard,South,0
C00947,2026-06-30,Group A,50,66.86,0,48.14,Standard,South,0
C00949,2026-06-30,Group C,66,37.84,1,21.82,Basic,West,0
C00959,2026-06-30,Group C,23,30.07,0,44.49,Basic,South,0
C01127,2026-06-30,Group A,32,33.13,1,29.94,Basic,West,0
C01126,2026-06-30,Group B,23,32.95,1,30.37,Basic,South,0
C01125,2026-06-30,Group C,65,62.71,0,49.09,Standard,North,0
C00963,2026-06-30,Group C,55,62.94,1,43.91,Standard,East,0
C01016,2026-06-30,Group A,47,38.11,2,34.35,Basic,South,0
C00965,2026-06-30,Group A,47,35.82,0,24.02,Basic,South,0
C00061,2026-06-30,Group A,49,92.3,2,47.76,Premium,East,0
C01117,2026-06-30,Group C,70,68.73,2,33.19,Standard,West,1
C00999,2026-06-30,Group A,41,103.13,2,68.4,Premium,East,0
C01004,2026-06-30,Group B,48,61.71,0,36.48,Standard,North,0
C01006,2026-06-30,Group B,55,91.54,0,57.54,Premium,North,0
C01007,2026-06-30,Group A,46,23.22,2,26.62,Basic,South,0
C01109,2026-06-30,Group A,39,72.71,1,39.24,Standard,East,0
C00969,2026-06-30,Group B,19,27.67,0,27.21,Basic,East,0
C00804,2026-06-30,Group A,22,68.34,1,32.66,Standard,East,0
C01210,2026-06-30,Group B,59,57.58,1,56.66,Standard,West,0
C00797,2026-06-30,Group A,45,65.58,1,44.42,Standard,West,0
C00611,2026-06-30,Group B,69,32.72,1,32.7,Basic,South,0
C00153,2026-06-30,Group A,23,62.56,1,8.71,Standard,South,0
C00151,2026-06-30,Group A,60,61.43,3,40.72,Standard,South,0
C01304,2026-06-30,Group C,8,53.58,2,48.13,Standard,East,0
C00640,2026-06-30,Group A,40,34.51,1,28.72,Basic,North,0
C00642,2026-06-30,Group C,52,99.87,3,56.15,Premium,South,0
C00643,2026-06-30,Group A,33,71.99,1,30.33,Standard,South,0
C01310,2026-06-30,Group A,6,64.39,0,41.83,Standard,South,0
C01295,2026-06-30,Group C,56,41.12,1,42.13,Basic,South,0
C00649,2026-06-30,Group B,70,63.39,0,40.97,Standard,North,0
C01292,2026-06-30,Group B,60,56.09,1,35.97,Standard,South,0
C00650,2026-06-30,Group A,30,37.53,1,46.33,Basic,North,0
C01287,2026-06-30,Group C,54,40.76,2,52.19,Basic,North,0
C00668,2026-06-30,Group B,53,93.84,0,46.42,Premium,South,0
C00669,2026-06-30,Group C,14,50.63,3,43.37,Basic,South,0
C00671,2026-06-30,Group B,49,91.29,0,49.22,Premium,West,0
C00035,2026-06-30,Group C,62,34.09,1,45.05,Basic,North,0
C01280,2026-06-30,Group B,60,62.69,0,25.19,Standard,East,0
C00610,2026-06-30,Group A,59,57.59,0,38.24,Standard,West,0
C01314,2026-06-30,Group A,24,36.66,4,20.59,Basic,West,0
C00560,2026-06-30,Group C,47,37.29,1,48.51,Basic,West,0
C01336,2026-06-30,Group A,54,98.99,1,50.89,Premium,North,0
C00565,2026-06-30,Group A,66,30.0,0,43.89,Basic,West,0
C00571,2026-06-30,Group A,68,42.15,1,54.63,Basic,North,0
C00161,2026-06-30,Group B,49,58.3,1,51.67,Standard,East,0
C00577,2026-06-30,Group A,26,58.52,2,56.33,Standard,East,0
C00579,2026-06-30,Group A,11,97.58,1,45.87,Premium,North,0
C00609,2026-06-30,Group B,35,65.71,2,54.6,Standard,East,0
C00582,2026-06-30,Group A,36,70.15,1,52.54,Standard,South,0
C00589,2026-06-30,Group C,37,38.95,5,41.68,Basic,West,0
C01325,2026-06-30,Group A,37,26.85,0,42.76,Basic,East,0
C01324,2026-06-30,Group C,67,72.15,2,54.03,Standard,North,0
C00590,2026-06-30,Group A,24,33.37,1,41.52,Basic,South,0
C00592,2026-06-30,Group B,14,69.59,0,63.85,Standard,South,0
C00594,2026-06-30,Group B,15,35.93,2,35.81,Basic,North,0
C01315,2026-06-30,Group A,38,101.68,0,32.7,Premium,South,0
C00586,2026-06-30,Group C,21,60.24,3,31.03,Standard,North,0
C00555,2026-06-30,Group B,34,40.23,3,31.26,Basic,East,0
C00146,2026-06-30,Group C,13,106.52,0,72.88,Premium,East,0
C00145,2026-06-30,Group B,59,68.02,1,34.5,Standard,North,0
C00751,2026-06-30,Group B,22,95.8,3,71.93,Premium,East,0
C00754,2026-06-30,Group A,17,60.36,2,45.5,Standard,East,0
C01233,2026-06-30,Group C,14,92.02,4,60.57,Premium,South,0
C00763,2026-06-30,Group B,66,64.39,1,35.83,Standard,West,0
C00048,2026-06-30,Group A,61,37.0,4,33.79,Basic,West,0
C01228,2026-06-30,Group C,67,89.24,2,57.2,Premium,West,0
C00764,2026-06-30,Group B,43,59.38,2,32.5,Standard,East,0
C00046,2026-06-30,Group A,56,39.33,1,25.27,Basic,East,0
C01226,2026-06-30,Group A,54,49.87,1,49.79,Standard,East,0
C01223,2026-06-30,Group B,31,62.18,0,23.56,Standard,West,0
C00775,2026-06-30,Group B,9,29.01,1,38.73,Basic,North,0
C00776,2026-06-30,Group A,50,33.87,1,29.56,Basic,West,0
C00780,2026-06-30,Group A,71,33.32,1,36.77,Basic,West,0
C00781,2026-06-30,Group A,24,65.18,2,39.13,Standard,East,0
C00125,2026-06-30,Group B,2,30.38,0,14.56,Basic,West,1
C01214,2026-06-30,Group A,13,42.11,0,23.32,Basic,West,0
C00772,2026-06-30,Group B,61,65.75,1,52.16,Standard,North,0
C00680,2026-06-30,Group A,12,66.44,1,54.83,Standard,North,0
C00740,2026-06-30,Group A,46,70.65,0,39.33,Standard,South,0
C01245,2026-06-30,Group A,9,39.87,2,33.65,Basic,South,1
C00683,2026-06-30,Group A,32,61.87,1,34.57,Standard,East,0
C01273,2026-06-30,Group A,38,30.02,1,32.05,Basic,East,0
C00684,2026-06-30,Group A,31,95.32,2,51.81,Premium,West,0
C01269,2026-06-30,Group B,27,63.49,1,44.42,Standard,North,0
C00691,2026-06-30,Group A,2,101.99,0,53.01,Premium,North,0
C00693,2026-06-30,Group A,43,104.64,1,67.79,Premium,North,0
C00694,2026-06-30,Group A,11,37.51,1,30.76,Basic,East,0
C01243,2026-06-30,Group A,41,98.8,0,48.93,Premium,West,0
C00141,2026-06-30,Group A,37,55.47,0,32.97,Standard,East,0
C00715,2026-06-30,Group B,50,34.63,1,47.07,Basic,North,0
C00722,2026-06-30,Group A,37,57.72,0,49.67,Standard,South,0
C00723,2026-06-30,Group A,10,32.69,1,30.77,Basic,East,0
C00733,2026-06-30,Group B,43,35.58,2,53.4,Basic,West,0
C01250,2026-06-30,Group B,40,89.77,1,57.48,Premium,East,0
C01247,2026-06-30,Group A,20,,1,52.42,Standard,North,0
C01246,2026-06-30,Group B,32,96.5,1,34.17,Premium,East,0
C01262,2026-06-30,Group A,22,67.27,1,42.41,Standard,East,0
C01500,2026-06-30,Group A,59,26.08,3,36.13,Basic,West,0
