customer_id,prediction_date,tenure_months,monthly_charge,support_contacts,usage_hours,plan,region
,2026-07-31,35,,1,48.4,Basic,South
C0094,2026-07-31,-4,,0,48.8,Basic,West
C0007,2026-07-31,22,,1,40.05,Legacy,North
C0168,2026-07-31,27,,0,26.16,Premium,Unknown-region
C0091,2026-07-31,44,,-1,36.69,Basic,South
C0514,not-a-date,13,,0,23.91,Basic,East
C0229,2026-07-31,14,,0,34.51,Basic,South
C0229,2026-07-31,22,,0,60.05,Standard,West
C0193,2026-07-31,18,34.93,1,36.0,Basic,West
C0483,2026-07-31,7,64.76,1,43.98,Standard,North
C0219,2026-07-31,40,96.16,1,62.75,Premium,East
C0181,2026-07-31,18,95.49,1,45.65,Premium,East
C0308,2026-07-31,7,59.63,0,60.0,Standard,East
C0509,2026-07-31,8,70.46,3,38.74,Standard,South
C0011,2026-07-31,39,26.37,1,52.08,Basic,East
C0382,2026-07-31,19,88.13,2,72.02,Premium,West
C0372,2026-07-31,17,30.09,1,50.07,Basic,East
C0031,2026-07-31,71,61.49,1,46.49,Standard,East
C0495,2026-07-31,37,65.49,1,42.51,Standard,West
C0138,2026-07-31,44,57.68,1,51.91,Standard,North
C0156,2026-07-31,44,76.45,3,35.96,Standard,East
C0085,2026-07-31,29,33.49,0,55.86,Basic,West
C0118,2026-07-31,48,64.95,0,40.41,Standard,West
C0173,2026-07-31,53,39.24,3,19.23,Basic,South
C0324,2026-07-31,52,65.16,0,35.6,Standard,North
C0332,2026-07-31,40,28.44,0,58.16,Basic,South
C0080,2026-07-31,57,62.0,0,44.32,Standard,South
C0453,2026-07-31,68,61.42,1,42.81,Standard,North
C0507,2026-07-31,52,34.59,0,21.16,Basic,East
C0254,2026-07-31,28,29.19,3,31.45,Basic,North
C0250,2026-07-31,20,60.18,3,26.29,Standard,East
C0341,2026-07-31,34,39.37,0,38.55,Basic,West
C0334,2026-07-31,11,89.03,2,35.7,Premium,South
C0010,2026-07-31,52,78.17,1,51.52,Standard,North
C0279,2026-07-31,31,100.8,1,61.13,Premium,South
C0069,2026-07-31,51,30.6,1,67.48,Basic,West
C0418,2026-07-31,57,60.84,2,46.34,Standard,South
C0204,2026-07-31,58,32.1,1,25.91,Basic,South
C0394,2026-07-31,64,67.67,2,60.04,Standard,East
C0306,2026-07-31,68,66.94,1,33.83,Standard,West
C0300,2026-07-31,23,68.13,1,38.32,Standard,South
C0348,2026-07-31,50,29.99,2,21.87,Basic,South
C0056,2026-07-31,69,60.57,0,59.68,Standard,North
C0516,2026-07-31,68,37.92,1,58.81,Basic,North
C0520,2026-07-31,33,98.04,3,61.99,Premium,West
C0159,2026-07-31,49,66.39,1,50.1,Standard,West
C0223,2026-07-31,10,69.81,1,43.73,Standard,South
C0256,2026-07-31,65,68.17,1,54.53,Standard,East
C0154,2026-07-31,8,59.77,4,60.16,Standard,East
C0177,2026-07-31,11,60.05,1,76.73,Standard,East
C0211,2026-07-31,53,67.53,2,53.02,Standard,North
C0290,2026-07-31,53,33.48,1,38.97,Basic,South
C0077,2026-07-31,39,26.7,1,39.33,Basic,West
C0448,2026-07-31,51,65.45,3,50.95,Standard,North
C0350,2026-07-31,20,32.12,2,27.64,Basic,West
C0149,2026-07-31,60,62.21,1,56.39,Standard,East
C0447,2026-07-31,54,86.95,3,57.3,Premium,North
C0074,2026-07-31,19,29.08,0,35.82,Basic,South
C0003,2026-07-31,71,94.37,1,59.34,Premium,South
C0078,2026-07-31,29,67.21,2,42.03,Standard,East
C0401,2026-07-31,50,40.97,1,34.93,Basic,West
C0517,2026-07-31,74,30.27,1,56.07,Basic,West
C0488,2026-07-31,39,29.92,2,61.06,Basic,North
C0298,2026-07-31,26,97.34,2,61.02,Premium,South
C0064,2026-07-31,57,62.68,0,52.47,Standard,North
C0484,2026-07-31,40,35.69,0,40.99,Basic,North
C0282,2026-07-31,48,31.24,1,31.06,Basic,South
C0071,2026-07-31,71,34.07,2,38.98,Basic,East
C0174,2026-07-31,60,88.18,0,72.32,Premium,West
C0034,2026-07-31,31,33.75,0,50.1,Basic,East
C0073,2026-07-31,33,88.02,3,66.41,Premium,North
C0079,2026-07-31,31,71.96,0,64.37,Standard,East
C0001,2026-07-31,46,60.86,0,61.94,Standard,East
C0012,2026-07-31,43,100.56,0,42.21,Premium,South
C0339,2026-07-31,46,34.01,1,37.26,Basic,East
C0023,2026-07-31,8,109.42,2,53.99,Premium,North
C0479,2026-07-31,68,63.47,1,55.39,Standard,South
C0491,2026-07-31,20,,3,43.98,Standard,North
C0105,2026-07-31,11,64.42,0,53.88,Standard,South
C0083,2026-07-31,50,92.3,1,45.59,Premium,South
C0186,2026-07-31,70,59.4,1,47.47,Standard,West
C0141,2026-07-31,10,69.0,0,46.87,Standard,East
C0019,2026-07-31,25,93.8,1,70.81,Premium,South
C0357,2026-07-31,13,69.0,1,21.8,Standard,East
C0133,2026-07-31,15,69.54,2,46.22,Standard,South
C0125,2026-07-31,52,34.54,3,29.17,Basic,East
C0102,2026-07-31,47,60.36,1,62.39,Standard,South
C0040,2026-07-31,41,60.23,0,47.8,Standard,West
C0471,2026-07-31,20,29.96,1,37.47,Basic,South
C0047,2026-07-31,36,45.45,1,27.04,Basic,West
C0315,2026-07-31,36,32.34,1,40.05,Basic,North
C0449,2026-07-31,47,31.66,1,37.23,Basic,North
C0366,2026-07-31,20,35.19,3,39.71,Basic,North
C0178,2026-07-31,49,93.55,0,68.87,Premium,East
C0287,2026-07-31,57,36.65,3,41.08,Basic,East
C0347,2026-07-31,29,100.43,2,86.8,Premium,East
C0132,2026-07-31,50,98.33,1,54.94,Premium,East
C0434,2026-07-31,36,90.28,1,29.44,Premium,North
C0457,2026-07-31,25,99.08,0,37.89,Premium,East
C0070,2026-07-31,65,,1,47.39,Standard,North
C0358,2026-07-31,30,66.61,1,58.73,Standard,East
C0424,2026-07-31,29,28.14,1,42.48,Basic,North
C0335,2026-07-31,17,33.69,1,30.12,Basic,West
C0228,2026-07-31,28,66.96,0,40.48,Standard,South
C0435,2026-07-31,20,34.95,0,45.61,Basic,West
C0437,2026-07-31,70,27.19,3,34.81,Basic,South
C0209,2026-07-31,33,40.81,2,30.9,Basic,South
C0333,2026-07-31,33,61.03,1,65.49,Standard,South
C0221,2026-07-31,59,37.18,2,34.35,Basic,South
C0503,2026-07-31,57,85.37,0,44.99,Premium,North
C0325,2026-07-31,73,89.38,0,58.39,Premium,East
C0185,2026-07-31,49,62.8,0,73.07,Standard,South
C0498,2026-07-31,35,59.86,2,57.7,Standard,North
C0356,2026-07-31,14,61.96,1,53.49,Standard,East
C0321,2026-07-31,26,102.29,3,43.46,Premium,North
C0196,2026-07-31,14,32.37,0,53.43,Basic,South
C0336,2026-07-31,64,57.18,0,60.68,Standard,West
C0493,2026-07-31,44,57.42,1,43.65,Standard,West
C0451,2026-07-31,53,36.6,1,54.59,Basic,South
C0508,2026-07-31,15,97.5,1,59.04,Premium,West
C0087,2026-07-31,35,67.27,3,50.5,Standard,West
C0432,2026-07-31,65,62.15,1,48.6,Standard,East
C0076,2026-07-31,14,30.91,4,66.73,Basic,South
C0458,2026-07-31,11,66.57,1,43.35,Standard,West
C0016,2026-07-31,37,35.1,1,44.24,Basic,West
C0422,2026-07-31,33,30.35,1,26.11,Basic,South
C0183,2026-07-31,49,64.25,0,52.66,Standard,West
C0474,2026-07-31,18,32.3,1,25.69,Basic,South
C0020,2026-07-31,30,60.27,1,49.58,Standard,South
C0398,2026-07-31,63,31.72,1,36.64,Basic,East
C0057,2026-07-31,64,,1,57.82,Standard,West
C0501,2026-07-31,42,71.66,1,34.12,Standard,South
C0343,2026-07-31,22,96.67,1,52.44,Premium,South
C0441,2026-07-31,56,109.64,1,45.78,Premium,North
C0405,2026-07-31,51,97.03,5,48.82,Premium,North
C0026,2026-07-31,72,29.86,4,50.71,Basic,South
C0262,2026-07-31,36,102.73,1,57.67,Premium,South
C0043,2026-07-31,31,67.24,1,45.49,Standard,West
C0510,2026-07-31,21,37.24,2,61.29,Basic,North
C0272,2026-07-31,70,30.6,1,44.68,Basic,South
C0210,2026-07-31,34,67.85,3,70.93,Standard,West
C0288,2026-07-31,37,29.61,1,47.56,Basic,North
C0127,2026-07-31,53,32.15,3,42.61,Basic,North
C0415,2026-07-31,54,38.11,0,27.84,Basic,East
C0032,2026-07-31,61,83.21,3,36.95,Premium,North
C0114,2026-07-31,25,62.28,1,47.53,Standard,West
C0361,2026-07-31,33,94.16,0,50.85,Premium,West
C0291,2026-07-31,12,93.03,0,52.46,Premium,South
C0155,2026-07-31,41,31.17,0,46.43,Basic,East
C0058,2026-07-31,70,58.55,0,34.5,Standard,West
C0212,2026-07-31,73,69.6,2,50.24,Standard,South
C0025,2026-07-31,35,63.74,1,61.43,Standard,West
C0018,2026-07-31,18,32.9,0,42.82,Basic,West
C0246,2026-07-31,12,99.4,2,60.66,Premium,North
C0067,2026-07-31,47,66.85,0,54.25,Standard,North
C0230,2026-07-31,7,34.38,2,27.19,Basic,North
C0226,2026-07-31,56,88.06,0,56.3,Premium,North
C0095,2026-07-31,33,37.11,0,45.43,Basic,East
C0463,2026-07-31,28,97.04,1,55.34,Premium,North
C0285,2026-07-31,46,66.98,0,30.99,Standard,West
C0024,2026-07-31,18,93.98,1,36.7,Premium,East
C0245,2026-07-31,59,66.33,1,42.67,Standard,South
C0423,2026-07-31,45,31.66,0,25.17,Basic,North
C0376,2026-07-31,8,32.4,1,42.39,Basic,West
C0006,2026-07-31,17,93.12,1,56.13,Premium,North
C0117,2026-07-31,43,53.22,1,58.5,Standard,North
C0046,2026-07-31,61,97.48,1,75.2,Premium,West
C0408,2026-07-31,64,95.29,1,61.22,Premium,West
C0017,2026-07-31,14,68.25,3,46.78,Standard,South
C0485,2026-07-31,51,34.42,0,51.07,Basic,East
C0371,2026-07-31,10,62.01,1,27.74,Standard,North
C0004,2026-07-31,41,64.8,2,53.22,Standard,South
C0275,2026-07-31,30,74.92,0,60.41,Standard,West
C0427,2026-07-31,7,32.24,0,46.14,Basic,East
C0061,2026-07-31,59,74.15,1,25.74,Standard,South
C0111,2026-07-31,56,68.17,3,48.1,Standard,South
C0330,2026-07-31,47,36.55,3,25.22,Basic,East
C0273,2026-07-31,43,39.93,0,44.58,Basic,West
C0030,2026-07-31,8,64.21,0,49.07,Standard,North
C0281,2026-07-31,73,41.92,0,24.21,Basic,North
C0412,2026-07-31,63,63.95,2,39.58,Standard,North
C0027,2026-07-31,43,60.28,0,38.02,Standard,West
C0008,2026-07-31,61,64.01,1,59.82,Standard,East
C0182,2026-07-31,56,92.55,0,62.57,Premium,East
C0473,2026-07-31,46,34.26,0,39.99,Basic,East
C0109,2026-07-31,56,38.59,0,47.49,Basic,East
C0038,2026-07-31,61,63.93,0,57.42,Standard,North
C0158,2026-07-31,22,52.59,0,50.81,Standard,West
C0489,2026-07-31,17,64.98,0,36.1,Standard,North
C0119,2026-07-31,52,63.16,3,53.0,Standard,South
C0115,2026-07-31,48,31.08,1,22.91,Basic,South
C0426,2026-07-31,22,104.07,1,57.83,Premium,North
C0176,2026-07-31,20,36.65,2,41.11,Basic,North
C0205,2026-07-31,68,42.76,0,38.29,Basic,West
C0370,2026-07-31,33,99.0,0,50.68,Premium,South
C0145,2026-07-31,53,65.7,3,64.57,Standard,South
C0195,2026-07-31,31,37.5,1,48.99,Basic,East
C0384,2026-07-31,63,62.51,0,42.62,Standard,East
C0396,2026-07-31,38,61.09,2,48.29,Standard,North
C0377,2026-07-31,29,96.36,3,49.62,Premium,East
