snapshot_date,tenure_months,monthly_charge,support_contacts,usage_hours,plan,region,churned_next_month
2026-01-31,69,67.82,1,29.71,Standard,East,0.0
2026-01-31,5,68.45,1,39.77,Standard,West,0.0
2026-01-31,46,88.16,2,52.19,Premium,South,0.0
2026-01-31,66,60.09,1,40.0,Standard,South,0.0
2026-01-31,59,31.38,4,34.29,Basic,East,0.0
2026-01-31,28,93.21,1,50.8,Premium,North,0.0
2026-01-31,9,58.19,2,37.44,Standard,North,0.0
2026-01-31,64,57.89,1,50.91,Standard,East,0.0
2026-01-31,64,30.89,0,51.36,Basic,East,0.0
2026-01-31,41,65.43,0,39.36,Standard,North,0.0
2026-01-31,68,29.1,0,41.85,Basic,East,1.0
2026-01-31,2,94.42,3,48.6,Premium,South,0.0
2026-01-31,43,70.29,0,47.65,Standard,East,0.0
2026-01-31,4,88.49,0,66.66,Premium,West,0.0
2026-01-31,65,63.97,1,49.09,Standard,North,1.0
2026-01-31,48,40.12,1,19.27,Basic,West,0.0
2026-01-31,64,62.91,2,48.54,Standard,South,0.0
2026-01-31,40,32.13,0,49.33,Basic,West,0.0
2026-01-31,7,100.82,1,48.78,Premium,South,0.0
2026-01-31,3,63.47,1,53.96,Standard,South,0.0
2026-01-31,24,70.52,1,37.1,Standard,West,0.0
2026-01-31,52,37.14,3,22.14,Basic,East,1.0
2026-01-31,12,93.29,0,52.41,Premium,North,0.0
2026-01-31,59,97.4,2,33.44,Premium,East,1.0
2026-01-31,18,66.6,0,41.6,Standard,West,0.0
2026-01-31,35,40.1,2,49.87,Basic,South,0.0
2026-01-31,15,62.26,1,24.9,Standard,West,0.0
2026-01-31,33,35.21,1,24.21,Basic,East,0.0
2026-01-31,32,34.69,0,26.68,Basic,South,0.0
2026-01-31,2,68.52,1,43.37,Standard,North,0.0
2026-01-31,40,59.87,4,40.34,Standard,East,0.0
2026-01-31,55,100.08,2,64.99,Premium,North,0.0
2026-01-31,65,37.33,2,46.54,Basic,West,0.0
2026-01-31,24,28.42,1,41.95,Basic,East,1.0
2026-01-31,61,71.04,0,45.46,Standard,South,0.0
2026-01-31,61,46.17,1,40.93,Basic,North,0.0
2026-01-31,69,40.01,3,28.38,Basic,East,0.0
2026-01-31,27,72.13,0,52.57,Standard,North,0.0
2026-01-31,59,35.43,0,25.88,Basic,South,0.0
2026-01-31,40,56.69,0,52.35,Standard,West,0.0
2026-01-31,5,55.78,2,55.86,Standard,West,0.0
2026-01-31,20,96.28,2,53.11,Premium,West,0.0
2026-01-31,47,62.04,0,42.24,Standard,West,0.0
2026-01-31,12,30.43,2,41.0,Basic,East,0.0
2026-01-31,31,94.69,3,22.38,Premium,North,0.0
2026-01-31,54,98.08,0,54.02,Premium,West,0.0
2026-01-31,12,27.74,2,35.87,Basic,West,0.0
2026-01-31,35,32.76,1,36.49,Basic,West,1.0
2026-01-31,16,72.55,3,51.07,Standard,East,0.0
2026-01-31,38,29.62,3,36.25,Basic,North,0.0
2026-01-31,18,39.35,1,25.6,Basic,East,0.0
2026-01-31,67,32.58,0,35.59,Basic,South,0.0
2026-01-31,7,67.73,0,44.68,Standard,West,0.0
2026-01-31,67,70.49,1,45.15,Standard,South,0.0
2026-01-31,55,68.71,1,45.62,Standard,South,0.0
2026-01-31,60,69.55,2,54.39,Standard,North,0.0
2026-01-31,59,59.24,2,33.14,Standard,West,0.0
2026-01-31,14,70.57,0,45.76,Standard,West,0.0
2026-01-31,65,30.74,5,49.9,Basic,North,0.0
2026-01-31,42,36.3,1,19.65,Basic,South,0.0
2026-01-31,67,66.29,1,45.8,Standard,South,0.0
2026-01-31,61,67.43,2,38.15,Standard,South,0.0
2026-01-31,41,66.68,1,40.29,Standard,West,0.0
2026-01-31,27,60.78,2,34.95,Standard,North,0.0
2026-01-31,9,58.25,1,42.3,Standard,South,0.0
2026-01-31,8,69.36,3,62.41,Standard,North,0.0
2026-01-31,28,65.93,0,31.36,Standard,North,0.0
2026-01-31,57,40.75,2,25.3,Basic,West,0.0
2026-01-31,36,34.78,0,23.98,Basic,West,0.0
2026-01-31,34,57.97,1,61.27,Standard,North,0.0
2026-01-31,18,39.83,0,32.38,Basic,East,0.0
2026-01-31,40,33.15,2,36.74,Basic,North,1.0
2026-01-31,45,96.71,1,46.97,Premium,North,0.0
2026-01-31,68,31.76,3,27.56,Basic,South,0.0
2026-01-31,51,43.22,2,34.65,Basic,North,0.0
2026-01-31,43,30.62,0,61.58,Basic,South,0.0
2026-01-31,63,33.31,0,50.92,Basic,West,0.0
2026-01-31,30,65.54,3,35.47,Standard,East,0.0
2026-01-31,65,59.54,2,50.48,Standard,East,0.0
2026-01-31,27,66.65,1,35.68,Standard,South,0.0
2026-01-31,10,73.06,2,26.24,Standard,North,0.0
2026-01-31,30,32.55,1,47.2,Basic,North,0.0
2026-01-31,10,96.98,3,62.6,Premium,South,0.0
2026-01-31,10,21.25,0,47.46,Basic,North,0.0
2026-01-31,61,34.81,0,32.3,Basic,West,0.0
2026-01-31,56,33.43,0,35.33,Basic,West,0.0
2026-01-31,17,60.91,0,51.5,Standard,West,1.0
2026-01-31,58,70.41,0,47.91,Standard,East,0.0
2026-01-31,6,33.37,1,33.06,Basic,East,1.0
2026-01-31,21,64.11,0,27.81,Standard,East,0.0
2026-01-31,50,33.11,5,38.14,Basic,South,0.0
2026-01-31,22,55.42,2,54.79,Standard,East,0.0
2026-01-31,51,59.34,1,32.02,Standard,West,0.0
2026-01-31,61,39.81,0,43.39,Basic,West,0.0
2026-01-31,6,24.45,1,40.32,Basic,East,0.0
2026-01-31,3,61.17,0,51.5,Standard,North,0.0
2026-01-31,65,33.0,2,45.72,Basic,East,0.0
2026-01-31,37,43.72,2,30.06,Basic,South,0.0
2026-01-31,36,38.84,1,20.83,Basic,East,0.0
2026-01-31,33,92.21,0,45.66,Premium,East,0.0
2026-01-31,31,101.52,2,59.89,Premium,West,0.0
2026-01-31,48,61.3,1,38.58,Standard,South,0.0
2026-01-31,41,40.05,2,30.06,Basic,West,0.0
2026-01-31,13,88.21,1,32.79,Premium,West,0.0
2026-01-31,44,70.37,3,61.53,Standard,South,0.0
2026-01-31,47,62.97,1,52.26,Standard,South,0.0
2026-01-31,9,59.86,0,51.7,Standard,East,0.0
2026-01-31,27,33.91,0,46.68,Basic,West,0.0
2026-01-31,55,36.39,1,42.77,Basic,East,0.0
2026-01-31,44,92.53,0,48.56,Premium,West,0.0
2026-01-31,11,67.77,3,42.36,Standard,South,0.0
2026-01-31,4,32.09,1,32.72,Basic,East,0.0
2026-01-31,41,38.1,2,63.35,Basic,South,0.0
2026-01-31,33,67.21,2,49.56,Standard,West,0.0
2026-01-31,67,34.7,1,32.36,Basic,South,0.0
2026-01-31,37,92.79,2,55.65,Premium,East,0.0
2026-01-31,65,65.76,2,33.89,Standard,North,0.0
2026-01-31,16,67.75,0,59.05,Standard,West,0.0
2026-01-31,32,75.31,0,37.39,Standard,South,0.0
2026-01-31,11,69.7,0,49.01,Standard,South,0.0
2026-01-31,41,69.88,2,54.66,Standard,East,0.0
2026-01-31,14,80.44,0,47.85,Standard,South,0.0
2026-01-31,35,37.58,1,37.94,Basic,West,0.0
2026-01-31,25,37.42,1,37.11,Basic,East,0.0
2026-01-31,14,38.52,1,36.44,Basic,East,0.0
2026-01-31,8,59.96,1,38.23,Standard,North,0.0
2026-01-31,36,32.78,1,32.51,Basic,North,0.0
2026-01-31,66,32.47,3,51.8,Basic,South,0.0
2026-01-31,15,38.24,1,35.91,Basic,West,0.0
2026-01-31,29,64.13,0,36.14,Standard,West,0.0
2026-01-31,17,35.69,0,31.84,Basic,East,0.0
2026-01-31,57,100.44,1,62.0,Premium,East,0.0
2026-01-31,30,69.32,3,50.76,Standard,South,0.0
2026-01-31,68,34.19,2,42.6,Basic,North,0.0
2026-01-31,18,61.65,2,41.42,Standard,North,0.0
2026-01-31,7,40.68,5,42.73,Basic,South,0.0
2026-01-31,41,98.87,1,44.56,Premium,South,0.0
2026-01-31,46,56.97,1,41.4,Standard,North,0.0
2026-01-31,69,63.43,1,53.7,Standard,South,0.0
2026-01-31,61,35.83,1,45.74,Basic,North,0.0
2026-01-31,62,68.89,0,34.18,Standard,East,0.0
2026-01-31,45,69.55,0,35.44,Standard,West,0.0
2026-01-31,26,96.42,0,52.09,Premium,East,0.0
2026-01-31,31,67.93,2,61.26,Standard,South,0.0
2026-01-31,11,65.32,2,24.84,Standard,South,0.0
2026-01-31,31,31.63,1,39.78,Basic,South,0.0
2026-01-31,26,33.69,1,23.24,Basic,North,0.0
2026-01-31,4,65.09,0,37.66,Standard,East,0.0
2026-01-31,15,64.83,0,40.36,Standard,East,0.0
2026-01-31,38,25.57,1,32.79,Basic,North,0.0
2026-01-31,27,93.01,1,45.66,Premium,South,0.0
2026-01-31,69,95.28,1,51.07,Premium,South,0.0
2026-01-31,34,33.59,1,31.65,Basic,North,0.0
2026-01-31,67,63.77,2,29.38,Standard,East,0.0
2026-01-31,46,37.44,0,44.8,Basic,East,0.0
2026-01-31,4,59.61,2,51.53,Standard,East,0.0
2026-01-31,15,26.86,0,45.43,Basic,East,0.0
2026-01-31,49,63.26,2,28.59,Standard,West,0.0
2026-01-31,39,68.82,2,46.99,Standard,West,0.0
2026-01-31,22,73.44,1,50.76,Standard,East,0.0
2026-01-31,37,38.91,0,26.69,Basic,West,0.0
2026-01-31,63,87.66,0,51.09,Premium,South,0.0
2026-01-31,28,33.84,1,35.84,Basic,West,0.0
2026-01-31,5,36.28,0,55.42,Basic,West,0.0
2026-01-31,23,65.89,2,63.24,Standard,East,0.0
2026-01-31,65,37.7,3,20.36,Basic,West,0.0
2026-01-31,53,90.41,2,75.94,Premium,East,0.0
2026-01-31,58,95.32,0,41.85,Premium,East,0.0
2026-01-31,63,37.1,0,46.81,Basic,South,0.0
2026-01-31,9,99.13,1,60.7,Premium,West,0.0
2026-01-31,21,30.97,0,27.04,Basic,East,0.0
2026-01-31,6,63.27,2,48.93,Standard,West,0.0
2026-01-31,2,21.48,1,35.92,Basic,South,0.0
2026-01-31,58,91.89,2,56.54,Premium,West,0.0
2026-01-31,65,32.38,5,39.31,Basic,North,0.0
2026-01-31,12,29.9,3,48.96,Basic,North,1.0
2026-01-31,51,65.83,1,44.75,Standard,East,0.0
2026-01-31,38,94.72,1,49.32,Premium,East,0.0
2026-01-31,6,83.7,2,61.96,Premium,West,0.0
2026-01-31,64,66.08,1,49.8,Standard,South,0.0
2026-01-31,61,90.36,2,58.32,Premium,East,0.0
2026-01-31,40,97.43,0,44.35,Premium,East,0.0
2026-01-31,50,58.59,0,33.55,Standard,West,0.0
2026-01-31,29,35.15,3,31.32,Basic,East,1.0
2026-01-31,55,63.58,2,37.79,Standard,South,0.0
2026-01-31,32,66.52,0,51.86,Standard,West,0.0
2026-01-31,69,35.62,2,46.76,Basic,North,0.0
2026-01-31,6,33.72,2,35.45,Basic,West,1.0
2026-01-31,13,57.32,0,58.31,Standard,North,0.0
2026-01-31,67,27.61,1,50.68,Basic,South,0.0
2026-01-31,21,92.08,0,53.43,Premium,West,0.0
2026-01-31,23,34.96,2,28.78,Basic,East,0.0
2026-01-31,55,31.96,1,52.75,Basic,West,0.0
2026-01-31,14,98.13,2,50.39,Premium,East,0.0
2026-01-31,36,33.6,2,38.26,Basic,East,0.0
2026-01-31,21,30.17,2,33.6,Basic,South,1.0
2026-01-31,15,63.61,0,35.1,Standard,North,0.0
2026-01-31,67,96.13,1,36.31,Premium,North,0.0
2026-01-31,15,36.62,0,43.33,Basic,South,0.0
2026-01-31,8,44.39,0,29.17,Basic,North,0.0
2026-01-31,47,61.66,1,74.6,Standard,East,0.0
2026-01-31,60,94.63,1,40.14,Premium,West,0.0
2026-01-31,10,67.13,0,31.43,Standard,West,0.0
2026-01-31,50,34.88,1,42.1,Basic,South,0.0
2026-01-31,38,32.5,1,52.29,Basic,West,0.0
2026-01-31,58,27.25,0,37.65,Basic,West,1.0
2026-01-31,10,32.45,0,42.72,Basic,West,0.0
2026-01-31,68,59.63,1,25.56,Standard,South,0.0
2026-01-31,44,26.37,1,30.22,Basic,South,0.0
2026-01-31,59,61.02,2,33.26,Standard,West,0.0
2026-01-31,26,59.76,1,25.05,Standard,North,0.0
2026-01-31,66,67.92,1,45.17,Standard,South,0.0
2026-01-31,44,38.01,2,14.57,Basic,North,0.0
2026-01-31,10,90.48,2,37.78,Premium,West,0.0
2026-01-31,64,63.7,4,38.63,Standard,East,0.0
2026-01-31,56,55.71,1,35.69,Standard,North,0.0
2026-01-31,22,32.53,0,40.96,Basic,North,0.0
2026-01-31,39,36.99,1,40.06,Basic,East,0.0
2026-01-31,28,99.12,0,59.94,Premium,East,0.0
2026-01-31,38,31.43,2,44.52,Basic,West,0.0
2026-01-31,67,40.26,2,48.41,Basic,South,0.0
2026-01-31,63,57.42,0,43.98,Standard,West,0.0
2026-01-31,16,58.76,0,47.03,Standard,South,0.0
2026-01-31,68,98.55,1,56.12,Premium,West,0.0
2026-01-31,31,43.36,1,38.42,Basic,North,0.0
2026-01-31,49,97.47,2,47.03,Premium,North,0.0
2026-01-31,53,34.8,2,33.68,Basic,North,0.0
2026-01-31,34,54.02,2,35.82,Standard,South,0.0
2026-01-31,33,54.89,2,48.22,Standard,West,0.0
2026-01-31,33,35.65,1,36.06,Basic,North,0.0
2026-01-31,60,33.21,1,30.37,Basic,South,0.0
2026-01-31,28,29.47,1,30.38,Basic,North,0.0
2026-01-31,21,95.33,1,38.9,Premium,West,0.0
2026-01-31,26,65.58,1,53.79,Standard,East,0.0
2026-01-31,15,99.72,1,51.79,Premium,West,0.0
2026-01-31,28,95.68,2,42.37,Premium,East,0.0
2026-01-31,9,71.14,2,52.09,Standard,East,0.0
2026-01-31,8,65.04,2,38.4,Standard,West,0.0
2026-01-31,51,34.42,1,22.93,Basic,North,0.0
2026-01-31,7,40.32,0,47.21,Basic,West,0.0
2026-01-31,40,90.11,1,45.63,Premium,East,0.0
2026-01-31,55,79.07,6,39.91,Standard,East,1.0
2026-01-31,51,36.88,0,37.41,Basic,South,0.0
2026-01-31,32,66.9,2,55.43,Standard,West,0.0
2026-01-31,15,67.63,1,44.2,Standard,South,0.0
2026-01-31,65,104.39,1,39.01,Premium,North,0.0
2026-01-31,58,68.96,0,49.44,Standard,West,0.0
2026-01-31,43,26.97,0,32.15,Basic,North,0.0
2026-01-31,7,42.02,0,55.88,Basic,North,0.0
2026-01-31,4,63.3,1,43.99,Standard,East,0.0
2026-01-31,23,65.54,0,21.65,Standard,North,0.0
2026-01-31,12,88.6,0,54.57,Premium,West,0.0
2026-01-31,60,67.63,1,63.45,Standard,South,0.0
2026-01-31,15,31.74,1,52.76,Basic,North,0.0
2026-01-31,21,35.5,0,55.31,Basic,West,0.0
2026-01-31,68,63.58,0,33.8,Standard,East,0.0
2026-01-31,57,104.63,0,60.12,Premium,South,0.0
2026-01-31,16,44.91,4,29.78,Basic,East,1.0
2026-01-31,28,35.23,1,39.24,Basic,East,0.0
2026-01-31,37,65.32,3,31.27,Standard,North,0.0
2026-01-31,47,33.13,2,30.56,Basic,West,0.0
2026-01-31,65,100.53,1,44.24,Premium,South,0.0
2026-01-31,61,33.36,2,45.99,Basic,East,0.0
2026-01-31,68,32.89,1,45.01,Basic,West,0.0
2026-01-31,4,99.89,3,53.77,Premium,East,0.0
2026-01-31,18,32.31,0,23.5,Basic,East,0.0
2026-01-31,40,34.81,0,33.88,Basic,South,0.0
2026-01-31,5,27.09,1,29.54,Basic,North,0.0
2026-01-31,26,38.52,1,45.7,Basic,South,0.0
2026-01-31,12,44.7,1,48.78,Basic,West,0.0
2026-01-31,65,38.61,1,47.56,Basic,East,0.0
2026-01-31,6,42.31,2,29.45,Basic,South,0.0
2026-01-31,12,30.77,1,9.6,Basic,West,1.0
2026-01-31,15,66.18,0,26.33,Standard,West,0.0
2026-01-31,12,60.28,1,58.22,Standard,West,0.0
2026-01-31,40,33.86,1,32.99,Basic,South,0.0
2026-01-31,26,38.86,2,29.49,Basic,East,0.0
2026-01-31,64,65.51,4,60.43,Standard,East,0.0
2026-01-31,19,87.94,1,63.65,Premium,South,0.0
2026-01-31,38,88.42,2,51.24,Premium,South,0.0
2026-01-31,46,28.09,1,34.07,Basic,North,0.0
2026-01-31,44,37.46,2,35.68,Basic,South,0.0
2026-01-31,56,45.32,2,39.27,Basic,East,0.0
2026-01-31,15,41.81,1,53.0,Basic,West,0.0
2026-01-31,36,55.52,1,48.22,Standard,West,0.0
2026-01-31,56,42.11,2,44.26,Basic,North,0.0
2026-01-31,60,39.68,1,48.69,Basic,East,0.0
2026-01-31,44,27.27,1,25.3,Basic,North,0.0
2026-01-31,46,63.48,0,51.55,Standard,East,0.0
2026-01-31,60,40.48,0,34.05,Basic,South,0.0
2026-01-31,44,97.75,3,25.84,Premium,South,0.0
2026-01-31,66,28.45,1,15.72,Basic,East,0.0
2026-01-31,10,98.05,0,40.82,Premium,South,0.0
2026-01-31,25,24.31,2,42.31,Basic,West,0.0
2026-01-31,9,93.89,1,52.14,Premium,East,0.0
2026-01-31,8,100.69,1,52.84,Premium,West,0.0
2026-01-31,34,95.09,1,70.51,Premium,East,0.0
2026-01-31,17,92.51,1,38.31,Premium,South,0.0
2026-01-31,29,69.45,0,43.73,Standard,West,0.0
2026-01-31,31,69.87,1,47.04,Standard,South,0.0
2026-01-31,44,71.55,1,36.64,Standard,East,0.0
2026-01-31,66,39.37,3,37.28,Basic,North,0.0
2026-01-31,59,70.41,0,28.0,Standard,North,0.0
2026-01-31,27,68.66,2,58.1,Standard,East,1.0
2026-01-31,24,96.33,0,44.18,Premium,North,0.0
2026-01-31,54,65.45,1,64.31,Standard,West,0.0
2026-01-31,10,33.81,1,36.68,Basic,West,0.0
2026-01-31,38,58.94,0,54.28,Standard,East,0.0
2026-01-31,30,30.22,1,36.47,Basic,East,0.0
2026-01-31,14,33.59,1,36.69,Basic,East,0.0
2026-01-31,43,66.21,1,38.16,Standard,North,0.0
2026-01-31,23,42.2,4,38.19,Basic,South,0.0
2026-01-31,14,34.79,0,40.18,Basic,South,0.0
2026-01-31,46,40.02,3,29.16,Basic,West,1.0
2026-01-31,13,40.4,0,35.75,Basic,North,0.0
2026-01-31,47,33.84,1,30.9,Basic,South,0.0
2026-01-31,13,37.97,2,60.0,Basic,South,0.0
2026-01-31,31,63.78,3,43.1,Standard,North,0.0
2026-01-31,56,41.61,2,52.45,Basic,North,0.0
2026-01-31,17,98.18,1,49.04,Premium,South,0.0
2026-01-31,54,89.05,2,53.59,Premium,North,0.0
2026-01-31,51,65.81,0,30.79,Standard,North,0.0
2026-01-31,63,43.24,1,32.53,Basic,South,0.0
2026-01-31,13,64.09,0,46.11,Standard,North,0.0
2026-01-31,50,97.24,0,66.86,Premium,East,0.0
2026-01-31,65,67.73,2,46.22,Standard,North,0.0
2026-01-31,53,89.82,2,64.84,Premium,South,0.0
2026-01-31,14,67.55,2,50.41,Standard,South,0.0
2026-01-31,57,58.03,0,60.27,Standard,West,0.0
2026-01-31,9,31.87,1,36.41,Basic,East,0.0
2026-01-31,42,70.38,0,67.9,Standard,West,0.0
2026-01-31,35,36.78,3,32.15,Basic,South,0.0
2026-01-31,38,63.48,1,36.34,Standard,South,0.0
2026-01-31,37,97.23,0,38.9,Premium,South,0.0
2026-01-31,4,34.7,1,60.31,Basic,West,0.0
2026-01-31,36,65.06,3,52.19,Standard,West,0.0
2026-01-31,65,38.28,1,33.66,Basic,West,0.0
2026-01-31,31,61.36,1,56.49,Standard,West,0.0
2026-01-31,20,35.2,0,43.88,Basic,East,0.0
2026-01-31,69,93.44,3,70.66,Premium,East,0.0
2026-01-31,8,27.07,0,21.52,Basic,West,0.0
2026-01-31,35,90.4,1,48.35,Premium,South,0.0
2026-01-31,36,102.84,0,46.37,Premium,South,0.0
2026-01-31,34,66.92,1,24.26,Standard,West,0.0
2026-01-31,64,58.38,0,54.6,Standard,South,0.0
2026-01-31,30,57.3,2,41.3,Standard,North,1.0
2026-01-31,68,94.44,2,58.4,Premium,East,0.0
2026-01-31,6,42.81,2,60.6,Basic,South,0.0
2026-01-31,51,64.07,1,40.47,Standard,West,0.0
2026-01-31,42,41.53,0,32.79,Basic,West,0.0
2026-01-31,18,66.76,0,45.19,Standard,South,0.0
2026-01-31,17,37.36,0,46.87,Basic,East,0.0
2026-01-31,50,58.32,1,38.33,Standard,West,1.0
2026-01-31,45,69.69,1,37.69,Standard,East,0.0
2026-01-31,43,63.33,2,54.57,Standard,North,0.0
2026-01-31,5,69.32,0,47.79,Standard,East,0.0
2026-01-31,42,60.93,0,23.55,Standard,East,0.0
2026-01-31,68,65.89,1,31.75,Standard,East,0.0
2026-01-31,3,66.76,1,59.01,Standard,North,0.0
2026-01-31,33,64.23,2,48.02,Standard,South,0.0
2026-01-31,35,97.02,1,43.38,Premium,West,0.0
2026-01-31,62,33.67,1,35.3,Basic,North,0.0
2026-01-31,21,31.75,2,37.13,Basic,South,0.0
2026-01-31,34,43.03,1,44.36,Basic,South,0.0
2026-01-31,50,70.24,1,30.42,Standard,North,0.0
2026-01-31,6,31.2,1,28.59,Basic,North,1.0
2026-01-31,56,67.84,1,46.73,Standard,South,0.0
2026-01-31,57,61.29,0,43.0,Standard,West,0.0
2026-01-31,50,29.08,1,42.72,Basic,North,0.0
2026-01-31,46,100.17,2,38.7,Premium,South,0.0
2026-01-31,52,56.48,2,47.57,Standard,North,0.0
2026-01-31,55,39.63,0,47.92,Basic,East,0.0
2026-01-31,63,33.74,0,41.87,Basic,South,0.0
2026-01-31,31,33.94,0,38.39,Basic,West,0.0
2026-01-31,33,37.05,2,36.04,Basic,East,0.0
2026-01-31,45,37.91,1,28.65,Basic,West,0.0
2026-01-31,15,90.87,2,50.28,Premium,East,1.0
2026-01-31,60,68.59,0,56.6,Standard,South,0.0
2026-01-31,54,35.57,2,35.81,Basic,West,0.0
2026-01-31,44,58.72,0,35.1,Standard,South,0.0
2026-01-31,22,64.15,0,39.08,Standard,West,0.0
2026-01-31,25,101.91,1,53.01,Premium,West,0.0
2026-01-31,31,73.38,4,40.26,Standard,East,0.0
2026-01-31,47,68.59,1,48.85,Standard,East,0.0
2026-01-31,54,29.05,0,42.23,Basic,South,0.0
2026-01-31,47,97.45,4,59.89,Premium,West,0.0
2026-01-31,65,69.25,1,58.24,Standard,East,0.0
2026-01-31,67,98.63,0,60.96,Premium,West,0.0
2026-01-31,49,38.92,1,27.66,Basic,South,0.0
2026-01-31,27,96.82,1,41.96,Premium,West,0.0
2026-01-31,42,64.64,0,43.24,Standard,South,0.0
2026-01-31,30,31.96,1,32.49,Basic,North,0.0
2026-01-31,44,55.51,2,32.62,Standard,North,0.0
2026-01-31,57,66.7,2,39.58,Standard,East,0.0
2026-01-31,27,35.93,3,32.25,Basic,South,0.0
2026-01-31,36,67.79,3,37.28,Standard,North,0.0
2026-01-31,5,88.31,3,47.84,Premium,South,1.0
2026-01-31,52,38.23,0,48.78,Basic,East,0.0
2026-01-31,35,75.27,2,45.99,Standard,South,1.0
2026-01-31,33,65.39,0,68.72,Standard,West,0.0
2026-01-31,38,34.69,1,38.71,Basic,West,0.0
2026-01-31,16,96.55,3,48.1,Premium,East,0.0
2026-01-31,42,75.16,2,44.04,Standard,West,0.0
2026-01-31,52,29.88,1,39.56,Basic,South,0.0
2026-01-31,25,96.02,0,55.35,Premium,North,0.0
2026-01-31,10,91.0,2,71.77,Premium,North,0.0
2026-01-31,28,32.26,0,28.55,Basic,West,0.0
2026-01-31,15,94.75,1,59.59,Premium,West,0.0
2026-01-31,27,41.74,3,39.08,Basic,East,0.0
2026-01-31,44,104.0,1,35.29,Premium,North,0.0
2026-01-31,9,67.24,2,51.71,Standard,South,0.0
2026-01-31,52,63.12,1,56.68,Standard,North,0.0
2026-01-31,17,47.46,0,28.43,Basic,North,0.0
2026-01-31,62,92.86,0,50.91,Premium,North,0.0
2026-01-31,51,32.14,2,19.75,Basic,East,0.0
2026-01-31,20,26.13,0,24.41,Basic,North,0.0
2026-01-31,40,41.98,0,47.48,Basic,West,0.0
2026-01-31,9,69.84,2,39.34,Standard,South,1.0
2026-01-31,8,47.09,2,25.91,Basic,South,0.0
2026-01-31,67,88.05,2,53.29,Premium,East,0.0
2026-01-31,56,72.29,0,38.78,Standard,West,0.0
2026-01-31,12,35.35,3,32.29,Basic,South,0.0
2026-01-31,21,39.03,0,44.39,Basic,North,0.0
2026-01-31,15,26.76,2,25.38,Basic,North,0.0
2026-01-31,28,72.34,3,34.95,Standard,West,0.0
2026-01-31,21,98.93,0,52.54,Premium,North,0.0
2026-01-31,24,34.81,3,46.69,Basic,East,0.0
2026-01-31,37,98.23,1,63.38,Premium,South,0.0
2026-01-31,14,31.17,0,30.35,Basic,West,0.0
2026-01-31,62,92.1,0,60.37,Premium,North,0.0
2026-01-31,51,92.68,0,43.16,Premium,West,0.0
2026-01-31,53,55.74,1,62.26,Standard,East,1.0
2026-01-31,13,69.31,0,32.66,Standard,South,0.0
2026-01-31,50,100.96,1,64.28,Premium,North,0.0
2026-01-31,58,31.49,0,30.44,Basic,West,0.0
2026-01-31,13,36.74,1,57.13,Basic,South,0.0
2026-01-31,53,33.67,2,42.91,Basic,South,0.0
2026-01-31,26,66.64,4,33.84,Standard,South,1.0
2026-01-31,55,61.86,2,38.78,Standard,North,0.0
2026-01-31,34,60.58,3,51.81,Standard,South,0.0
2026-01-31,56,100.26,0,61.53,Premium,North,0.0
2026-01-31,12,34.68,2,36.29,Basic,North,1.0
2026-01-31,28,75.11,1,44.45,Standard,South,0.0
2026-01-31,20,35.23,1,44.58,Basic,North,0.0
2026-01-31,18,30.37,1,38.32,Basic,South,1.0
2026-01-31,22,71.13,1,31.06,Standard,West,1.0
2026-01-31,28,98.15,1,42.87,Premium,North,0.0
2026-01-31,10,68.63,2,46.35,Standard,North,0.0
2026-01-31,50,40.95,1,49.15,Basic,North,0.0
2026-01-31,39,61.74,0,60.16,Standard,East,0.0
2026-01-31,58,34.36,1,44.8,Basic,South,0.0
2026-01-31,49,94.14,2,53.87,Premium,South,0.0
2026-01-31,12,58.55,2,51.49,Standard,North,0.0
2026-01-31,6,33.68,0,30.33,Basic,South,0.0
2026-01-31,30,41.68,0,35.47,Basic,South,0.0
2026-01-31,34,36.19,2,28.76,Basic,South,0.0
2026-01-31,18,88.27,3,38.51,Premium,East,0.0
2026-01-31,55,57.22,3,47.34,Standard,West,1.0
2026-01-31,41,73.32,1,45.86,Standard,South,0.0
2026-01-31,52,64.55,1,50.88,Standard,West,0.0
2026-01-31,9,61.76,0,49.46,Standard,East,0.0
2026-01-31,57,33.63,0,39.43,Basic,South,0.0
2026-01-31,16,87.61,1,56.57,Premium,North,0.0
2026-01-31,32,42.12,0,36.57,Basic,South,0.0
2026-01-31,31,63.03,1,48.13,Standard,East,0.0
2026-01-31,57,71.84,3,36.74,Standard,North,0.0
2026-01-31,20,65.26,0,47.7,Standard,West,0.0
2026-01-31,18,102.15,1,57.68,Premium,South,0.0
2026-01-31,25,36.28,3,30.3,Basic,West,0.0
2026-01-31,26,69.27,2,44.52,Standard,East,0.0
2026-01-31,14,38.6,0,30.76,Basic,South,0.0
2026-01-31,13,68.12,0,38.73,Standard,North,0.0
2026-01-31,17,36.74,1,25.75,Basic,East,0.0
2026-01-31,33,33.84,1,49.66,Basic,South,0.0
2026-01-31,25,44.58,3,47.66,Basic,North,0.0
2026-01-31,28,30.47,0,42.37,Basic,West,0.0
2026-01-31,50,65.02,1,63.72,Standard,South,0.0
2026-01-31,18,65.07,5,42.11,Standard,North,0.0
2026-01-31,63,67.01,2,74.32,Standard,South,0.0
2026-01-31,53,32.85,1,34.72,Basic,South,0.0
2026-01-31,13,36.57,0,39.55,Basic,West,0.0
2026-01-31,23,34.16,0,33.02,Basic,East,0.0
2026-01-31,14,57.09,0,47.72,Standard,North,0.0
2026-01-31,20,35.05,2,45.36,Basic,North,0.0
2026-01-31,26,29.5,1,35.86,Basic,East,0.0
2026-01-31,10,26.33,1,54.77,Basic,North,0.0
2026-01-31,2,65.68,1,46.39,Standard,South,0.0
2026-01-31,31,37.44,3,39.7,Basic,North,0.0
2026-01-31,49,67.63,1,34.91,Standard,North,0.0
2026-01-31,22,67.84,5,48.18,Standard,West,0.0
2026-01-31,60,55.34,4,42.66,Standard,North,1.0
2026-01-31,27,58.19,1,37.92,Standard,North,0.0
2026-01-31,63,74.87,1,36.24,Standard,West,0.0
2026-01-31,18,29.76,1,63.72,Basic,North,0.0
2026-01-31,38,68.05,0,41.37,Standard,West,0.0
2026-01-31,53,61.57,3,29.43,Standard,North,0.0
2026-01-31,6,65.4,1,37.02,Standard,North,0.0
2026-01-31,65,61.83,1,43.48,Standard,North,0.0
2026-01-31,26,37.81,1,42.47,Basic,East,0.0
2026-01-31,35,65.68,1,49.55,Standard,East,0.0
2026-01-31,44,62.76,3,50.77,Standard,South,1.0
2026-01-31,45,89.75,2,44.55,Premium,North,1.0
2026-01-31,3,96.34,1,54.4,Premium,North,0.0
2026-01-31,60,58.94,1,35.24,Standard,East,0.0
2026-01-31,44,67.14,1,37.8,Standard,North,0.0
2026-01-31,69,78.13,2,34.82,Standard,East,0.0
2026-01-31,34,41.75,3,25.12,Basic,East,0.0
2026-01-31,43,98.59,1,61.64,Premium,West,0.0
2026-01-31,31,64.57,3,50.89,Standard,South,0.0
2026-01-31,62,25.31,1,46.77,Basic,North,0.0
2026-01-31,58,28.39,3,37.39,Basic,South,0.0
2026-01-31,63,101.41,0,58.77,Premium,West,0.0
2026-01-31,36,31.05,2,19.39,Basic,East,0.0
2026-01-31,55,31.5,0,45.63,Basic,East,0.0
2026-01-31,26,34.17,0,38.77,Basic,South,1.0
2026-01-31,33,29.69,1,43.27,Basic,North,0.0
2026-01-31,53,28.87,2,40.8,Basic,West,0.0
2026-01-31,7,64.75,2,34.13,Standard,West,0.0
2026-01-31,50,30.54,1,22.02,Basic,West,0.0
2026-01-31,3,91.29,0,43.88,Premium,West,0.0
2026-02-28,21,65.4,0,50.32,Standard,North,0.0
2026-02-28,24,62.8,3,41.01,Standard,East,0.0
2026-02-28,40,37.31,0,10.38,Basic,North,0.0
2026-02-28,46,101.75,0,20.37,Premium,South,1.0
2026-02-28,14,38.24,1,49.72,Basic,North,0.0
2026-02-28,44,68.43,2,56.3,Standard,East,0.0
2026-02-28,66,98.03,1,69.87,Premium,East,0.0
2026-02-28,3,58.1,1,43.82,Standard,East,0.0
2026-02-28,62,90.62,2,38.07,Premium,North,0.0
2026-02-28,44,33.98,1,32.8,Basic,South,0.0
2026-02-28,26,91.37,0,51.11,Premium,East,0.0
2026-02-28,52,59.68,3,33.93,Standard,West,0.0
2026-02-28,45,55.64,1,60.49,Standard,West,0.0
2026-02-28,55,28.27,0,59.4,Basic,North,0.0
2026-02-28,8,33.72,1,41.78,Basic,South,0.0
2026-02-28,7,64.65,1,43.89,Standard,North,0.0
2026-02-28,46,31.03,0,24.05,Basic,West,0.0
2026-02-28,23,65.39,4,59.46,Standard,North,1.0
2026-02-28,19,92.83,1,51.76,Premium,West,0.0
2026-02-28,31,100.45,1,48.11,Premium,North,0.0
2026-02-28,52,34.19,1,41.81,Basic,North,0.0
2026-02-28,15,98.48,3,45.14,Premium,West,0.0
2026-02-28,69,36.02,1,38.47,Basic,South,0.0
2026-02-28,31,57.99,0,29.58,Standard,South,0.0
2026-02-28,13,94.55,0,61.87,Premium,East,0.0
2026-02-28,7,28.82,0,35.96,Basic,South,0.0
2026-02-28,61,34.46,1,48.59,Basic,East,1.0
2026-02-28,10,31.27,1,34.99,Basic,South,0.0
2026-02-28,31,66.91,3,42.64,Standard,South,0.0
2026-02-28,48,88.29,1,38.88,Premium,South,0.0
2026-02-28,37,35.07,0,44.6,Basic,North,0.0
2026-02-28,20,37.86,0,28.24,Basic,South,0.0
2026-02-28,10,69.54,1,39.14,Standard,East,0.0
2026-02-28,51,31.18,1,37.01,Basic,North,0.0
2026-02-28,36,65.09,1,45.21,Standard,North,0.0
2026-02-28,6,95.92,0,33.94,Premium,East,0.0
2026-02-28,15,72.74,1,41.69,Standard,South,0.0
2026-02-28,41,87.59,1,58.95,Premium,North,0.0
2026-02-28,14,60.44,1,40.22,Standard,East,0.0
2026-02-28,29,109.02,0,48.75,Premium,West,0.0
2026-02-28,11,33.63,0,38.62,Basic,North,0.0
2026-02-28,57,25.55,1,35.74,Basic,North,0.0
2026-02-28,45,62.09,1,33.69,Standard,South,0.0
2026-02-28,56,21.16,1,36.64,Basic,East,0.0
2026-02-28,6,96.2,2,60.94,Premium,North,0.0
2026-02-28,28,69.05,0,33.49,Standard,West,0.0
2026-02-28,21,90.44,3,47.26,Premium,South,0.0
2026-02-28,45,32.65,1,23.18,Basic,North,0.0
2026-02-28,58,69.62,0,53.41,Standard,West,0.0
2026-02-28,18,56.25,2,43.08,Standard,North,0.0
2026-02-28,55,28.39,2,28.5,Basic,North,0.0
2026-02-28,42,63.86,1,44.92,Standard,West,0.0
2026-02-28,59,61.24,2,31.96,Standard,East,0.0
2026-02-28,8,93.53,0,40.67,Premium,South,0.0
2026-02-28,70,58.68,4,29.4,Standard,East,0.0
2026-02-28,32,36.07,4,26.33,Basic,East,0.0
2026-02-28,22,64.25,0,57.57,Standard,East,0.0
2026-02-28,15,67.75,1,36.67,Standard,North,0.0
2026-02-28,69,36.0,0,41.66,Basic,East,0.0
2026-02-28,63,66.03,3,35.64,Standard,South,0.0
2026-02-28,11,27.77,3,44.6,Basic,West,0.0
2026-02-28,33,37.46,1,26.74,Basic,East,0.0
2026-02-28,52,63.35,0,44.39,Standard,North,0.0
2026-02-28,43,34.17,0,37.53,Basic,West,0.0
2026-02-28,15,70.24,5,67.28,Standard,South,0.0
2026-02-28,27,31.4,3,43.3,Basic,South,0.0
2026-02-28,28,71.76,0,38.07,Standard,West,0.0
2026-02-28,22,42.22,1,43.85,Basic,West,0.0
2026-02-28,68,98.76,1,72.38,Premium,West,0.0
2026-02-28,16,30.1,0,20.7,Basic,East,0.0
2026-02-28,51,54.07,0,35.58,Standard,West,0.0
2026-02-28,65,40.39,3,34.63,Basic,North,0.0
2026-02-28,57,35.56,0,32.83,Basic,East,0.0
2026-02-28,57,61.27,1,40.67,Standard,South,0.0
2026-02-28,13,100.87,0,37.96,Premium,South,0.0
2026-02-28,12,90.69,3,65.04,Premium,North,0.0
2026-02-28,56,32.88,1,22.77,Basic,North,0.0
2026-02-28,53,37.62,1,35.0,Basic,South,0.0
2026-02-28,53,59.43,1,54.46,Standard,West,0.0
2026-02-28,31,64.45,1,43.7,Standard,East,0.0
2026-02-28,38,40.45,0,27.21,Basic,South,0.0
2026-02-28,4,66.06,0,30.51,Standard,South,0.0
2026-02-28,22,71.24,0,41.7,Standard,East,0.0
2026-02-28,38,70.67,4,36.43,Standard,North,1.0
2026-02-28,11,35.04,0,39.05,Basic,East,0.0
2026-02-28,11,53.32,1,29.99,Standard,East,0.0
2026-02-28,6,29.47,2,45.13,Basic,North,0.0
2026-02-28,17,68.82,0,45.16,Standard,East,0.0
2026-02-28,70,27.25,0,38.9,Basic,East,0.0
2026-02-28,50,63.37,1,58.41,Standard,East,0.0
2026-02-28,67,66.69,0,39.62,Standard,South,0.0
2026-02-28,20,72.35,0,36.74,Standard,East,0.0
2026-02-28,43,32.12,2,31.52,Basic,West,0.0
2026-02-28,63,31.78,1,35.07,Basic,North,0.0
2026-02-28,26,64.74,1,43.09,Standard,East,0.0
2026-02-28,47,66.75,0,35.69,Standard,East,0.0
2026-02-28,50,94.23,1,30.77,Premium,South,0.0
2026-02-28,59,40.25,0,31.39,Basic,South,0.0
2026-02-28,68,91.0,2,54.6,Premium,West,0.0
2026-02-28,44,35.6,1,38.36,Basic,South,0.0
2026-02-28,42,37.23,0,49.0,Basic,East,0.0
2026-02-28,62,33.0,0,56.55,Basic,North,0.0
2026-02-28,49,69.2,3,51.59,Standard,West,0.0
2026-02-28,27,35.74,0,50.83,Basic,East,0.0
2026-02-28,45,38.94,2,44.67,Basic,West,1.0
2026-02-28,40,65.97,1,61.1,Standard,East,0.0
2026-02-28,18,66.88,2,62.51,Standard,South,0.0
2026-02-28,38,31.84,2,46.51,Basic,South,0.0
2026-02-28,45,31.85,1,44.06,Basic,East,0.0
2026-02-28,64,71.12,0,41.95,Standard,West,0.0
2026-02-28,42,38.18,1,36.59,Basic,North,0.0
2026-02-28,14,29.89,2,33.62,Basic,West,0.0
2026-02-28,70,65.9,1,50.21,Standard,West,0.0
2026-02-28,42,23.13,1,29.8,Basic,North,0.0
2026-02-28,22,62.13,0,42.09,Standard,North,0.0
2026-02-28,54,39.81,1,13.45,Basic,East,0.0
2026-02-28,29,34.37,1,54.23,Basic,West,0.0
2026-02-28,28,35.59,0,34.8,Basic,South,0.0
2026-02-28,60,19.92,0,41.56,Basic,East,0.0
2026-02-28,61,33.04,0,51.58,Basic,West,0.0
2026-02-28,38,36.69,1,40.0,Basic,South,0.0
2026-02-28,28,97.33,0,65.44,Premium,North,0.0
2026-02-28,61,99.81,2,38.58,Premium,West,0.0
2026-02-28,14,33.95,0,60.97,Basic,South,0.0
2026-02-28,53,64.17,0,54.87,Standard,South,0.0
2026-02-28,42,58.34,1,46.09,Standard,South,0.0
2026-02-28,61,93.98,0,65.25,Premium,East,0.0
2026-02-28,31,28.69,1,25.31,Basic,South,0.0
2026-02-28,59,25.76,0,34.11,Basic,East,0.0
2026-02-28,4,29.57,0,51.44,Basic,East,0.0
2026-02-28,54,42.54,2,18.33,Basic,North,0.0
2026-02-28,7,33.65,1,42.6,Basic,South,0.0
2026-02-28,46,96.1,4,56.32,Premium,North,0.0
2026-02-28,16,92.43,1,70.69,Premium,North,0.0
2026-02-28,68,26.05,0,21.17,Basic,West,0.0
2026-02-28,55,69.68,1,60.1,Standard,East,0.0
2026-02-28,10,24.14,0,31.41,Basic,East,0.0
2026-02-28,63,62.23,3,39.53,Standard,West,0.0
2026-02-28,20,64.73,2,31.78,Standard,East,0.0
2026-02-28,40,36.15,1,26.12,Basic,West,0.0
2026-02-28,8,91.37,1,55.04,Premium,East,0.0
2026-02-28,10,85.81,2,39.88,Premium,South,0.0
2026-02-28,19,60.99,1,51.4,Standard,East,0.0
2026-02-28,39,61.26,2,37.37,Standard,South,0.0
2026-02-28,39,61.13,1,31.87,Standard,West,0.0
2026-02-28,61,39.85,0,31.72,Basic,North,0.0
2026-02-28,14,28.93,2,40.37,Basic,West,1.0
2026-02-28,53,66.5,0,41.23,Standard,West,0.0
2026-02-28,3,35.79,2,37.34,Basic,North,0.0
2026-02-28,22,99.8,2,57.96,Premium,East,0.0
2026-02-28,14,64.33,0,54.82,Standard,West,0.0
2026-02-28,11,38.96,0,33.9,Basic,East,0.0
2026-02-28,42,34.14,1,26.56,Basic,South,0.0
2026-02-28,64,97.17,1,51.76,Premium,West,0.0
2026-02-28,48,27.49,0,41.71,Basic,East,0.0
2026-02-28,61,21.81,2,22.39,Basic,North,0.0
2026-02-28,43,36.89,2,28.09,Basic,North,1.0
2026-02-28,6,67.16,0,36.81,Standard,East,0.0
2026-02-28,26,97.38,2,48.92,Premium,South,0.0
2026-02-28,59,32.38,0,29.39,Basic,North,0.0
2026-02-28,6,102.45,1,58.07,Premium,West,0.0
2026-02-28,9,32.7,1,20.95,Basic,North,1.0
2026-02-28,59,67.1,1,28.2,Standard,North,0.0
2026-02-28,7,37.97,0,33.66,Basic,South,0.0
2026-02-28,68,73.59,2,42.24,Standard,North,0.0
2026-02-28,54,63.41,1,29.45,Standard,South,0.0
2026-02-28,48,61.73,0,37.93,Standard,West,0.0
2026-02-28,39,27.51,1,32.99,Basic,West,0.0
2026-02-28,9,102.76,1,47.07,Premium,West,0.0
2026-02-28,31,97.11,1,52.52,Premium,South,0.0
2026-02-28,57,67.27,1,37.38,Standard,North,0.0
2026-02-28,64,80.58,3,58.78,Standard,West,0.0
2026-02-28,33,66.63,1,48.88,Standard,South,0.0
2026-02-28,60,28.49,1,28.93,Basic,East,0.0
2026-02-28,55,94.02,3,51.95,Premium,North,0.0
2026-02-28,6,30.13,0,38.24,Basic,East,0.0
2026-02-28,45,63.02,1,56.15,Standard,East,0.0
2026-02-28,44,32.99,0,31.0,Basic,West,0.0
2026-02-28,39,32.06,3,44.67,Basic,North,0.0
2026-02-28,55,58.03,1,44.42,Standard,South,0.0
2026-02-28,63,72.96,1,58.92,Standard,West,0.0
2026-02-28,40,96.49,3,63.91,Premium,South,0.0
2026-02-28,24,93.87,1,52.97,Premium,East,0.0
2026-02-28,69,38.79,1,34.38,Basic,North,0.0
2026-02-28,68,37.36,0,42.07,Basic,East,0.0
2026-02-28,49,36.38,2,35.2,Basic,South,0.0
2026-02-28,46,68.42,0,60.8,Standard,East,0.0
2026-02-28,10,65.67,1,44.78,Standard,West,0.0
2026-02-28,30,98.35,0,46.94,Premium,East,0.0
2026-02-28,16,68.77,1,39.4,Standard,South,0.0
2026-02-28,38,35.81,1,24.87,Basic,North,0.0
2026-02-28,59,63.9,0,49.57,Standard,South,0.0
2026-02-28,18,72.65,1,35.8,Standard,West,0.0
2026-02-28,70,62.61,2,54.98,Standard,North,0.0
2026-02-28,11,36.96,1,24.07,Basic,East,0.0
2026-02-28,9,37.07,1,38.27,Basic,South,0.0
2026-02-28,69,31.95,2,48.5,Basic,South,0.0
2026-02-28,9,30.96,1,15.48,Basic,East,0.0
2026-02-28,52,63.23,5,64.18,Standard,South,0.0
2026-02-28,54,32.54,3,32.75,Basic,South,0.0
2026-02-28,25,57.71,2,45.41,Standard,East,0.0
2026-02-28,7,61.74,1,49.71,Standard,West,0.0
2026-02-28,23,96.33,1,58.26,Premium,West,0.0
2026-02-28,7,41.33,2,39.74,Basic,East,0.0
2026-02-28,48,37.77,1,46.97,Basic,East,0.0
2026-02-28,63,22.0,2,42.19,Basic,West,1.0
2026-02-28,70,68.21,2,61.61,Standard,South,0.0
2026-02-28,57,32.21,3,42.22,Basic,South,0.0
2026-02-28,55,67.27,2,63.65,Standard,South,0.0
2026-02-28,62,34.93,1,46.01,Basic,East,0.0
2026-02-28,55,34.04,2,18.94,Basic,East,0.0
2026-02-28,47,34.49,0,63.11,Basic,North,0.0
2026-02-28,70,64.89,2,38.26,Standard,West,0.0
2026-02-28,24,101.72,2,65.96,Premium,South,0.0
2026-02-28,31,64.9,1,44.27,Standard,West,1.0
2026-02-28,64,70.43,0,54.61,Standard,East,0.0
2026-02-28,24,69.7,4,37.12,Standard,West,0.0
2026-02-28,23,68.34,1,50.26,Standard,East,0.0
2026-02-28,13,26.07,3,34.47,Basic,East,0.0
2026-02-28,21,70.58,3,59.79,Standard,North,1.0
2026-02-28,43,62.71,0,48.39,Standard,South,0.0
2026-02-28,63,38.58,1,46.36,Basic,West,0.0
2026-02-28,12,60.14,2,22.36,Standard,South,0.0
2026-02-28,49,59.07,1,43.14,Standard,North,0.0
2026-02-28,55,74.88,1,48.11,Standard,North,0.0
2026-02-28,63,30.22,2,39.24,Basic,East,0.0
2026-02-28,54,70.73,0,53.61,Standard,East,0.0
2026-02-28,13,95.59,3,47.34,Premium,West,0.0
2026-02-28,36,32.9,2,37.49,Basic,West,0.0
2026-02-28,67,34.78,0,48.81,Basic,East,0.0
2026-02-28,64,28.49,0,14.21,Basic,East,0.0
2026-02-28,44,34.93,1,42.89,Basic,West,0.0
2026-02-28,68,89.59,1,47.66,Premium,North,0.0
2026-02-28,48,63.02,3,34.88,Standard,East,1.0
2026-02-28,7,39.63,1,40.37,Basic,South,0.0
2026-02-28,65,36.27,0,49.27,Basic,West,0.0
2026-02-28,14,87.59,1,61.39,Premium,West,0.0
2026-02-28,28,39.26,0,35.65,Basic,East,0.0
2026-02-28,19,64.96,1,52.76,Standard,East,0.0
2026-02-28,51,32.29,0,45.68,Basic,East,0.0
2026-02-28,5,38.73,3,36.13,Basic,East,0.0
2026-02-28,46,64.16,2,37.07,Standard,North,1.0
2026-02-28,61,29.17,0,30.65,Basic,South,0.0
2026-02-28,56,74.24,0,52.38,Standard,East,0.0
2026-02-28,23,34.91,1,36.58,Basic,East,0.0
2026-02-28,63,64.59,2,33.54,Standard,North,0.0
2026-02-28,27,62.97,1,27.15,Standard,West,0.0
2026-02-28,49,70.9,0,52.32,Standard,West,0.0
2026-02-28,37,32.38,3,31.53,Basic,East,0.0
2026-02-28,7,57.28,0,47.3,Standard,North,0.0
2026-02-28,3,91.61,1,63.4,Premium,West,0.0
2026-02-28,15,41.63,2,23.91,Basic,North,1.0
2026-02-28,66,39.16,2,36.55,Basic,South,0.0
2026-02-28,67,93.72,0,49.29,Premium,West,0.0
2026-02-28,30,41.87,0,40.8,Basic,East,0.0
2026-02-28,68,68.74,0,56.39,Standard,North,0.0
2026-02-28,6,63.67,1,30.71,Standard,North,0.0
2026-02-28,68,34.17,0,42.7,Basic,South,0.0
2026-02-28,18,66.65,1,54.32,Standard,East,0.0
2026-02-28,5,60.84,0,42.14,Standard,East,0.0
2026-02-28,54,35.02,2,35.63,Basic,North,0.0
2026-02-28,29,96.54,1,55.18,Premium,North,0.0
2026-02-28,22,26.57,2,40.45,Basic,East,0.0
2026-02-28,54,34.05,3,42.82,Basic,North,0.0
2026-02-28,25,93.48,0,56.61,Premium,North,0.0
2026-02-28,54,40.14,1,27.18,Basic,South,0.0
2026-02-28,16,85.78,2,60.9,Premium,East,0.0
2026-02-28,8,33.09,0,48.67,Basic,North,0.0
2026-02-28,25,62.59,1,45.86,Standard,North,0.0
2026-02-28,44,39.8,2,22.06,Basic,North,1.0
2026-02-28,18,64.78,2,42.85,Standard,South,1.0
2026-02-28,12,73.98,0,45.94,Standard,North,0.0
2026-02-28,53,98.31,2,39.55,Premium,North,0.0
2026-02-28,36,92.95,2,47.4,Premium,South,0.0
2026-02-28,32,66.2,3,29.91,Standard,North,1.0
2026-02-28,19,63.23,3,50.07,Standard,South,0.0
2026-02-28,4,69.3,0,45.66,Standard,East,0.0
2026-02-28,6,88.34,2,34.54,Premium,North,0.0
2026-02-28,49,60.88,2,47.51,Standard,East,0.0
2026-02-28,8,97.28,4,50.43,Premium,East,0.0
2026-02-28,19,41.13,1,42.16,Basic,East,0.0
2026-02-28,64,53.99,1,40.08,Standard,East,0.0
2026-02-28,26,71.87,2,35.99,Standard,West,0.0
2026-02-28,53,34.3,1,29.29,Basic,North,0.0
2026-02-28,26,25.58,1,31.62,Basic,North,0.0
2026-02-28,66,79.99,1,51.19,Premium,South,0.0
2026-02-28,58,57.35,1,45.48,Standard,East,0.0
2026-02-28,34,34.9,3,35.09,Basic,West,1.0
2026-02-28,49,34.67,1,32.77,Basic,West,0.0
2026-02-28,31,38.17,2,33.49,Basic,East,0.0
2026-02-28,67,62.25,0,69.08,Standard,South,0.0
2026-02-28,27,89.46,0,43.29,Premium,South,0.0
2026-02-28,59,92.93,1,45.42,Premium,North,0.0
2026-02-28,44,65.17,2,76.94,Standard,South,0.0
2026-02-28,46,66.15,0,48.21,Standard,East,0.0
2026-02-28,26,31.05,0,23.2,Basic,North,0.0
2026-02-28,59,99.51,2,59.43,Premium,West,0.0
2026-02-28,53,31.89,0,27.9,Basic,West,0.0
2026-02-28,58,30.65,2,46.09,Basic,South,0.0
2026-02-28,57,92.29,0,48.89,Premium,West,0.0
2026-02-28,13,100.37,1,46.6,Premium,North,0.0
2026-02-28,62,34.34,2,53.09,Basic,West,0.0
2026-02-28,60,61.53,0,49.66,Standard,West,0.0
2026-02-28,19,69.63,1,53.73,Standard,North,0.0
2026-02-28,69,45.71,0,41.35,Basic,East,0.0
2026-02-28,38,36.05,1,32.56,Basic,South,0.0
2026-02-28,24,41.17,2,43.11,Basic,West,0.0
2026-02-28,18,70.18,2,56.09,Standard,North,0.0
2026-02-28,27,61.97,1,45.35,Standard,North,0.0
2026-02-28,5,65.13,2,62.02,Standard,South,0.0
2026-02-28,49,28.59,2,45.5,Basic,North,0.0
2026-02-28,51,93.98,0,53.12,Premium,South,0.0
2026-02-28,48,61.87,0,46.51,Standard,East,0.0
2026-02-28,40,92.99,1,52.37,Premium,East,0.0
2026-02-28,27,31.25,0,24.49,Basic,East,0.0
2026-02-28,52,63.56,1,43.1,Standard,North,0.0
2026-02-28,62,97.66,1,53.21,Premium,North,0.0
2026-02-28,8,34.4,0,32.84,Basic,West,0.0
2026-02-28,29,25.68,2,40.38,Basic,South,0.0
2026-02-28,70,31.27,2,37.21,Basic,North,0.0
2026-02-28,61,27.4,4,44.74,Basic,South,0.0
2026-02-28,70,66.22,1,50.63,Standard,North,0.0
2026-02-28,15,37.52,2,38.67,Basic,South,0.0
2026-02-28,34,36.28,4,23.33,Basic,West,0.0
2026-02-28,11,61.06,1,61.91,Standard,South,0.0
2026-02-28,61,36.23,0,35.58,Basic,East,0.0
2026-02-28,38,32.65,3,36.19,Basic,South,0.0
2026-02-28,19,59.31,1,40.57,Standard,South,0.0
2026-02-28,9,38.71,2,32.12,Basic,East,0.0
2026-02-28,53,39.09,0,52.44,Basic,East,0.0
2026-02-28,58,39.74,0,50.86,Basic,South,0.0
2026-02-28,62,31.96,0,41.44,Basic,North,0.0
2026-02-28,69,70.9,1,42.92,Standard,West,0.0
2026-02-28,58,32.53,0,43.19,Basic,North,0.0
2026-02-28,56,38.27,1,37.74,Basic,West,0.0
2026-02-28,58,92.45,1,49.1,Premium,South,0.0
2026-02-28,70,93.88,1,54.38,Premium,West,0.0
2026-02-28,34,22.89,0,32.59,Basic,South,0.0
2026-02-28,54,33.49,0,39.52,Basic,East,0.0
2026-02-28,58,65.46,1,46.04,Standard,East,0.0
2026-02-28,10,92.95,1,57.03,Premium,South,0.0
2026-02-28,49,103.78,1,44.81,Premium,North,0.0
2026-02-28,26,29.19,2,44.1,Basic,East,0.0
2026-02-28,12,32.18,0,27.94,Basic,East,0.0
2026-02-28,14,30.48,1,31.27,Basic,South,0.0
2026-02-28,10,92.18,0,45.71,Premium,West,0.0
2026-02-28,64,100.16,1,40.28,Premium,East,0.0
2026-02-28,55,42.39,3,47.16,Basic,North,0.0
2026-02-28,9,61.5,2,34.31,Standard,West,1.0
2026-02-28,45,31.38,3,30.01,Basic,North,0.0
2026-02-28,47,59.21,0,56.55,Standard,East,0.0
2026-02-28,38,101.53,2,45.29,Premium,South,1.0
2026-02-28,44,70.61,0,42.12,Standard,East,0.0
2026-02-28,64,34.47,1,26.88,Basic,West,0.0
2026-02-28,38,58.02,1,52.33,Standard,East,0.0
2026-02-28,47,28.47,0,45.47,Basic,East,0.0
2026-02-28,41,95.85,0,58.39,Premium,West,0.0
2026-02-28,29,37.75,0,42.38,Basic,East,0.0
2026-02-28,63,84.67,1,51.74,Premium,West,0.0
2026-02-28,31,33.39,3,31.76,Basic,South,0.0
2026-02-28,57,43.09,1,28.85,Basic,North,0.0
2026-02-28,44,33.91,3,49.9,Basic,North,0.0
2026-02-28,49,42.45,1,44.65,Basic,East,0.0
2026-02-28,54,38.25,0,30.07,Basic,East,0.0
2026-02-28,53,59.58,2,44.4,Standard,North,0.0
2026-02-28,41,33.54,2,34.0,Basic,North,0.0
2026-02-28,44,34.36,1,25.72,Basic,West,1.0
2026-02-28,37,30.24,1,38.78,Basic,East,0.0
2026-02-28,26,30.15,2,32.85,Basic,West,0.0
2026-02-28,52,102.53,2,41.47,Premium,North,0.0
2026-02-28,62,90.11,3,36.21,Premium,North,0.0
2026-02-28,50,40.39,1,21.36,Basic,South,0.0
2026-02-28,55,62.82,2,40.29,Standard,West,0.0
2026-02-28,59,64.87,1,43.15,Standard,East,0.0
2026-02-28,27,97.81,1,42.25,Premium,West,0.0
2026-02-28,7,32.01,3,43.51,Basic,South,0.0
2026-02-28,25,37.84,1,36.34,Basic,South,0.0
2026-02-28,54,54.77,2,49.77,Standard,East,0.0
2026-02-28,58,97.2,2,49.17,Premium,West,0.0
2026-02-28,37,52.66,1,36.13,Standard,South,0.0
2026-02-28,55,63.87,0,45.14,Standard,East,0.0
2026-02-28,8,39.27,1,24.37,Basic,West,0.0
2026-02-28,46,68.11,0,49.39,Standard,South,0.0
2026-02-28,49,88.51,0,41.63,Premium,West,0.0
2026-02-28,37,29.15,1,46.18,Basic,East,0.0
2026-02-28,51,61.56,2,40.62,Standard,West,0.0
2026-02-28,36,35.93,3,47.63,Basic,South,0.0
2026-02-28,38,54.84,1,32.77,Standard,East,0.0
2026-02-28,44,64.93,1,37.22,Standard,South,0.0
2026-02-28,56,66.56,1,47.81,Standard,East,0.0
2026-02-28,19,93.58,0,62.7,Premium,South,0.0
2026-02-28,23,67.63,0,60.67,Standard,East,0.0
2026-02-28,31,36.12,3,37.41,Basic,West,0.0
2026-02-28,16,32.29,2,55.38,Basic,South,0.0
2026-02-28,25,25.32,1,34.1,Basic,South,1.0
2026-02-28,26,35.67,2,47.99,Basic,South,0.0
2026-02-28,24,30.23,2,27.58,Basic,East,1.0
2026-02-28,30,62.11,0,48.2,Standard,East,0.0
2026-02-28,37,37.4,0,13.58,Basic,East,0.0
2026-02-28,50,42.09,0,25.78,Basic,North,0.0
2026-02-28,23,64.81,2,48.67,Standard,North,0.0
2026-02-28,60,37.77,1,23.88,Basic,North,1.0
2026-02-28,35,57.78,0,48.27,Standard,West,0.0
2026-02-28,52,96.23,2,60.06,Premium,West,0.0
2026-02-28,10,64.7,0,38.99,Standard,North,0.0
2026-02-28,14,41.15,2,27.31,Basic,North,0.0
2026-02-28,33,32.3,0,32.26,Basic,West,0.0
2026-02-28,27,63.79,0,34.34,Standard,East,0.0
2026-02-28,36,70.29,3,42.99,Standard,South,1.0
2026-02-28,13,34.54,2,38.02,Basic,East,0.0
2026-02-28,35,59.46,2,40.94,Standard,North,0.0
2026-02-28,49,77.76,3,60.74,Standard,North,0.0
2026-02-28,52,29.61,1,29.81,Basic,South,0.0
2026-02-28,19,64.68,1,57.91,Standard,West,0.0
2026-02-28,26,36.73,1,26.59,Basic,West,0.0
2026-02-28,38,36.34,2,37.73,Basic,North,0.0
2026-02-28,38,94.05,2,62.83,Premium,East,0.0
2026-02-28,56,34.08,3,48.31,Basic,West,0.0
2026-02-28,29,63.83,0,39.8,Standard,West,0.0
2026-02-28,48,29.42,2,42.55,Basic,West,0.0
2026-02-28,63,45.75,2,41.21,Basic,North,1.0
2026-02-28,23,93.9,1,45.6,Premium,North,1.0
2026-02-28,58,37.98,1,43.16,Basic,North,0.0
2026-02-28,25,33.33,1,55.62,Basic,North,0.0
2026-02-28,25,93.23,4,55.72,Premium,North,0.0
2026-02-28,47,62.72,1,49.66,Standard,South,0.0
2026-02-28,45,57.25,1,50.72,Standard,East,0.0
2026-02-28,40,34.2,0,22.39,Basic,South,0.0
2026-02-28,18,32.96,1,41.6,Basic,South,0.0
2026-02-28,9,70.86,1,33.83,Standard,North,0.0
2026-02-28,64,29.02,0,31.1,Basic,North,0.0
2026-02-28,62,32.11,3,58.62,Basic,West,0.0
2026-02-28,63,60.51,0,41.47,Standard,East,0.0
2026-02-28,37,42.21,1,29.6,Basic,North,0.0
2026-02-28,63,30.65,0,48.53,Basic,West,0.0
2026-02-28,35,37.81,3,27.52,Basic,West,0.0
2026-02-28,8,69.85,1,39.53,Standard,West,0.0
2026-02-28,16,64.27,2,56.49,Standard,North,0.0
2026-02-28,21,88.12,0,51.43,Premium,East,0.0
2026-02-28,28,28.18,5,21.38,Basic,West,0.0
2026-02-28,66,39.3,1,42.44,Basic,West,0.0
2026-02-28,25,58.7,0,40.04,Standard,North,0.0
2026-02-28,44,36.96,0,52.4,Basic,West,0.0
2026-02-28,21,65.57,1,37.94,Standard,South,0.0
2026-02-28,46,96.89,3,61.51,Premium,South,0.0
2026-02-28,41,67.36,1,61.76,Standard,East,0.0
2026-02-28,13,30.33,1,28.49,Basic,West,0.0
2026-02-28,34,90.12,1,49.07,Premium,North,0.0
2026-02-28,10,38.57,0,40.89,Basic,East,0.0
2026-02-28,63,91.85,0,42.43,Premium,West,0.0
2026-02-28,50,51.25,1,46.7,Standard,East,0.0
2026-02-28,67,68.24,1,41.75,Standard,South,0.0
2026-02-28,62,89.82,1,48.55,Premium,North,0.0
2026-02-28,17,67.34,0,44.49,Standard,East,0.0
2026-02-28,51,71.96,2,44.71,Standard,East,0.0
2026-02-28,9,35.08,1,38.64,Basic,East,0.0
2026-02-28,68,69.98,1,38.01,Standard,West,0.0
2026-02-28,56,65.77,1,38.45,Standard,East,0.0
2026-02-28,49,42.94,1,35.81,Basic,East,0.0
2026-02-28,70,59.69,0,43.55,Standard,North,0.0
2026-02-28,60,64.96,0,39.61,Standard,East,0.0
2026-02-28,61,38.37,1,40.24,Basic,North,0.0
2026-02-28,9,34.05,3,18.85,Basic,East,1.0
2026-02-28,4,70.76,0,36.7,Standard,North,0.0
2026-02-28,68,32.84,2,34.2,Basic,West,0.0
2026-02-28,20,45.35,0,28.44,Basic,South,0.0
2026-02-28,31,75.61,0,60.29,Standard,South,0.0
2026-02-28,5,36.41,0,37.19,Basic,North,0.0
2026-02-28,45,37.76,0,38.77,Basic,North,0.0
2026-02-28,58,70.96,0,39.17,Standard,West,0.0
2026-02-28,60,29.06,1,36.84,Basic,South,0.0
2026-02-28,42,88.44,2,38.85,Premium,East,0.0
2026-02-28,47,101.28,2,49.3,Premium,West,0.0
2026-02-28,37,66.37,3,34.63,Standard,East,0.0
2026-02-28,33,93.87,2,48.23,Premium,North,0.0
2026-02-28,40,95.06,3,25.4,Premium,South,0.0
2026-02-28,66,23.07,1,25.72,Basic,South,0.0
2026-02-28,20,64.05,1,58.64,Standard,South,0.0
2026-02-28,34,31.23,3,45.3,Basic,North,0.0
2026-02-28,43,69.59,1,57.19,Standard,East,0.0
2026-02-28,41,69.98,0,57.88,Standard,South,0.0
2026-02-28,5,37.88,0,43.73,Basic,South,0.0
2026-02-28,22,36.98,1,32.47,Basic,South,0.0
2026-02-28,46,87.51,2,40.63,Premium,South,0.0
2026-02-28,50,37.95,2,48.47,Basic,North,0.0
2026-02-28,52,38.15,3,37.65,Basic,South,0.0
2026-02-28,70,41.23,0,61.94,Basic,West,0.0
2026-02-28,48,75.59,2,40.35,Standard,East,0.0
2026-02-28,42,86.54,1,70.73,Premium,East,0.0
2026-02-28,25,63.06,4,42.43,Standard,West,0.0
2026-02-28,28,61.29,2,57.36,Standard,East,0.0
2026-02-28,59,35.86,2,53.97,Basic,North,0.0
2026-02-28,34,35.07,0,26.77,Basic,South,0.0
2026-02-28,51,63.83,1,39.15,Standard,South,0.0
2026-02-28,11,100.14,1,40.67,Premium,South,0.0
2026-02-28,11,59.49,0,31.7,Standard,North,0.0
2026-02-28,17,29.79,1,43.67,Basic,North,0.0
2026-02-28,16,59.88,0,42.03,Standard,South,1.0
2026-02-28,44,63.2,2,44.52,Standard,West,0.0
2026-02-28,46,58.86,2,49.56,Standard,East,0.0
2026-02-28,40,64.76,1,25.43,Standard,West,0.0
2026-02-28,22,64.17,2,56.87,Standard,North,0.0
2026-02-28,42,61.07,1,40.51,Standard,South,0.0
2026-02-28,11,99.37,4,56.32,Premium,East,0.0
2026-02-28,35,64.7,1,50.21,Standard,South,1.0
2026-02-28,13,40.31,2,50.71,Basic,South,0.0
2026-02-28,8,34.02,0,35.95,Basic,South,0.0
2026-02-28,14,64.88,0,22.76,Standard,North,0.0
2026-02-28,10,62.19,0,44.57,Standard,West,0.0
2026-02-28,35,64.96,0,46.01,Standard,West,0.0
2026-02-28,40,68.56,3,33.66,Standard,North,0.0
2026-02-28,44,32.94,2,38.47,Basic,South,0.0
2026-02-28,32,67.59,3,40.39,Standard,East,1.0
2026-02-28,14,60.94,2,30.57,Standard,West,0.0
2026-02-28,4,38.8,1,43.71,Basic,West,0.0
2026-02-28,51,32.1,0,31.36,Basic,South,0.0
2026-02-28,69,39.26,1,32.94,Basic,East,0.0
2026-02-28,22,35.3,1,32.37,Basic,West,0.0
2026-02-28,16,72.6,1,56.35,Standard,West,0.0
2026-02-28,24,89.23,2,50.59,Premium,South,0.0
2026-03-31,30,39.98,0,40.07,Basic,West,0.0
2026-03-31,42,59.49,1,13.17,Standard,West,0.0
2026-03-31,23,28.95,3,61.21,Basic,East,0.0
2026-03-31,32,28.63,0,38.83,Basic,East,0.0
2026-03-31,27,99.88,0,54.43,Premium,North,0.0
2026-03-31,11,64.71,0,54.87,Standard,West,0.0
2026-03-31,57,35.5,1,41.65,Basic,West,0.0
2026-03-31,64,34.92,0,44.47,Basic,West,0.0
2026-03-31,37,59.37,0,39.76,Standard,West,0.0
2026-03-31,17,31.65,1,24.7,Basic,South,0.0
2026-03-31,47,31.9,0,39.8,Basic,North,0.0
2026-03-31,40,27.97,1,51.32,Basic,West,0.0
2026-03-31,41,62.48,1,37.52,Standard,South,0.0
2026-03-31,44,59.59,3,36.72,Standard,West,0.0
2026-03-31,52,37.89,2,49.21,Basic,East,1.0
2026-03-31,6,38.3,2,32.43,Basic,South,0.0
2026-03-31,10,58.53,0,39.89,Standard,South,0.0
2026-03-31,10,63.52,1,40.27,Standard,East,0.0
2026-03-31,14,74.28,0,43.35,Standard,South,0.0
2026-03-31,70,30.1,1,21.26,Basic,South,0.0
2026-03-31,53,67.13,2,38.61,Standard,North,1.0
2026-03-31,49,95.53,1,53.3,Premium,East,0.0
2026-03-31,51,70.46,0,46.23,Standard,North,0.0
2026-03-31,6,36.48,3,48.58,Basic,North,0.0
2026-03-31,18,62.84,4,62.39,Standard,North,0.0
2026-03-31,58,35.33,0,52.12,Basic,East,0.0
2026-03-31,35,35.41,1,46.15,Basic,North,0.0
2026-03-31,38,34.54,1,35.51,Basic,South,0.0
2026-03-31,55,88.4,0,44.77,Premium,North,0.0
2026-03-31,9,41.22,1,37.18,Basic,East,0.0
2026-03-31,58,100.33,1,56.86,Premium,North,0.0
2026-03-31,50,59.78,1,52.22,Standard,North,0.0
2026-03-31,31,63.5,1,50.23,Standard,South,0.0
2026-03-31,37,33.87,1,35.79,Basic,East,1.0
2026-03-31,9,59.22,0,51.87,Standard,North,0.0
2026-03-31,17,25.67,1,49.61,Basic,South,0.0
2026-03-31,20,61.65,1,52.8,Standard,West,0.0
2026-03-31,63,33.22,4,36.68,Basic,East,0.0
2026-03-31,11,27.79,2,28.66,Basic,West,0.0
2026-03-31,23,65.88,1,35.42,Standard,South,0.0
2026-03-31,12,40.81,3,30.19,Basic,West,0.0
2026-03-31,23,39.21,0,39.57,Basic,North,0.0
2026-03-31,4,94.37,1,56.2,Premium,East,0.0
2026-03-31,22,25.8,1,22.85,Basic,South,0.0
2026-03-31,53,38.58,1,31.96,Basic,North,0.0
2026-03-31,56,35.73,3,39.43,Basic,West,0.0
2026-03-31,29,37.12,0,28.0,Basic,East,0.0
2026-03-31,52,74.68,0,48.34,Standard,North,0.0
2026-03-31,46,30.88,2,33.93,Basic,North,0.0
2026-03-31,65,50.63,3,36.77,Standard,East,0.0
2026-03-31,58,59.73,1,44.53,Standard,East,0.0
2026-03-31,19,37.43,0,40.92,Basic,North,0.0
2026-03-31,44,95.13,3,42.51,Premium,West,0.0
2026-03-31,57,88.92,0,48.57,Premium,East,0.0
2026-03-31,24,27.9,2,41.68,Basic,South,0.0
2026-03-31,42,33.23,0,29.38,Basic,North,0.0
2026-03-31,31,28.77,2,20.42,Basic,South,1.0
2026-03-31,24,37.6,2,21.63,Basic,South,0.0
2026-03-31,17,62.94,2,39.82,Standard,North,0.0
2026-03-31,6,61.86,2,30.82,Standard,South,0.0
2026-03-31,54,61.21,0,40.52,Standard,North,0.0
2026-03-31,59,36.32,1,53.65,Basic,North,0.0
2026-03-31,48,35.21,0,23.21,Basic,North,0.0
2026-03-31,20,96.01,1,48.17,Premium,South,0.0
2026-03-31,5,95.9,3,72.32,Premium,South,0.0
2026-03-31,46,34.64,2,41.08,Basic,South,0.0
2026-03-31,17,59.83,2,40.32,Standard,East,0.0
2026-03-31,41,61.35,1,42.43,Standard,East,0.0
2026-03-31,69,63.03,0,48.29,Standard,North,0.0
2026-03-31,4,75.33,0,60.96,Standard,West,0.0
2026-03-31,43,88.26,0,45.69,Premium,East,0.0
2026-03-31,71,32.91,2,29.42,Basic,South,0.0
2026-03-31,26,35.49,2,23.21,Basic,North,0.0
2026-03-31,59,93.48,0,52.03,Premium,West,0.0
2026-03-31,60,40.37,3,22.94,Basic,East,0.0
2026-03-31,37,33.46,3,32.36,Basic,South,0.0
2026-03-31,24,63.83,3,34.91,Standard,North,0.0
2026-03-31,50,69.07,1,54.74,Standard,North,0.0
2026-03-31,46,74.05,1,38.92,Standard,South,0.0
2026-03-31,36,72.04,1,47.97,Standard,North,0.0
2026-03-31,17,64.32,2,27.96,Standard,North,0.0
2026-03-31,54,34.75,1,38.32,Basic,South,0.0
2026-03-31,18,65.23,3,31.97,Standard,North,0.0
2026-03-31,13,65.73,0,39.74,Standard,South,0.0
2026-03-31,8,90.76,1,73.11,Premium,West,0.0
2026-03-31,34,39.68,0,46.32,Basic,West,0.0
2026-03-31,12,36.03,2,35.72,Basic,North,0.0
2026-03-31,26,64.78,1,75.99,Standard,East,1.0
2026-03-31,20,28.64,0,27.85,Basic,West,0.0
2026-03-31,35,35.31,0,48.65,Basic,East,0.0
2026-03-31,56,85.53,0,35.67,Premium,South,0.0
2026-03-31,34,62.09,2,41.56,Standard,South,0.0
2026-03-31,41,32.18,0,23.52,Basic,North,0.0
2026-03-31,13,36.43,1,39.57,Basic,South,0.0
2026-03-31,11,44.4,2,37.56,Basic,West,0.0
2026-03-31,70,67.86,2,40.92,Standard,East,0.0
2026-03-31,46,72.24,2,54.92,Standard,South,0.0
2026-03-31,5,38.23,0,31.33,Basic,North,0.0
2026-03-31,42,40.63,3,40.27,Basic,West,0.0
2026-03-31,4,44.29,2,45.21,Basic,North,1.0
2026-03-31,9,31.34,2,22.17,Basic,East,0.0
2026-03-31,29,31.01,1,29.52,Basic,South,0.0
2026-03-31,48,68.34,1,44.54,Standard,South,0.0
2026-03-31,46,34.98,0,43.3,Basic,North,0.0
2026-03-31,57,36.1,0,51.21,Basic,South,0.0
2026-03-31,16,63.76,3,41.84,Standard,East,0.0
2026-03-31,17,62.02,1,40.84,Standard,South,0.0
2026-03-31,40,43.1,0,28.27,Basic,North,1.0
2026-03-31,63,29.5,1,40.3,Basic,South,0.0
2026-03-31,53,38.43,2,34.03,Basic,North,0.0
2026-03-31,49,37.62,0,34.26,Basic,South,0.0
2026-03-31,10,57.1,1,43.06,Standard,West,0.0
2026-03-31,63,30.85,0,42.52,Basic,West,0.0
2026-03-31,70,61.69,1,38.36,Standard,West,0.0
2026-03-31,43,67.82,1,36.28,Standard,North,0.0
2026-03-31,26,33.16,0,41.32,Basic,South,0.0
2026-03-31,49,34.57,2,6.74,Basic,North,0.0
2026-03-31,47,27.71,0,30.96,Basic,South,0.0
2026-03-31,67,46.63,1,25.49,Basic,East,0.0
2026-03-31,11,65.36,1,56.03,Standard,West,0.0
2026-03-31,39,37.5,1,32.59,Basic,South,0.0
2026-03-31,52,92.3,3,45.39,Premium,North,0.0
2026-03-31,27,61.74,2,43.51,Standard,South,0.0
2026-03-31,61,74.56,1,38.05,Standard,South,0.0
2026-03-31,8,55.42,1,39.97,Standard,East,1.0
2026-03-31,11,66.39,0,44.97,Standard,North,0.0
2026-03-31,57,88.94,0,46.78,Premium,East,0.0
2026-03-31,12,92.97,3,46.71,Premium,South,0.0
2026-03-31,32,31.81,1,26.9,Basic,East,0.0
2026-03-31,23,30.07,1,25.46,Basic,West,0.0
2026-03-31,50,35.18,1,37.61,Basic,North,0.0
2026-03-31,4,22.16,2,40.07,Basic,West,0.0
2026-03-31,28,63.42,1,29.72,Standard,North,0.0
2026-03-31,71,34.55,1,44.6,Basic,West,0.0
2026-03-31,29,58.2,0,51.64,Standard,South,0.0
2026-03-31,44,72.57,1,53.75,Standard,East,0.0
2026-03-31,71,32.03,0,40.0,Basic,West,0.0
2026-03-31,45,63.81,3,50.37,Standard,East,0.0
2026-03-31,55,32.04,0,58.85,Basic,South,0.0
2026-03-31,69,64.59,1,40.98,Standard,West,0.0
2026-03-31,45,71.54,0,33.54,Standard,South,0.0
2026-03-31,60,47.37,2,21.66,Basic,East,0.0
2026-03-31,38,68.73,2,61.56,Standard,East,0.0
2026-03-31,59,40.44,1,54.69,Basic,South,0.0
2026-03-31,47,73.58,0,34.75,Standard,North,0.0
2026-03-31,27,66.24,2,36.73,Standard,South,1.0
2026-03-31,41,42.85,2,33.76,Basic,West,0.0
2026-03-31,26,68.96,2,56.24,Standard,East,0.0
2026-03-31,31,95.72,3,38.13,Premium,East,0.0
2026-03-31,23,66.75,0,24.33,Standard,South,0.0
2026-03-31,37,55.89,0,65.68,Standard,East,0.0
2026-03-31,27,66.46,3,47.12,Standard,South,0.0
2026-03-31,46,27.28,0,41.54,Basic,North,0.0
2026-03-31,29,56.87,0,41.95,Standard,North,0.0
2026-03-31,37,95.96,3,55.66,Premium,South,0.0
2026-03-31,13,29.43,2,21.86,Basic,East,0.0
2026-03-31,30,34.96,0,28.59,Basic,South,0.0
2026-03-31,28,35.69,4,38.05,Basic,North,0.0
2026-03-31,69,35.92,0,14.29,Basic,South,0.0
2026-03-31,34,30.48,2,33.97,Basic,South,0.0
2026-03-31,5,39.49,2,33.36,Basic,East,0.0
2026-03-31,25,64.55,2,40.97,Standard,South,0.0
2026-03-31,53,37.21,1,31.49,Basic,South,0.0
2026-03-31,15,29.02,0,27.04,Basic,North,0.0
2026-03-31,15,64.11,1,25.78,Standard,East,0.0
2026-03-31,29,40.49,4,38.45,Basic,West,0.0
2026-03-31,28,69.85,0,41.0,Standard,East,0.0
2026-03-31,36,61.01,1,30.25,Standard,South,0.0
2026-03-31,6,92.27,2,51.63,Premium,South,0.0
2026-03-31,53,60.06,3,41.05,Standard,South,0.0
2026-03-31,18,31.72,1,32.39,Basic,North,0.0
2026-03-31,52,28.0,2,15.43,Basic,North,0.0
2026-03-31,42,94.31,0,57.83,Premium,West,0.0
2026-03-31,17,68.17,2,31.67,Standard,West,0.0
2026-03-31,35,61.07,2,44.63,Standard,West,0.0
2026-03-31,6,64.55,1,35.92,Standard,East,0.0
2026-03-31,51,33.9,0,33.11,Basic,West,0.0
2026-03-31,24,70.28,1,55.52,Standard,South,0.0
2026-03-31,30,61.94,2,49.32,Standard,South,0.0
2026-03-31,14,92.12,1,62.3,Premium,North,0.0
2026-03-31,28,30.77,3,40.3,Basic,North,0.0
2026-03-31,30,59.31,0,47.96,Standard,East,0.0
2026-03-31,19,37.65,0,19.19,Basic,North,0.0
2026-03-31,70,94.32,1,47.82,Premium,West,0.0
2026-03-31,23,35.27,1,34.75,Basic,West,0.0
2026-03-31,16,71.37,2,56.24,Standard,South,0.0
2026-03-31,41,41.66,1,31.94,Basic,East,0.0
2026-03-31,25,56.77,1,46.65,Standard,North,0.0
2026-03-31,34,68.24,2,46.26,Standard,South,0.0
2026-03-31,53,36.13,2,48.58,Basic,North,0.0
2026-03-31,9,92.69,1,49.66,Premium,North,0.0
2026-03-31,38,96.64,5,59.28,Premium,North,0.0
2026-03-31,5,86.37,0,33.95,Premium,West,0.0
2026-03-31,6,42.31,3,20.86,Basic,East,0.0
2026-03-31,10,67.57,0,21.17,Standard,West,0.0
2026-03-31,14,60.67,0,51.86,Standard,West,0.0
2026-03-31,27,62.07,1,50.74,Standard,West,0.0
2026-03-31,67,56.48,2,52.97,Standard,West,0.0
2026-03-31,65,63.43,3,37.23,Standard,North,0.0
2026-03-31,11,32.59,2,31.36,Basic,West,0.0
2026-03-31,71,28.37,2,35.79,Basic,East,0.0
2026-03-31,47,38.88,0,51.44,Basic,North,0.0
2026-03-31,41,41.38,2,53.94,Basic,North,0.0
2026-03-31,57,34.86,0,44.94,Basic,West,0.0
2026-03-31,36,33.47,3,40.31,Basic,West,0.0
2026-03-31,22,67.17,3,57.35,Standard,South,0.0
2026-03-31,40,64.9,4,41.44,Standard,North,0.0
2026-03-31,53,29.59,0,33.09,Basic,South,0.0
2026-03-31,50,61.74,2,42.71,Standard,North,0.0
2026-03-31,15,93.52,0,41.21,Premium,East,0.0
2026-03-31,67,96.24,2,49.25,Premium,South,0.0
2026-03-31,23,95.05,0,39.83,Premium,North,0.0
2026-03-31,59,96.05,1,61.25,Premium,West,0.0
2026-03-31,25,57.38,3,49.44,Standard,West,0.0
2026-03-31,8,98.33,0,65.3,Premium,West,0.0
2026-03-31,71,95.02,3,34.71,Premium,West,0.0
2026-03-31,44,47.76,1,56.02,Basic,North,0.0
2026-03-31,18,93.06,0,35.28,Premium,West,0.0
2026-03-31,4,66.62,0,32.02,Standard,West,0.0
2026-03-31,12,79.15,0,37.79,Standard,West,0.0
2026-03-31,15,95.97,0,64.08,Premium,South,0.0
2026-03-31,66,34.66,1,39.26,Basic,South,0.0
2026-03-31,16,30.07,3,34.56,Basic,West,0.0
2026-03-31,15,72.64,1,36.07,Standard,North,0.0
2026-03-31,60,59.2,1,30.24,Standard,East,0.0
2026-03-31,63,97.14,4,62.33,Premium,West,0.0
2026-03-31,18,92.63,5,58.99,Premium,West,0.0
2026-03-31,48,64.05,0,57.52,Standard,East,0.0
2026-03-31,40,87.88,0,54.97,Premium,West,0.0
2026-03-31,43,41.72,1,10.58,Basic,West,0.0
2026-03-31,25,93.61,1,38.55,Premium,West,0.0
2026-03-31,55,28.92,4,41.65,Basic,North,1.0
2026-03-31,63,71.26,1,40.3,Standard,North,0.0
2026-03-31,53,32.48,2,31.41,Basic,South,1.0
2026-03-31,65,66.67,3,32.97,Standard,South,0.0
2026-03-31,11,39.21,1,46.48,Basic,South,0.0
2026-03-31,48,37.37,1,41.56,Basic,North,0.0
2026-03-31,71,54.02,2,49.01,Standard,East,0.0
2026-03-31,40,68.48,1,37.66,Standard,North,0.0
2026-03-31,68,34.5,0,38.76,Basic,West,0.0
2026-03-31,27,63.35,0,30.62,Standard,East,0.0
2026-03-31,64,34.45,0,35.7,Basic,West,0.0
2026-03-31,67,26.95,5,11.72,Basic,North,0.0
2026-03-31,46,35.96,1,21.32,Basic,South,1.0
2026-03-31,51,58.18,2,40.78,Standard,West,0.0
2026-03-31,39,63.57,1,67.75,Standard,South,0.0
2026-03-31,25,65.78,1,25.99,Standard,East,0.0
2026-03-31,40,100.37,2,38.56,Premium,North,0.0
2026-03-31,69,60.9,0,46.17,Standard,West,0.0
2026-03-31,5,72.26,3,61.69,Standard,South,1.0
2026-03-31,17,99.73,2,53.02,Premium,West,0.0
2026-03-31,37,32.85,0,44.02,Basic,South,0.0
2026-03-31,27,29.46,0,33.62,Basic,North,0.0
2026-03-31,46,27.78,1,31.89,Basic,East,0.0
2026-03-31,28,66.36,2,44.82,Standard,South,0.0
2026-03-31,48,61.31,3,37.42,Standard,South,0.0
2026-03-31,11,41.0,1,44.24,Basic,West,0.0
2026-03-31,26,91.6,2,34.94,Premium,South,0.0
2026-03-31,51,90.5,0,59.9,Premium,South,0.0
2026-03-31,36,36.17,2,37.39,Basic,East,0.0
2026-03-31,52,31.57,0,34.85,Basic,North,0.0
2026-03-31,47,35.04,0,20.57,Basic,West,0.0
2026-03-31,26,39.93,1,27.2,Basic,North,0.0
2026-03-31,33,95.59,0,62.99,Premium,North,0.0
2026-03-31,69,65.6,1,41.91,Standard,North,0.0
2026-03-31,69,36.03,2,39.78,Basic,South,0.0
2026-03-31,6,56.53,1,35.2,Standard,East,0.0
2026-03-31,51,36.96,0,36.71,Basic,East,0.0
2026-03-31,37,35.8,0,23.28,Basic,West,0.0
2026-03-31,4,39.46,3,38.0,Basic,West,1.0
2026-03-31,47,68.03,0,47.71,Standard,South,0.0
2026-03-31,5,63.99,0,47.21,Standard,West,0.0
2026-03-31,25,100.16,4,41.96,Premium,North,0.0
2026-03-31,50,33.54,1,33.58,Basic,North,1.0
2026-03-31,59,66.24,0,49.37,Standard,South,0.0
2026-03-31,32,33.44,2,34.89,Basic,East,0.0
2026-03-31,58,37.31,0,34.13,Basic,North,0.0
2026-03-31,61,93.12,1,70.03,Premium,West,0.0
2026-03-31,34,73.24,1,34.49,Standard,South,0.0
2026-03-31,15,45.09,1,47.8,Basic,South,1.0
2026-03-31,48,69.37,0,32.45,Standard,East,0.0
2026-03-31,4,72.71,2,50.55,Standard,South,0.0
2026-03-31,64,87.3,0,58.08,Premium,South,0.0
2026-03-31,30,57.89,1,38.9,Standard,West,0.0
2026-03-31,55,33.39,0,24.83,Basic,South,0.0
2026-03-31,54,65.21,2,24.3,Standard,North,0.0
2026-03-31,36,34.01,2,30.85,Basic,East,0.0
2026-03-31,70,26.79,0,42.26,Basic,East,0.0
2026-03-31,58,70.76,1,33.22,Standard,North,0.0
2026-03-31,64,75.77,2,44.97,Standard,West,0.0
2026-03-31,10,41.4,1,22.24,Basic,South,0.0
2026-03-31,36,70.43,1,41.66,Standard,North,0.0
2026-03-31,68,66.13,1,32.53,Standard,North,0.0
2026-03-31,59,60.79,0,43.22,Standard,East,0.0
2026-03-31,34,35.36,0,31.99,Basic,North,0.0
2026-03-31,8,45.53,1,25.1,Basic,South,0.0
2026-03-31,23,33.24,0,30.41,Basic,East,0.0
2026-03-31,42,32.73,3,27.66,Basic,West,0.0
2026-03-31,47,40.54,1,23.86,Basic,South,0.0
2026-03-31,66,40.87,2,47.83,Basic,West,0.0
2026-03-31,10,30.76,2,33.4,Basic,South,0.0
2026-03-31,30,33.69,1,14.98,Basic,West,0.0
2026-03-31,22,92.49,2,44.77,Premium,South,0.0
2026-03-31,69,65.35,2,53.15,Standard,North,0.0
2026-03-31,15,40.52,1,29.39,Basic,East,0.0
2026-03-31,19,90.98,1,65.98,Premium,West,0.0
2026-03-31,24,40.45,0,28.43,Basic,West,0.0
2026-03-31,11,35.51,1,42.03,Basic,West,0.0
2026-03-31,47,106.63,0,61.37,Premium,North,0.0
2026-03-31,39,66.59,0,48.5,Standard,East,0.0
2026-03-31,41,34.52,2,23.26,Basic,East,0.0
2026-03-31,65,37.87,0,27.58,Basic,East,0.0
2026-03-31,33,63.31,1,55.7,Standard,North,0.0
2026-03-31,25,56.02,2,35.95,Standard,North,0.0
2026-03-31,29,33.8,1,46.76,Basic,East,0.0
2026-03-31,58,63.72,1,39.7,Standard,West,0.0
2026-03-31,39,27.04,4,38.41,Basic,North,0.0
2026-03-31,15,64.63,2,30.14,Standard,North,0.0
2026-03-31,50,24.66,0,30.92,Basic,South,0.0
2026-03-31,54,93.26,0,42.25,Premium,South,0.0
2026-03-31,20,66.22,0,46.26,Standard,West,0.0
2026-03-31,41,35.48,2,37.93,Basic,West,0.0
2026-03-31,42,62.94,1,48.63,Standard,East,0.0
2026-03-31,15,34.57,1,32.09,Basic,West,0.0
2026-03-31,4,31.08,0,27.7,Basic,North,0.0
2026-03-31,52,65.05,0,45.83,Standard,West,0.0
2026-03-31,45,65.29,0,33.7,Standard,South,0.0
2026-03-31,52,60.5,1,54.78,Standard,South,0.0
2026-03-31,29,96.34,0,49.85,Premium,North,0.0
2026-03-31,39,36.31,0,33.74,Basic,North,0.0
2026-03-31,70,34.17,1,41.62,Basic,North,0.0
2026-03-31,19,77.11,3,43.24,Standard,South,0.0
2026-03-31,48,34.3,4,20.42,Basic,North,0.0
2026-03-31,12,33.6,2,26.39,Basic,North,1.0
2026-03-31,8,92.89,2,61.58,Premium,East,0.0
2026-03-31,69,90.15,1,51.84,Premium,West,0.0
2026-03-31,12,98.43,0,34.18,Premium,North,0.0
2026-03-31,48,31.57,3,40.52,Basic,East,0.0
2026-03-31,38,32.16,1,31.41,Basic,West,1.0
2026-03-31,59,62.31,2,35.26,Standard,South,0.0
2026-03-31,41,90.08,0,39.55,Premium,North,0.0
2026-03-31,51,26.24,2,47.0,Basic,North,0.0
2026-03-31,64,32.69,3,17.35,Basic,West,1.0
2026-03-31,60,39.37,4,28.62,Basic,South,0.0
2026-03-31,53,65.98,1,45.2,Standard,North,0.0
2026-03-31,15,72.8,2,59.78,Standard,West,0.0
2026-03-31,15,68.75,5,49.54,Standard,West,0.0
2026-03-31,37,37.62,1,28.54,Basic,East,0.0
2026-03-31,48,74.41,0,59.29,Standard,North,0.0
2026-03-31,49,64.51,3,30.45,Standard,North,0.0
2026-03-31,57,35.32,2,39.65,Basic,North,0.0
2026-03-31,11,34.94,1,41.88,Basic,North,0.0
2026-03-31,15,72.72,2,35.19,Standard,East,0.0
2026-03-31,14,35.01,1,43.98,Basic,South,0.0
2026-03-31,40,91.76,1,45.86,Premium,West,0.0
2026-03-31,47,67.94,1,50.95,Standard,North,0.0
2026-03-31,11,30.92,1,18.6,Basic,East,0.0
2026-03-31,63,67.67,0,47.35,Standard,West,0.0
2026-03-31,24,67.07,0,39.88,Standard,North,0.0
2026-03-31,48,34.05,1,48.5,Basic,East,0.0
2026-03-31,55,67.83,0,43.56,Standard,East,0.0
2026-03-31,6,27.56,1,49.49,Basic,North,0.0
2026-03-31,62,35.81,3,42.08,Basic,South,0.0
2026-03-31,69,62.69,0,42.72,Standard,West,0.0
2026-03-31,69,79.31,2,51.88,Standard,West,0.0
2026-03-31,13,35.78,3,44.94,Basic,South,0.0
2026-03-31,30,32.02,0,41.72,Basic,North,0.0
2026-03-31,19,58.11,3,21.08,Standard,North,0.0
2026-03-31,34,41.53,2,27.17,Basic,West,0.0
2026-03-31,70,93.25,3,64.84,Premium,East,0.0
2026-03-31,55,61.04,2,31.44,Standard,South,1.0
2026-03-31,56,96.68,1,59.82,Premium,North,0.0
2026-03-31,32,38.25,0,44.06,Basic,West,0.0
2026-03-31,67,98.17,5,43.74,Premium,South,1.0
2026-03-31,66,35.1,1,17.05,Basic,East,1.0
2026-03-31,58,35.8,3,31.31,Basic,West,0.0
2026-03-31,59,36.16,0,57.78,Basic,East,0.0
2026-03-31,48,36.68,4,28.37,Basic,West,1.0
2026-03-31,10,97.12,1,43.06,Premium,East,0.0
2026-03-31,23,70.47,2,34.02,Standard,South,0.0
2026-03-31,56,65.28,1,56.15,Standard,West,0.0
2026-03-31,26,60.92,3,41.57,Standard,East,0.0
2026-03-31,15,64.28,1,37.74,Standard,West,0.0
2026-03-31,68,68.77,0,58.13,Standard,North,0.0
2026-03-31,37,86.07,1,56.79,Premium,East,0.0
2026-03-31,62,56.1,1,34.81,Standard,East,0.0
2026-03-31,23,69.59,1,31.76,Standard,North,0.0
2026-03-31,28,42.6,2,48.58,Basic,South,0.0
2026-03-31,27,88.67,1,51.17,Premium,West,0.0
2026-03-31,29,35.5,0,21.51,Basic,East,0.0
2026-03-31,33,33.0,0,19.17,Basic,West,1.0
2026-03-31,24,93.7,0,39.84,Premium,North,0.0
2026-03-31,59,36.53,1,24.61,Basic,North,0.0
2026-03-31,26,28.54,1,16.54,Basic,West,0.0
2026-03-31,34,29.46,2,26.0,Basic,South,0.0
2026-03-31,62,63.49,1,34.81,Standard,West,0.0
2026-03-31,33,94.27,1,46.37,Premium,West,0.0
2026-03-31,4,89.37,0,67.93,Premium,South,0.0
2026-03-31,4,68.95,1,41.33,Standard,West,0.0
2026-03-31,33,92.91,3,49.32,Premium,West,0.0
2026-03-31,48,62.89,1,49.09,Standard,North,0.0
2026-03-31,68,96.41,4,48.63,Premium,North,0.0
2026-03-31,12,34.36,1,41.0,Basic,North,0.0
2026-03-31,40,69.19,1,46.81,Standard,East,0.0
2026-03-31,23,30.33,0,38.23,Basic,North,0.0
2026-03-31,34,28.01,1,64.66,Basic,South,0.0
2026-03-31,34,63.45,1,53.11,Standard,South,0.0
2026-03-31,25,35.3,2,26.18,Basic,North,0.0
2026-03-31,5,58.8,3,47.7,Standard,South,0.0
2026-03-31,9,58.06,2,36.08,Standard,East,1.0
2026-03-31,39,35.91,1,41.46,Basic,West,0.0
2026-03-31,19,61.21,1,30.25,Standard,South,0.0
2026-03-31,26,57.74,2,32.92,Standard,East,0.0
2026-03-31,10,99.83,0,54.44,Premium,East,0.0
2026-03-31,7,31.84,1,46.98,Basic,South,0.0
2026-03-31,12,100.75,2,56.03,Premium,East,0.0
2026-03-31,29,95.14,1,59.54,Premium,West,0.0
2026-03-31,15,66.47,2,47.74,Standard,North,0.0
2026-03-31,19,33.94,0,38.72,Basic,East,0.0
2026-03-31,24,51.72,0,38.96,Standard,North,0.0
2026-03-31,23,89.32,1,59.13,Premium,West,0.0
2026-03-31,4,34.37,1,47.25,Basic,East,0.0
2026-03-31,11,96.82,5,50.37,Premium,North,0.0
2026-03-31,68,86.05,0,49.83,Premium,East,0.0
2026-03-31,49,64.73,1,59.91,Standard,South,0.0
2026-03-31,12,59.39,1,43.8,Standard,North,0.0
2026-03-31,23,66.17,0,44.76,Standard,West,0.0
2026-03-31,30,64.9,1,48.84,Standard,South,0.0
2026-03-31,65,98.72,0,50.02,Premium,North,0.0
2026-03-31,63,40.33,0,28.8,Basic,East,0.0
2026-03-31,56,37.29,1,40.78,Basic,South,0.0
2026-03-31,11,39.3,0,36.61,Basic,East,0.0
2026-03-31,37,93.25,0,69.42,Premium,North,0.0
2026-03-31,36,49.12,1,44.88,Basic,West,0.0
2026-03-31,47,88.91,0,45.05,Premium,South,0.0
2026-03-31,61,62.36,2,51.29,Standard,South,0.0
2026-03-31,25,39.51,0,40.08,Basic,West,0.0
2026-03-31,41,98.76,0,64.09,Premium,East,0.0
2026-03-31,21,67.44,1,38.76,Standard,North,0.0
2026-03-31,18,38.38,3,38.89,Basic,East,0.0
2026-03-31,25,24.58,3,36.01,Basic,East,1.0
2026-03-31,54,42.95,4,37.58,Basic,South,1.0
2026-03-31,33,33.98,3,28.15,Basic,North,0.0
2026-03-31,50,41.23,1,42.76,Basic,North,0.0
2026-03-31,50,54.83,2,48.18,Standard,West,0.0
2026-03-31,28,36.28,2,49.85,Basic,North,0.0
2026-03-31,68,32.18,0,36.9,Basic,East,0.0
2026-03-31,7,37.86,1,32.88,Basic,West,0.0
2026-03-31,64,36.59,0,44.89,Basic,South,0.0
2026-03-31,4,96.83,3,43.06,Premium,North,1.0
2026-03-31,29,29.71,0,47.85,Basic,East,0.0
2026-03-31,60,34.72,0,47.83,Basic,East,0.0
2026-03-31,50,64.1,0,56.57,Standard,North,0.0
2026-03-31,25,97.48,0,54.77,Premium,East,0.0
2026-03-31,64,69.95,1,39.14,Standard,North,0.0
2026-03-31,13,95.75,1,52.09,Premium,South,0.0
2026-03-31,49,88.62,0,54.8,Premium,South,0.0
2026-03-31,39,65.54,0,38.4,Standard,West,0.0
2026-03-31,18,108.06,2,64.33,Premium,West,0.0
2026-03-31,66,43.23,0,42.8,Basic,East,0.0
2026-03-31,56,80.13,2,42.08,Premium,East,0.0
2026-03-31,4,95.32,0,69.83,Premium,North,0.0
2026-03-31,9,99.66,0,51.97,Premium,North,0.0
2026-03-31,7,64.09,0,33.06,Standard,West,0.0
2026-03-31,32,62.7,2,35.7,Standard,South,0.0
2026-03-31,32,33.67,2,51.88,Basic,East,0.0
2026-03-31,53,67.76,0,62.25,Standard,East,0.0
2026-03-31,49,29.26,1,47.09,Basic,South,0.0
2026-03-31,5,70.94,0,57.19,Standard,East,0.0
2026-03-31,36,64.72,1,56.17,Standard,East,1.0
2026-03-31,57,30.32,2,42.57,Basic,North,0.0
2026-03-31,65,40.62,1,40.29,Basic,East,0.0
2026-03-31,23,27.27,3,42.4,Basic,North,0.0
2026-03-31,6,62.22,2,51.36,Standard,South,0.0
2026-03-31,14,62.14,1,36.58,Standard,West,0.0
2026-03-31,27,75.72,1,51.32,Standard,West,0.0
2026-03-31,34,31.57,2,51.59,Basic,North,0.0
2026-03-31,27,84.23,1,48.94,Premium,East,0.0
2026-03-31,10,62.09,1,40.87,Standard,East,0.0
2026-03-31,27,37.28,1,41.77,Basic,East,0.0
2026-03-31,23,38.92,0,30.5,Basic,West,0.0
2026-03-31,37,76.38,1,30.83,Standard,North,0.0
2026-03-31,9,42.03,0,48.48,Basic,East,0.0
2026-03-31,57,35.94,1,32.49,Basic,South,0.0
2026-03-31,32,30.54,0,37.18,Basic,North,0.0
2026-03-31,25,43.12,3,30.9,Basic,South,0.0
2026-03-31,65,33.16,0,49.77,Basic,North,0.0
2026-03-31,54,31.71,0,45.53,Basic,East,0.0
2026-03-31,13,92.91,2,48.59,Premium,East,0.0
2026-03-31,13,58.74,1,32.2,Standard,East,1.0
2026-03-31,4,62.67,0,40.53,Standard,North,0.0
2026-03-31,42,63.83,1,49.7,Standard,West,0.0
2026-03-31,28,68.65,0,45.89,Standard,North,0.0
2026-03-31,29,33.06,1,38.09,Basic,South,0.0
2026-03-31,38,28.66,0,39.12,Basic,South,0.0
2026-03-31,40,26.98,1,44.59,Basic,East,0.0
2026-03-31,4,66.05,0,43.58,Standard,South,0.0
2026-03-31,11,65.36,1,48.5,Standard,West,0.0
2026-03-31,57,32.23,0,27.13,Basic,West,0.0
2026-03-31,68,62.66,1,69.54,Standard,West,0.0
2026-03-31,60,96.94,3,48.16,Premium,North,0.0
2026-03-31,65,41.95,1,39.04,Basic,West,0.0
2026-03-31,35,61.1,0,49.66,Standard,North,0.0
2026-03-31,60,65.44,1,39.89,Standard,West,0.0
2026-03-31,63,69.79,5,44.08,Standard,West,0.0
2026-03-31,64,61.12,5,43.96,Standard,North,0.0
2026-03-31,14,64.92,1,34.86,Standard,North,0.0
2026-03-31,13,34.81,0,41.39,Basic,East,0.0
2026-03-31,31,58.44,2,27.51,Standard,North,1.0
2026-03-31,38,95.84,0,68.53,Premium,West,0.0
2026-03-31,69,35.16,0,44.93,Basic,East,0.0
2026-03-31,25,97.78,0,57.39,Premium,East,0.0
2026-03-31,60,29.07,1,19.63,Basic,West,0.0
2026-03-31,64,65.05,1,36.07,Standard,North,0.0
2026-03-31,69,71.91,1,57.89,Standard,East,0.0
2026-03-31,16,75.39,2,85.51,Standard,West,0.0
2026-03-31,20,101.4,1,62.95,Premium,North,0.0
2026-03-31,18,29.11,0,47.37,Basic,North,0.0
2026-03-31,53,67.26,4,49.25,Standard,North,0.0
2026-03-31,50,62.58,1,35.53,Standard,South,0.0
